empleado_id,fecha,fase,grupo_fruta,bienestar
1,2025-03-03,baseline,Tratamiento,4
1,2025-03-04,baseline,Tratamiento,5
1,2025-03-05,baseline,Tratamiento,3
1,2025-03-06,baseline,Tratamiento,5
1,2025-03-07,baseline,Tratamiento,4
1,2025-03-10,baseline,Tratamiento,5
1,2025-03-11,baseline,Tratamiento,4
1,2025-03-12,baseline,Tratamiento,5
1,2025-03-13,baseline,Tratamiento,5
1,2025-03-14,baseline,Tratamiento,6
1,2025-03-17,baseline,Tratamiento,5
1,2025-03-18,baseline,Tratamiento,4
1,2025-03-19,baseline,Tratamiento,4
1,2025-03-20,baseline,Tratamiento,3
1,2025-03-21,baseline,Tratamiento,5
1,2025-03-24,baseline,Tratamiento,5
1,2025-03-25,baseline,Tratamiento,7
1,2025-03-26,baseline,Tratamiento,4
1,2025-03-27,baseline,Tratamiento,4
1,2025-03-28,baseline,Tratamiento,4
1,2025-03-31,intervencion,Tratamiento,5
1,2025-04-01,intervencion,Tratamiento,5
1,2025-04-02,intervencion,Tratamiento,5
1,2025-04-03,intervencion,Tratamiento,6
1,2025-04-04,intervencion,Tratamiento,4
1,2025-04-07,intervencion,Tratamiento,6
1,2025-04-08,intervencion,Tratamiento,5
1,2025-04-09,intervencion,Tratamiento,5
1,2025-04-10,intervencion,Tratamiento,5
1,2025-04-11,intervencion,Tratamiento,7
1,2025-04-14,intervencion,Tratamiento,4
1,2025-04-15,intervencion,Tratamiento,5
1,2025-04-16,intervencion,Tratamiento,4
1,2025-04-17,intervencion,Tratamiento,7
1,2025-04-18,intervencion,Tratamiento,6
1,2025-04-21,intervencion,Tratamiento,4
1,2025-04-22,intervencion,Tratamiento,5
1,2025-04-23,intervencion,Tratamiento,5
1,2025-04-24,intervencion,Tratamiento,4
1,2025-04-25,intervencion,Tratamiento,6
2,2025-03-03,baseline,Control,5
2,2025-03-04,baseline,Control,5
2,2025-03-05,baseline,Control,5
2,2025-03-06,baseline,Control,5
2,2025-03-07,baseline,Control,5
2,2025-03-10,baseline,Control,5
2,2025-03-11,baseline,Control,4
2,2025-03-12,baseline,Control,6
2,2025-03-13,baseline,Control,4
2,2025-03-14,baseline,Control,5
2,2025-03-17,baseline,Control,4
2,2025-03-18,baseline,Control,6
2,2025-03-19,baseline,Control,4
2,2025-03-20,baseline,Control,4
2,2025-03-21,baseline,Control,4
2,2025-03-24,baseline,Control,5
2,2025-03-25,baseline,Control,3
2,2025-03-26,baseline,Control,4
2,2025-03-27,baseline,Control,3
2,2025-03-28,baseline,Control,5
2,2025-03-31,intervencion,Control,4
2,2025-04-01,intervencion,Control,3
2,2025-04-02,intervencion,Control,6
2,2025-04-03,intervencion,Control,3
2,2025-04-04,intervencion,Control,5
2,2025-04-07,intervencion,Control,4
2,2025-04-08,intervencion,Control,6
2,2025-04-09,intervencion,Control,5
2,2025-04-10,intervencion,Control,4
2,2025-04-11,intervencion,Control,4
2,2025-04-14,intervencion,Control,5
2,2025-04-15,intervencion,Control,4
2,2025-04-16,intervencion,Control,4
2,2025-04-17,intervencion,Control,6
2,2025-04-18,intervencion,Control,4
2,2025-04-21,intervencion,Control,5
2,2025-04-22,intervencion,Control,5
2,2025-04-23,intervencion,Control,5
2,2025-04-24,intervencion,Control,4
2,2025-04-25,intervencion,Control,4
3,2025-03-03,baseline,Tratamiento,3
3,2025-03-04,baseline,Tratamiento,4
3,2025-03-05,baseline,Tratamiento,5
3,2025-03-06,baseline,Tratamiento,4
3,2025-03-07,baseline,Tratamiento,5
3,2025-03-10,baseline,Tratamiento,6
3,2025-03-11,baseline,Tratamiento,4
3,2025-03-12,baseline,Tratamiento,4
3,2025-03-13,baseline,Tratamiento,5
3,2025-03-14,baseline,Tratamiento,4
3,2025-03-17,baseline,Tratamiento,6
3,2025-03-18,baseline,Tratamiento,5
3,2025-03-19,baseline,Tratamiento,5
3,2025-03-20,baseline,Tratamiento,6
3,2025-03-21,baseline,Tratamiento,3
3,2025-03-24,baseline,Tratamiento,5
3,2025-03-25,baseline,Tratamiento,5
3,2025-03-26,baseline,Tratamiento,4
3,2025-03-27,baseline,Tratamiento,5
3,2025-03-28,baseline,Tratamiento,4
3,2025-03-31,intervencion,Tratamiento,6
3,2025-04-01,intervencion,Tratamiento,6
3,2025-04-02,intervencion,Tratamiento,5
3,2025-04-03,intervencion,Tratamiento,3
3,2025-04-04,intervencion,Tratamiento,4
3,2025-04-07,intervencion,Tratamiento,5
3,2025-04-08,intervencion,Tratamiento,5
3,2025-04-09,intervencion,Tratamiento,3
3,2025-04-10,intervencion,Tratamiento,6
3,2025-04-11,intervencion,Tratamiento,5
3,2025-04-14,intervencion,Tratamiento,4
3,2025-04-15,intervencion,Tratamiento,6
3,2025-04-16,intervencion,Tratamiento,4
3,2025-04-17,intervencion,Tratamiento,4
3,2025-04-18,intervencion,Tratamiento,5
3,2025-04-21,intervencion,Tratamiento,7
3,2025-04-22,intervencion,Tratamiento,6
3,2025-04-23,intervencion,Tratamiento,5
3,2025-04-24,intervencion,Tratamiento,5
3,2025-04-25,intervencion,Tratamiento,6
4,2025-03-03,baseline,Tratamiento,3
4,2025-03-04,baseline,Tratamiento,5
4,2025-03-05,baseline,Tratamiento,4
4,2025-03-06,baseline,Tratamiento,5
4,2025-03-07,baseline,Tratamiento,4
4,2025-03-10,baseline,Tratamiento,5
4,2025-03-11,baseline,Tratamiento,5
4,2025-03-12,baseline,Tratamiento,2
4,2025-03-13,baseline,Tratamiento,5
4,2025-03-14,baseline,Tratamiento,5
4,2025-03-17,baseline,Tratamiento,5
4,2025-03-18,baseline,Tratamiento,5
4,2025-03-19,baseline,Tratamiento,6
4,2025-03-20,baseline,Tratamiento,5
4,2025-03-21,baseline,Tratamiento,5
4,2025-03-24,baseline,Tratamiento,6
4,2025-03-25,baseline,Tratamiento,5
4,2025-03-26,baseline,Tratamiento,4
4,2025-03-27,baseline,Tratamiento,2
4,2025-03-28,baseline,Tratamiento,4
4,2025-03-31,intervencion,Tratamiento,6
4,2025-04-01,intervencion,Tratamiento,5
4,2025-04-02,intervencion,Tratamiento,6
4,2025-04-03,intervencion,Tratamiento,5
4,2025-04-04,intervencion,Tratamiento,6
4,2025-04-07,intervencion,Tratamiento,5
4,2025-04-08,intervencion,Tratamiento,5
4,2025-04-09,intervencion,Tratamiento,5
4,2025-04-10,intervencion,Tratamiento,6
4,2025-04-11,intervencion,Tratamiento,3
4,2025-04-14,intervencion,Tratamiento,5
4,2025-04-15,intervencion,Tratamiento,6
4,2025-04-16,intervencion,Tratamiento,6
4,2025-04-17,intervencion,Tratamiento,5
4,2025-04-18,intervencion,Tratamiento,5
4,2025-04-21,intervencion,Tratamiento,6
4,2025-04-22,intervencion,Tratamiento,6
4,2025-04-23,intervencion,Tratamiento,5
4,2025-04-24,intervencion,Tratamiento,5
4,2025-04-25,intervencion,Tratamiento,6
5,2025-03-03,baseline,Tratamiento,6
5,2025-03-04,baseline,Tratamiento,5
5,2025-03-05,baseline,Tratamiento,5
5,2025-03-06,baseline,Tratamiento,5
5,2025-03-07,baseline,Tratamiento,5
5,2025-03-10,baseline,Tratamiento,4
5,2025-03-11,baseline,Tratamiento,5
5,2025-03-12,baseline,Tratamiento,4
5,2025-03-13,baseline,Tratamiento,6
5,2025-03-14,baseline,Tratamiento,4
5,2025-03-17,baseline,Tratamiento,4
5,2025-03-18,baseline,Tratamiento,5
5,2025-03-19,baseline,Tratamiento,6
5,2025-03-20,baseline,Tratamiento,4
5,2025-03-21,baseline,Tratamiento,4
5,2025-03-24,baseline,Tratamiento,4
5,2025-03-25,baseline,Tratamiento,6
5,2025-03-26,baseline,Tratamiento,2
5,2025-03-27,baseline,Tratamiento,4
5,2025-03-28,baseline,Tratamiento,7
5,2025-03-31,intervencion,Tratamiento,5
5,2025-04-01,intervencion,Tratamiento,4
5,2025-04-02,intervencion,Tratamiento,5
5,2025-04-03,intervencion,Tratamiento,5
5,2025-04-04,intervencion,Tratamiento,6
5,2025-04-07,intervencion,Tratamiento,7
5,2025-04-08,intervencion,Tratamiento,5
5,2025-04-09,intervencion,Tratamiento,4
5,2025-04-10,intervencion,Tratamiento,6
5,2025-04-11,intervencion,Tratamiento,4
5,2025-04-14,intervencion,Tratamiento,4
5,2025-04-15,intervencion,Tratamiento,3
5,2025-04-16,intervencion,Tratamiento,4
5,2025-04-17,intervencion,Tratamiento,4
5,2025-04-18,intervencion,Tratamiento,4
5,2025-04-21,intervencion,Tratamiento,5
5,2025-04-22,intervencion,Tratamiento,4
5,2025-04-23,intervencion,Tratamiento,2
5,2025-04-24,intervencion,Tratamiento,4
5,2025-04-25,intervencion,Tratamiento,5
6,2025-03-03,baseline,Control,4
6,2025-03-04,baseline,Control,6
6,2025-03-05,baseline,Control,4
6,2025-03-06,baseline,Control,5
6,2025-03-07,baseline,Control,5
6,2025-03-10,baseline,Control,5
6,2025-03-11,baseline,Control,4
6,2025-03-12,baseline,Control,5
6,2025-03-13,baseline,Control,4
6,2025-03-14,baseline,Control,5
6,2025-03-17,baseline,Control,4
6,2025-03-18,baseline,Control,4
6,2025-03-19,baseline,Control,5
6,2025-03-20,baseline,Control,5
6,2025-03-21,baseline,Control,4
6,2025-03-24,baseline,Control,5
6,2025-03-25,baseline,Control,5
6,2025-03-26,baseline,Control,4
6,2025-03-27,baseline,Control,5
6,2025-03-28,baseline,Control,4
6,2025-03-31,intervencion,Control,4
6,2025-04-01,intervencion,Control,3
6,2025-04-02,intervencion,Control,4
6,2025-04-03,intervencion,Control,5
6,2025-04-04,intervencion,Control,4
6,2025-04-07,intervencion,Control,7
6,2025-04-08,intervencion,Control,5
6,2025-04-09,intervencion,Control,6
6,2025-04-10,intervencion,Control,5
6,2025-04-11,intervencion,Control,6
6,2025-04-14,intervencion,Control,4
6,2025-04-15,intervencion,Control,2
6,2025-04-16,intervencion,Control,4
6,2025-04-17,intervencion,Control,5
6,2025-04-18,intervencion,Control,5
6,2025-04-21,intervencion,Control,5
6,2025-04-22,intervencion,Control,6
6,2025-04-23,intervencion,Control,5
6,2025-04-24,intervencion,Control,5
6,2025-04-25,intervencion,Control,4
7,2025-03-03,baseline,Tratamiento,4
7,2025-03-04,baseline,Tratamiento,6
7,2025-03-05,baseline,Tratamiento,5
7,2025-03-06,baseline,Tratamiento,4
7,2025-03-07,baseline,Tratamiento,4
7,2025-03-10,baseline,Tratamiento,4
7,2025-03-11,baseline,Tratamiento,4
7,2025-03-12,baseline,Tratamiento,3
7,2025-03-13,baseline,Tratamiento,3
7,2025-03-14,baseline,Tratamiento,4
7,2025-03-17,baseline,Tratamiento,4
7,2025-03-18,baseline,Tratamiento,6
7,2025-03-19,baseline,Tratamiento,5
7,2025-03-20,baseline,Tratamiento,5
7,2025-03-21,baseline,Tratamiento,4
7,2025-03-24,baseline,Tratamiento,4
7,2025-03-25,baseline,Tratamiento,5
7,2025-03-26,baseline,Tratamiento,5
7,2025-03-27,baseline,Tratamiento,5
7,2025-03-28,baseline,Tratamiento,6
7,2025-03-31,intervencion,Tratamiento,5
7,2025-04-01,intervencion,Tratamiento,6
7,2025-04-02,intervencion,Tratamiento,5
7,2025-04-03,intervencion,Tratamiento,3
7,2025-04-04,intervencion,Tratamiento,5
7,2025-04-07,intervencion,Tratamiento,6
7,2025-04-08,intervencion,Tratamiento,5
7,2025-04-09,intervencion,Tratamiento,5
7,2025-04-10,intervencion,Tratamiento,5
7,2025-04-11,intervencion,Tratamiento,4
7,2025-04-14,intervencion,Tratamiento,5
7,2025-04-15,intervencion,Tratamiento,5
7,2025-04-16,intervencion,Tratamiento,4
7,2025-04-17,intervencion,Tratamiento,6
7,2025-04-18,intervencion,Tratamiento,4
7,2025-04-21,intervencion,Tratamiento,4
7,2025-04-22,intervencion,Tratamiento,6
7,2025-04-23,intervencion,Tratamiento,6
7,2025-04-24,intervencion,Tratamiento,5
7,2025-04-25,intervencion,Tratamiento,5
8,2025-03-03,baseline,Control,5
8,2025-03-04,baseline,Control,2
8,2025-03-05,baseline,Control,4
8,2025-03-06,baseline,Control,5
8,2025-03-07,baseline,Control,4
8,2025-03-10,baseline,Control,5
8,2025-03-11,baseline,Control,6
8,2025-03-12,baseline,Control,4
8,2025-03-13,baseline,Control,4
8,2025-03-14,baseline,Control,5
8,2025-03-17,baseline,Control,4
8,2025-03-18,baseline,Control,4
8,2025-03-19,baseline,Control,4
8,2025-03-20,baseline,Control,7
8,2025-03-21,baseline,Control,3
8,2025-03-24,baseline,Control,4
8,2025-03-25,baseline,Control,5
8,2025-03-26,baseline,Control,4
8,2025-03-27,baseline,Control,5
8,2025-03-28,baseline,Control,5
8,2025-03-31,intervencion,Control,5
8,2025-04-01,intervencion,Control,4
8,2025-04-02,intervencion,Control,4
8,2025-04-03,intervencion,Control,5
8,2025-04-04,intervencion,Control,5
8,2025-04-07,intervencion,Control,4
8,2025-04-08,intervencion,Control,5
8,2025-04-09,intervencion,Control,5
8,2025-04-10,intervencion,Control,3
8,2025-04-11,intervencion,Control,4
8,2025-04-14,intervencion,Control,3
8,2025-04-15,intervencion,Control,5
8,2025-04-16,intervencion,Control,5
8,2025-04-17,intervencion,Control,5
8,2025-04-18,intervencion,Control,3
8,2025-04-21,intervencion,Control,6
8,2025-04-22,intervencion,Control,4
8,2025-04-23,intervencion,Control,5
8,2025-04-24,intervencion,Control,5
8,2025-04-25,intervencion,Control,4
9,2025-03-03,baseline,Control,4
9,2025-03-04,baseline,Control,5
9,2025-03-05,baseline,Control,7
9,2025-03-06,baseline,Control,5
9,2025-03-07,baseline,Control,6
9,2025-03-10,baseline,Control,6
9,2025-03-11,baseline,Control,5
9,2025-03-12,baseline,Control,4
9,2025-03-13,baseline,Control,6
9,2025-03-14,baseline,Control,3
9,2025-03-17,baseline,Control,6
9,2025-03-18,baseline,Control,5
9,2025-03-19,baseline,Control,2
9,2025-03-20,baseline,Control,4
9,2025-03-21,baseline,Control,5
9,2025-03-24,baseline,Control,4
9,2025-03-25,baseline,Control,5
9,2025-03-26,baseline,Control,4
9,2025-03-27,baseline,Control,3
9,2025-03-28,baseline,Control,5
9,2025-03-31,intervencion,Control,5
9,2025-04-01,intervencion,Control,4
9,2025-04-02,intervencion,Control,6
9,2025-04-03,intervencion,Control,4
9,2025-04-04,intervencion,Control,5
9,2025-04-07,intervencion,Control,5
9,2025-04-08,intervencion,Control,3
9,2025-04-09,intervencion,Control,3
9,2025-04-10,intervencion,Control,5
9,2025-04-11,intervencion,Control,6
9,2025-04-14,intervencion,Control,5
9,2025-04-15,intervencion,Control,3
9,2025-04-16,intervencion,Control,2
9,2025-04-17,intervencion,Control,5
9,2025-04-18,intervencion,Control,5
9,2025-04-21,intervencion,Control,6
9,2025-04-22,intervencion,Control,4
9,2025-04-23,intervencion,Control,5
9,2025-04-24,intervencion,Control,5
9,2025-04-25,intervencion,Control,4
10,2025-03-03,baseline,Tratamiento,4
10,2025-03-04,baseline,Tratamiento,5
10,2025-03-05,baseline,Tratamiento,5
10,2025-03-06,baseline,Tratamiento,5
10,2025-03-07,baseline,Tratamiento,5
10,2025-03-10,baseline,Tratamiento,4
10,2025-03-11,baseline,Tratamiento,3
10,2025-03-12,baseline,Tratamiento,6
10,2025-03-13,baseline,Tratamiento,4
10,2025-03-14,baseline,Tratamiento,4
10,2025-03-17,baseline,Tratamiento,5
10,2025-03-18,baseline,Tratamiento,5
10,2025-03-19,baseline,Tratamiento,4
10,2025-03-20,baseline,Tratamiento,5
10,2025-03-21,baseline,Tratamiento,5
10,2025-03-24,baseline,Tratamiento,5
10,2025-03-25,baseline,Tratamiento,2
10,2025-03-26,baseline,Tratamiento,6
10,2025-03-27,baseline,Tratamiento,4
10,2025-03-28,baseline,Tratamiento,5
10,2025-03-31,intervencion,Tratamiento,4
10,2025-04-01,intervencion,Tratamiento,5
10,2025-04-02,intervencion,Tratamiento,4
10,2025-04-03,intervencion,Tratamiento,6
10,2025-04-04,intervencion,Tratamiento,4
10,2025-04-07,intervencion,Tratamiento,6
10,2025-04-08,intervencion,Tratamiento,4
10,2025-04-09,intervencion,Tratamiento,5
10,2025-04-10,intervencion,Tratamiento,5
10,2025-04-11,intervencion,Tratamiento,6
10,2025-04-14,intervencion,Tratamiento,3
10,2025-04-15,intervencion,Tratamiento,4
10,2025-04-16,intervencion,Tratamiento,3
10,2025-04-17,intervencion,Tratamiento,4
10,2025-04-18,intervencion,Tratamiento,4
10,2025-04-21,intervencion,Tratamiento,3
10,2025-04-22,intervencion,Tratamiento,4
10,2025-04-23,intervencion,Tratamiento,3
10,2025-04-24,intervencion,Tratamiento,4
10,2025-04-25,intervencion,Tratamiento,6
11,2025-03-03,baseline,Tratamiento,5
11,2025-03-04,baseline,Tratamiento,5
11,2025-03-05,baseline,Tratamiento,4
11,2025-03-06,baseline,Tratamiento,3
11,2025-03-07,baseline,Tratamiento,4
11,2025-03-10,baseline,Tratamiento,5
11,2025-03-11,baseline,Tratamiento,5
11,2025-03-12,baseline,Tratamiento,5
11,2025-03-13,baseline,Tratamiento,5
11,2025-03-14,baseline,Tratamiento,4
11,2025-03-17,baseline,Tratamiento,5
11,2025-03-18,baseline,Tratamiento,4
11,2025-03-19,baseline,Tratamiento,4
11,2025-03-20,baseline,Tratamiento,6
11,2025-03-21,baseline,Tratamiento,3
11,2025-03-24,baseline,Tratamiento,4
11,2025-03-25,baseline,Tratamiento,6
11,2025-03-26,baseline,Tratamiento,3
11,2025-03-27,baseline,Tratamiento,4
11,2025-03-28,baseline,Tratamiento,4
11,2025-03-31,intervencion,Tratamiento,5
11,2025-04-01,intervencion,Tratamiento,4
11,2025-04-02,intervencion,Tratamiento,5
11,2025-04-03,intervencion,Tratamiento,6
11,2025-04-04,intervencion,Tratamiento,5
11,2025-04-07,intervencion,Tratamiento,4
11,2025-04-08,intervencion,Tratamiento,5
11,2025-04-09,intervencion,Tratamiento,4
11,2025-04-10,intervencion,Tratamiento,5
11,2025-04-11,intervencion,Tratamiento,7
11,2025-04-14,intervencion,Tratamiento,5
11,2025-04-15,intervencion,Tratamiento,4
11,2025-04-16,intervencion,Tratamiento,5
11,2025-04-17,intervencion,Tratamiento,4
11,2025-04-18,intervencion,Tratamiento,4
11,2025-04-21,intervencion,Tratamiento,4
11,2025-04-22,intervencion,Tratamiento,5
11,2025-04-23,intervencion,Tratamiento,6
11,2025-04-24,intervencion,Tratamiento,5
11,2025-04-25,intervencion,Tratamiento,5
12,2025-03-03,baseline,Control,4
12,2025-03-04,baseline,Control,4
12,2025-03-05,baseline,Control,5
12,2025-03-06,baseline,Control,4
12,2025-03-07,baseline,Control,4
12,2025-03-10,baseline,Control,5
12,2025-03-11,baseline,Control,4
12,2025-03-12,baseline,Control,5
12,2025-03-13,baseline,Control,6
12,2025-03-14,baseline,Control,4
12,2025-03-17,baseline,Control,6
12,2025-03-18,baseline,Control,5
12,2025-03-19,baseline,Control,3
12,2025-03-20,baseline,Control,4
12,2025-03-21,baseline,Control,4
12,2025-03-24,baseline,Control,4
12,2025-03-25,baseline,Control,5
12,2025-03-26,baseline,Control,5
12,2025-03-27,baseline,Control,6
12,2025-03-28,baseline,Control,5
12,2025-03-31,intervencion,Control,4
12,2025-04-01,intervencion,Control,3
12,2025-04-02,intervencion,Control,5
12,2025-04-03,intervencion,Control,5
12,2025-04-04,intervencion,Control,5
12,2025-04-07,intervencion,Control,6
12,2025-04-08,intervencion,Control,6
12,2025-04-09,intervencion,Control,5
12,2025-04-10,intervencion,Control,4
12,2025-04-11,intervencion,Control,4
12,2025-04-14,intervencion,Control,5
12,2025-04-15,intervencion,Control,4
12,2025-04-16,intervencion,Control,5
12,2025-04-17,intervencion,Control,5
12,2025-04-18,intervencion,Control,4
12,2025-04-21,intervencion,Control,6
12,2025-04-22,intervencion,Control,5
12,2025-04-23,intervencion,Control,3
12,2025-04-24,intervencion,Control,5
12,2025-04-25,intervencion,Control,5
13,2025-03-03,baseline,Control,5
13,2025-03-04,baseline,Control,4
13,2025-03-05,baseline,Control,5
13,2025-03-06,baseline,Control,5
13,2025-03-07,baseline,Control,3
13,2025-03-10,baseline,Control,3
13,2025-03-11,baseline,Control,6
13,2025-03-12,baseline,Control,6
13,2025-03-13,baseline,Control,5
13,2025-03-14,baseline,Control,6
13,2025-03-17,baseline,Control,6
13,2025-03-18,baseline,Control,5
13,2025-03-19,baseline,Control,4
13,2025-03-20,baseline,Control,6
13,2025-03-21,baseline,Control,5
13,2025-03-24,baseline,Control,4
13,2025-03-25,baseline,Control,4
13,2025-03-26,baseline,Control,5
13,2025-03-27,baseline,Control,3
13,2025-03-28,baseline,Control,5
13,2025-03-31,intervencion,Control,4
13,2025-04-01,intervencion,Control,5
13,2025-04-02,intervencion,Control,4
13,2025-04-03,intervencion,Control,4
13,2025-04-04,intervencion,Control,4
13,2025-04-07,intervencion,Control,4
13,2025-04-08,intervencion,Control,6
13,2025-04-09,intervencion,Control,6
13,2025-04-10,intervencion,Control,5
13,2025-04-11,intervencion,Control,5
13,2025-04-14,intervencion,Control,5
13,2025-04-15,intervencion,Control,6
13,2025-04-16,intervencion,Control,4
13,2025-04-17,intervencion,Control,5
13,2025-04-18,intervencion,Control,3
13,2025-04-21,intervencion,Control,6
13,2025-04-22,intervencion,Control,6
13,2025-04-23,intervencion,Control,5
13,2025-04-24,intervencion,Control,3
13,2025-04-25,intervencion,Control,5
14,2025-03-03,baseline,Control,4
14,2025-03-04,baseline,Control,4
14,2025-03-05,baseline,Control,5
14,2025-03-06,baseline,Control,5
14,2025-03-07,baseline,Control,4
14,2025-03-10,baseline,Control,4
14,2025-03-11,baseline,Control,5
14,2025-03-12,baseline,Control,4
14,2025-03-13,baseline,Control,4
14,2025-03-14,baseline,Control,4
14,2025-03-17,baseline,Control,5
14,2025-03-18,baseline,Control,4
14,2025-03-19,baseline,Control,3
14,2025-03-20,baseline,Control,5
14,2025-03-21,baseline,Control,2
14,2025-03-24,baseline,Control,4
14,2025-03-25,baseline,Control,4
14,2025-03-26,baseline,Control,5
14,2025-03-27,baseline,Control,5
14,2025-03-28,baseline,Control,6
14,2025-03-31,intervencion,Control,4
14,2025-04-01,intervencion,Control,5
14,2025-04-02,intervencion,Control,5
14,2025-04-03,intervencion,Control,3
14,2025-04-04,intervencion,Control,6
14,2025-04-07,intervencion,Control,3
14,2025-04-08,intervencion,Control,5
14,2025-04-09,intervencion,Control,5
14,2025-04-10,intervencion,Control,5
14,2025-04-11,intervencion,Control,4
14,2025-04-14,intervencion,Control,5
14,2025-04-15,intervencion,Control,3
14,2025-04-16,intervencion,Control,5
14,2025-04-17,intervencion,Control,4
14,2025-04-18,intervencion,Control,4
14,2025-04-21,intervencion,Control,5
14,2025-04-22,intervencion,Control,6
14,2025-04-23,intervencion,Control,4
14,2025-04-24,intervencion,Control,5
14,2025-04-25,intervencion,Control,5
15,2025-03-03,baseline,Control,4
15,2025-03-04,baseline,Control,4
15,2025-03-05,baseline,Control,4
15,2025-03-06,baseline,Control,4
15,2025-03-07,baseline,Control,5
15,2025-03-10,baseline,Control,5
15,2025-03-11,baseline,Control,3
15,2025-03-12,baseline,Control,3
15,2025-03-13,baseline,Control,5
15,2025-03-14,baseline,Control,4
15,2025-03-17,baseline,Control,5
15,2025-03-18,baseline,Control,5
15,2025-03-19,baseline,Control,3
15,2025-03-20,baseline,Control,3
15,2025-03-21,baseline,Control,6
15,2025-03-24,baseline,Control,5
15,2025-03-25,baseline,Control,4
15,2025-03-26,baseline,Control,4
15,2025-03-27,baseline,Control,4
15,2025-03-28,baseline,Control,4
15,2025-03-31,intervencion,Control,5
15,2025-04-01,intervencion,Control,4
15,2025-04-02,intervencion,Control,6
15,2025-04-03,intervencion,Control,4
15,2025-04-04,intervencion,Control,4
15,2025-04-07,intervencion,Control,4
15,2025-04-08,intervencion,Control,2
15,2025-04-09,intervencion,Control,4
15,2025-04-10,intervencion,Control,4
15,2025-04-11,intervencion,Control,5
15,2025-04-14,intervencion,Control,3
15,2025-04-15,intervencion,Control,6
15,2025-04-16,intervencion,Control,5
15,2025-04-17,intervencion,Control,6
15,2025-04-18,intervencion,Control,5
15,2025-04-21,intervencion,Control,6
15,2025-04-22,intervencion,Control,3
15,2025-04-23,intervencion,Control,5
15,2025-04-24,intervencion,Control,4
15,2025-04-25,intervencion,Control,3
16,2025-03-03,baseline,Control,4
16,2025-03-04,baseline,Control,5
16,2025-03-05,baseline,Control,4
16,2025-03-06,baseline,Control,5
16,2025-03-07,baseline,Control,3
16,2025-03-10,baseline,Control,3
16,2025-03-11,baseline,Control,6
16,2025-03-12,baseline,Control,5
16,2025-03-13,baseline,Control,4
16,2025-03-14,baseline,Control,5
16,2025-03-17,baseline,Control,6
16,2025-03-18,baseline,Control,5
16,2025-03-19,baseline,Control,5
16,2025-03-20,baseline,Control,6
16,2025-03-21,baseline,Control,4
16,2025-03-24,baseline,Control,5
16,2025-03-25,baseline,Control,5
16,2025-03-26,baseline,Control,4
16,2025-03-27,baseline,Control,4
16,2025-03-28,baseline,Control,5
16,2025-03-31,intervencion,Control,5
16,2025-04-01,intervencion,Control,4
16,2025-04-02,intervencion,Control,5
16,2025-04-03,intervencion,Control,4
16,2025-04-04,intervencion,Control,4
16,2025-04-07,intervencion,Control,4
16,2025-04-08,intervencion,Control,5
16,2025-04-09,intervencion,Control,3
16,2025-04-10,intervencion,Control,5
16,2025-04-11,intervencion,Control,4
16,2025-04-14,intervencion,Control,6
16,2025-04-15,intervencion,Control,4
16,2025-04-16,intervencion,Control,5
16,2025-04-17,intervencion,Control,6
16,2025-04-18,intervencion,Control,4
16,2025-04-21,intervencion,Control,6
16,2025-04-22,intervencion,Control,5
16,2025-04-23,intervencion,Control,5
16,2025-04-24,intervencion,Control,5
16,2025-04-25,intervencion,Control,5
17,2025-03-03,baseline,Tratamiento,4
17,2025-03-04,baseline,Tratamiento,4
17,2025-03-05,baseline,Tratamiento,4
17,2025-03-06,baseline,Tratamiento,5
17,2025-03-07,baseline,Tratamiento,4
17,2025-03-10,baseline,Tratamiento,5
17,2025-03-11,baseline,Tratamiento,6
17,2025-03-12,baseline,Tratamiento,4
17,2025-03-13,baseline,Tratamiento,4
17,2025-03-14,baseline,Tratamiento,3
17,2025-03-17,baseline,Tratamiento,6
17,2025-03-18,baseline,Tratamiento,5
17,2025-03-19,baseline,Tratamiento,5
17,2025-03-20,baseline,Tratamiento,3
17,2025-03-21,baseline,Tratamiento,5
17,2025-03-24,baseline,Tratamiento,5
17,2025-03-25,baseline,Tratamiento,4
17,2025-03-26,baseline,Tratamiento,6
17,2025-03-27,baseline,Tratamiento,7
17,2025-03-28,baseline,Tratamiento,4
17,2025-03-31,intervencion,Tratamiento,4
17,2025-04-01,intervencion,Tratamiento,4
17,2025-04-02,intervencion,Tratamiento,6
17,2025-04-03,intervencion,Tratamiento,6
17,2025-04-04,intervencion,Tratamiento,5
17,2025-04-07,intervencion,Tratamiento,5
17,2025-04-08,intervencion,Tratamiento,4
17,2025-04-09,intervencion,Tratamiento,6
17,2025-04-10,intervencion,Tratamiento,5
17,2025-04-11,intervencion,Tratamiento,5
17,2025-04-14,intervencion,Tratamiento,5
17,2025-04-15,intervencion,Tratamiento,5
17,2025-04-16,intervencion,Tratamiento,5
17,2025-04-17,intervencion,Tratamiento,5
17,2025-04-18,intervencion,Tratamiento,6
17,2025-04-21,intervencion,Tratamiento,6
17,2025-04-22,intervencion,Tratamiento,5
17,2025-04-23,intervencion,Tratamiento,6
17,2025-04-24,intervencion,Tratamiento,5
17,2025-04-25,intervencion,Tratamiento,4
18,2025-03-03,baseline,Tratamiento,5
18,2025-03-04,baseline,Tratamiento,5
18,2025-03-05,baseline,Tratamiento,3
18,2025-03-06,baseline,Tratamiento,4
18,2025-03-07,baseline,Tratamiento,5
18,2025-03-10,baseline,Tratamiento,4
18,2025-03-11,baseline,Tratamiento,6
18,2025-03-12,baseline,Tratamiento,5
18,2025-03-13,baseline,Tratamiento,6
18,2025-03-14,baseline,Tratamiento,5
18,2025-03-17,baseline,Tratamiento,5
18,2025-03-18,baseline,Tratamiento,4
18,2025-03-19,baseline,Tratamiento,5
18,2025-03-20,baseline,Tratamiento,5
18,2025-03-21,baseline,Tratamiento,3
18,2025-03-24,baseline,Tratamiento,4
18,2025-03-25,baseline,Tratamiento,4
18,2025-03-26,baseline,Tratamiento,5
18,2025-03-27,baseline,Tratamiento,5
18,2025-03-28,baseline,Tratamiento,4
18,2025-03-31,intervencion,Tratamiento,5
18,2025-04-01,intervencion,Tratamiento,5
18,2025-04-02,intervencion,Tratamiento,2
18,2025-04-03,intervencion,Tratamiento,5
18,2025-04-04,intervencion,Tratamiento,6
18,2025-04-07,intervencion,Tratamiento,3
18,2025-04-08,intervencion,Tratamiento,5
18,2025-04-09,intervencion,Tratamiento,6
18,2025-04-10,intervencion,Tratamiento,4
18,2025-04-11,intervencion,Tratamiento,5
18,2025-04-14,intervencion,Tratamiento,4
18,2025-04-15,intervencion,Tratamiento,6
18,2025-04-16,intervencion,Tratamiento,5
18,2025-04-17,intervencion,Tratamiento,5
18,2025-04-18,intervencion,Tratamiento,6
18,2025-04-21,intervencion,Tratamiento,6
18,2025-04-22,intervencion,Tratamiento,4
18,2025-04-23,intervencion,Tratamiento,4
18,2025-04-24,intervencion,Tratamiento,5
18,2025-04-25,intervencion,Tratamiento,4
19,2025-03-03,baseline,Control,3
19,2025-03-04,baseline,Control,5
19,2025-03-05,baseline,Control,3
19,2025-03-06,baseline,Control,6
19,2025-03-07,baseline,Control,5
19,2025-03-10,baseline,Control,4
19,2025-03-11,baseline,Control,4
19,2025-03-12,baseline,Control,3
19,2025-03-13,baseline,Control,4
19,2025-03-14,baseline,Control,6
19,2025-03-17,baseline,Control,7
19,2025-03-18,baseline,Control,5
19,2025-03-19,baseline,Control,5
19,2025-03-20,baseline,Control,4
19,2025-03-21,baseline,Control,4
19,2025-03-24,baseline,Control,6
19,2025-03-25,baseline,Control,4
19,2025-03-26,baseline,Control,7
19,2025-03-27,baseline,Control,6
19,2025-03-28,baseline,Control,3
19,2025-03-31,intervencion,Control,4
19,2025-04-01,intervencion,Control,4
19,2025-04-02,intervencion,Control,5
19,2025-04-03,intervencion,Control,5
19,2025-04-04,intervencion,Control,7
19,2025-04-07,intervencion,Control,4
19,2025-04-08,intervencion,Control,5
19,2025-04-09,intervencion,Control,5
19,2025-04-10,intervencion,Control,5
19,2025-04-11,intervencion,Control,5
19,2025-04-14,intervencion,Control,4
19,2025-04-15,intervencion,Control,5
19,2025-04-16,intervencion,Control,5
19,2025-04-17,intervencion,Control,5
19,2025-04-18,intervencion,Control,5
19,2025-04-21,intervencion,Control,6
19,2025-04-22,intervencion,Control,5
19,2025-04-23,intervencion,Control,5
19,2025-04-24,intervencion,Control,4
19,2025-04-25,intervencion,Control,4
20,2025-03-03,baseline,Tratamiento,4
20,2025-03-04,baseline,Tratamiento,5
20,2025-03-05,baseline,Tratamiento,4
20,2025-03-06,baseline,Tratamiento,4
20,2025-03-07,baseline,Tratamiento,4
20,2025-03-10,baseline,Tratamiento,3
20,2025-03-11,baseline,Tratamiento,4
20,2025-03-12,baseline,Tratamiento,3
20,2025-03-13,baseline,Tratamiento,4
20,2025-03-14,baseline,Tratamiento,4
20,2025-03-17,baseline,Tratamiento,3
20,2025-03-18,baseline,Tratamiento,5
20,2025-03-19,baseline,Tratamiento,5
20,2025-03-20,baseline,Tratamiento,4
20,2025-03-21,baseline,Tratamiento,4
20,2025-03-24,baseline,Tratamiento,5
20,2025-03-25,baseline,Tratamiento,4
20,2025-03-26,baseline,Tratamiento,4
20,2025-03-27,baseline,Tratamiento,6
20,2025-03-28,baseline,Tratamiento,5
20,2025-03-31,intervencion,Tratamiento,5
20,2025-04-01,intervencion,Tratamiento,6
20,2025-04-02,intervencion,Tratamiento,3
20,2025-04-03,intervencion,Tratamiento,6
20,2025-04-04,intervencion,Tratamiento,5
20,2025-04-07,intervencion,Tratamiento,6
20,2025-04-08,intervencion,Tratamiento,5
20,2025-04-09,intervencion,Tratamiento,5
20,2025-04-10,intervencion,Tratamiento,5
20,2025-04-11,intervencion,Tratamiento,5
20,2025-04-14,intervencion,Tratamiento,5
20,2025-04-15,intervencion,Tratamiento,6
20,2025-04-16,intervencion,Tratamiento,4
20,2025-04-17,intervencion,Tratamiento,4
20,2025-04-18,intervencion,Tratamiento,7
20,2025-04-21,intervencion,Tratamiento,4
20,2025-04-22,intervencion,Tratamiento,5
20,2025-04-23,intervencion,Tratamiento,4
20,2025-04-24,intervencion,Tratamiento,5
20,2025-04-25,intervencion,Tratamiento,4
21,2025-03-03,baseline,Tratamiento,4
21,2025-03-04,baseline,Tratamiento,5
21,2025-03-05,baseline,Tratamiento,4
21,2025-03-06,baseline,Tratamiento,5
21,2025-03-07,baseline,Tratamiento,5
21,2025-03-10,baseline,Tratamiento,6
21,2025-03-11,baseline,Tratamiento,5
21,2025-03-12,baseline,Tratamiento,7
21,2025-03-13,baseline,Tratamiento,6
21,2025-03-14,baseline,Tratamiento,5
21,2025-03-17,baseline,Tratamiento,4
21,2025-03-18,baseline,Tratamiento,5
21,2025-03-19,baseline,Tratamiento,6
21,2025-03-20,baseline,Tratamiento,6
21,2025-03-21,baseline,Tratamiento,6
21,2025-03-24,baseline,Tratamiento,5
21,2025-03-25,baseline,Tratamiento,3
21,2025-03-26,baseline,Tratamiento,5
21,2025-03-27,baseline,Tratamiento,3
21,2025-03-28,baseline,Tratamiento,3
21,2025-03-31,intervencion,Tratamiento,5
21,2025-04-01,intervencion,Tratamiento,5
21,2025-04-02,intervencion,Tratamiento,6
21,2025-04-03,intervencion,Tratamiento,5
21,2025-04-04,intervencion,Tratamiento,5
21,2025-04-07,intervencion,Tratamiento,4
21,2025-04-08,intervencion,Tratamiento,5
21,2025-04-09,intervencion,Tratamiento,4
21,2025-04-10,intervencion,Tratamiento,3
21,2025-04-11,intervencion,Tratamiento,6
21,2025-04-14,intervencion,Tratamiento,4
21,2025-04-15,intervencion,Tratamiento,6
21,2025-04-16,intervencion,Tratamiento,6
21,2025-04-17,intervencion,Tratamiento,4
21,2025-04-18,intervencion,Tratamiento,5
21,2025-04-21,intervencion,Tratamiento,4
21,2025-04-22,intervencion,Tratamiento,3
21,2025-04-23,intervencion,Tratamiento,5
21,2025-04-24,intervencion,Tratamiento,5
21,2025-04-25,intervencion,Tratamiento,5
22,2025-03-03,baseline,Tratamiento,6
22,2025-03-04,baseline,Tratamiento,3
22,2025-03-05,baseline,Tratamiento,5
22,2025-03-06,baseline,Tratamiento,4
22,2025-03-07,baseline,Tratamiento,5
22,2025-03-10,baseline,Tratamiento,5
22,2025-03-11,baseline,Tratamiento,5
22,2025-03-12,baseline,Tratamiento,4
22,2025-03-13,baseline,Tratamiento,4
22,2025-03-14,baseline,Tratamiento,5
22,2025-03-17,baseline,Tratamiento,6
22,2025-03-18,baseline,Tratamiento,5
22,2025-03-19,baseline,Tratamiento,4
22,2025-03-20,baseline,Tratamiento,5
22,2025-03-21,baseline,Tratamiento,7
22,2025-03-24,baseline,Tratamiento,5
22,2025-03-25,baseline,Tratamiento,6
22,2025-03-26,baseline,Tratamiento,4
22,2025-03-27,baseline,Tratamiento,5
22,2025-03-28,baseline,Tratamiento,5
22,2025-03-31,intervencion,Tratamiento,5
22,2025-04-01,intervencion,Tratamiento,4
22,2025-04-02,intervencion,Tratamiento,4
22,2025-04-03,intervencion,Tratamiento,6
22,2025-04-04,intervencion,Tratamiento,6
22,2025-04-07,intervencion,Tratamiento,6
22,2025-04-08,intervencion,Tratamiento,7
22,2025-04-09,intervencion,Tratamiento,5
22,2025-04-10,intervencion,Tratamiento,5
22,2025-04-11,intervencion,Tratamiento,6
22,2025-04-14,intervencion,Tratamiento,6
22,2025-04-15,intervencion,Tratamiento,4
22,2025-04-16,intervencion,Tratamiento,4
22,2025-04-17,intervencion,Tratamiento,5
22,2025-04-18,intervencion,Tratamiento,5
22,2025-04-21,intervencion,Tratamiento,5
22,2025-04-22,intervencion,Tratamiento,6
22,2025-04-23,intervencion,Tratamiento,6
22,2025-04-24,intervencion,Tratamiento,6
22,2025-04-25,intervencion,Tratamiento,3
23,2025-03-03,baseline,Control,5
23,2025-03-04,baseline,Control,5
23,2025-03-05,baseline,Control,3
23,2025-03-06,baseline,Control,4
23,2025-03-07,baseline,Control,4
23,2025-03-10,baseline,Control,5
23,2025-03-11,baseline,Control,6
23,2025-03-12,baseline,Control,6
23,2025-03-13,baseline,Control,4
23,2025-03-14,baseline,Control,5
23,2025-03-17,baseline,Control,5
23,2025-03-18,baseline,Control,5
23,2025-03-19,baseline,Control,5
23,2025-03-20,baseline,Control,5
23,2025-03-21,baseline,Control,6
23,2025-03-24,baseline,Control,6
23,2025-03-25,baseline,Control,4
23,2025-03-26,baseline,Control,5
23,2025-03-27,baseline,Control,5
23,2025-03-28,baseline,Control,5
23,2025-03-31,intervencion,Control,6
23,2025-04-01,intervencion,Control,5
23,2025-04-02,intervencion,Control,5
23,2025-04-03,intervencion,Control,5
23,2025-04-04,intervencion,Control,3
23,2025-04-07,intervencion,Control,5
23,2025-04-08,intervencion,Control,4
23,2025-04-09,intervencion,Control,4
23,2025-04-10,intervencion,Control,6
23,2025-04-11,intervencion,Control,5
23,2025-04-14,intervencion,Control,5
23,2025-04-15,intervencion,Control,4
23,2025-04-16,intervencion,Control,5
23,2025-04-17,intervencion,Control,5
23,2025-04-18,intervencion,Control,4
23,2025-04-21,intervencion,Control,5
23,2025-04-22,intervencion,Control,5
23,2025-04-23,intervencion,Control,3
23,2025-04-24,intervencion,Control,5
23,2025-04-25,intervencion,Control,4
24,2025-03-03,baseline,Control,4
24,2025-03-04,baseline,Control,4
24,2025-03-05,baseline,Control,5
24,2025-03-06,baseline,Control,6
24,2025-03-07,baseline,Control,4
24,2025-03-10,baseline,Control,5
24,2025-03-11,baseline,Control,6
24,2025-03-12,baseline,Control,4
24,2025-03-13,baseline,Control,6
24,2025-03-14,baseline,Control,5
24,2025-03-17,baseline,Control,6
24,2025-03-18,baseline,Control,5
24,2025-03-19,baseline,Control,5
24,2025-03-20,baseline,Control,5
24,2025-03-21,baseline,Control,4
24,2025-03-24,baseline,Control,5
24,2025-03-25,baseline,Control,5
24,2025-03-26,baseline,Control,5
24,2025-03-27,baseline,Control,4
24,2025-03-28,baseline,Control,4
24,2025-03-31,intervencion,Control,5
24,2025-04-01,intervencion,Control,6
24,2025-04-02,intervencion,Control,4
24,2025-04-03,intervencion,Control,4
24,2025-04-04,intervencion,Control,5
24,2025-04-07,intervencion,Control,6
24,2025-04-08,intervencion,Control,6
24,2025-04-09,intervencion,Control,3
24,2025-04-10,intervencion,Control,4
24,2025-04-11,intervencion,Control,4
24,2025-04-14,intervencion,Control,4
24,2025-04-15,intervencion,Control,6
24,2025-04-16,intervencion,Control,3
24,2025-04-17,intervencion,Control,3
24,2025-04-18,intervencion,Control,4
24,2025-04-21,intervencion,Control,5
24,2025-04-22,intervencion,Control,5
24,2025-04-23,intervencion,Control,5
24,2025-04-24,intervencion,Control,6
24,2025-04-25,intervencion,Control,3
25,2025-03-03,baseline,Control,6
25,2025-03-04,baseline,Control,4
25,2025-03-05,baseline,Control,5
25,2025-03-06,baseline,Control,3
25,2025-03-07,baseline,Control,5
25,2025-03-10,baseline,Control,5
25,2025-03-11,baseline,Control,6
25,2025-03-12,baseline,Control,3
25,2025-03-13,baseline,Control,5
25,2025-03-14,baseline,Control,4
25,2025-03-17,baseline,Control,5
25,2025-03-18,baseline,Control,5
25,2025-03-19,baseline,Control,6
25,2025-03-20,baseline,Control,4
25,2025-03-21,baseline,Control,5
25,2025-03-24,baseline,Control,6
25,2025-03-25,baseline,Control,3
25,2025-03-26,baseline,Control,5
25,2025-03-27,baseline,Control,5
25,2025-03-28,baseline,Control,4
25,2025-03-31,intervencion,Control,4
25,2025-04-01,intervencion,Control,5
25,2025-04-02,intervencion,Control,4
25,2025-04-03,intervencion,Control,4
25,2025-04-04,intervencion,Control,5
25,2025-04-07,intervencion,Control,5
25,2025-04-08,intervencion,Control,4
25,2025-04-09,intervencion,Control,4
25,2025-04-10,intervencion,Control,5
25,2025-04-11,intervencion,Control,6
25,2025-04-14,intervencion,Control,7
25,2025-04-15,intervencion,Control,3
25,2025-04-16,intervencion,Control,5
25,2025-04-17,intervencion,Control,4
25,2025-04-18,intervencion,Control,6
25,2025-04-21,intervencion,Control,4
25,2025-04-22,intervencion,Control,4
25,2025-04-23,intervencion,Control,4
25,2025-04-24,intervencion,Control,5
25,2025-04-25,intervencion,Control,5
26,2025-03-03,baseline,Tratamiento,5
26,2025-03-04,baseline,Tratamiento,5
26,2025-03-05,baseline,Tratamiento,3
26,2025-03-06,baseline,Tratamiento,5
26,2025-03-07,baseline,Tratamiento,5
26,2025-03-10,baseline,Tratamiento,6
26,2025-03-11,baseline,Tratamiento,4
26,2025-03-12,baseline,Tratamiento,3
26,2025-03-13,baseline,Tratamiento,5
26,2025-03-14,baseline,Tratamiento,6
26,2025-03-17,baseline,Tratamiento,5
26,2025-03-18,baseline,Tratamiento,4
26,2025-03-19,baseline,Tratamiento,4
26,2025-03-20,baseline,Tratamiento,6
26,2025-03-21,baseline,Tratamiento,4
26,2025-03-24,baseline,Tratamiento,4
26,2025-03-25,baseline,Tratamiento,5
26,2025-03-26,baseline,Tratamiento,3
26,2025-03-27,baseline,Tratamiento,6
26,2025-03-28,baseline,Tratamiento,5
26,2025-03-31,intervencion,Tratamiento,6
26,2025-04-01,intervencion,Tratamiento,5
26,2025-04-02,intervencion,Tratamiento,5
26,2025-04-03,intervencion,Tratamiento,4
26,2025-04-04,intervencion,Tratamiento,5
26,2025-04-07,intervencion,Tratamiento,4
26,2025-04-08,intervencion,Tratamiento,5
26,2025-04-09,intervencion,Tratamiento,6
26,2025-04-10,intervencion,Tratamiento,6
26,2025-04-11,intervencion,Tratamiento,5
26,2025-04-14,intervencion,Tratamiento,6
26,2025-04-15,intervencion,Tratamiento,5
26,2025-04-16,intervencion,Tratamiento,5
26,2025-04-17,intervencion,Tratamiento,5
26,2025-04-18,intervencion,Tratamiento,5
26,2025-04-21,intervencion,Tratamiento,5
26,2025-04-22,intervencion,Tratamiento,4
26,2025-04-23,intervencion,Tratamiento,4
26,2025-04-24,intervencion,Tratamiento,6
26,2025-04-25,intervencion,Tratamiento,6
27,2025-03-03,baseline,Tratamiento,4
27,2025-03-04,baseline,Tratamiento,5
27,2025-03-05,baseline,Tratamiento,4
27,2025-03-06,baseline,Tratamiento,5
27,2025-03-07,baseline,Tratamiento,6
27,2025-03-10,baseline,Tratamiento,5
27,2025-03-11,baseline,Tratamiento,5
27,2025-03-12,baseline,Tratamiento,6
27,2025-03-13,baseline,Tratamiento,4
27,2025-03-14,baseline,Tratamiento,4
27,2025-03-17,baseline,Tratamiento,4
27,2025-03-18,baseline,Tratamiento,4
27,2025-03-19,baseline,Tratamiento,2
27,2025-03-20,baseline,Tratamiento,4
27,2025-03-21,baseline,Tratamiento,4
27,2025-03-24,baseline,Tratamiento,5
27,2025-03-25,baseline,Tratamiento,5
27,2025-03-26,baseline,Tratamiento,4
27,2025-03-27,baseline,Tratamiento,5
27,2025-03-28,baseline,Tratamiento,5
27,2025-03-31,intervencion,Tratamiento,4
27,2025-04-01,intervencion,Tratamiento,5
27,2025-04-02,intervencion,Tratamiento,3
27,2025-04-03,intervencion,Tratamiento,4
27,2025-04-04,intervencion,Tratamiento,4
27,2025-04-07,intervencion,Tratamiento,5
27,2025-04-08,intervencion,Tratamiento,4
27,2025-04-09,intervencion,Tratamiento,4
27,2025-04-10,intervencion,Tratamiento,4
27,2025-04-11,intervencion,Tratamiento,5
27,2025-04-14,intervencion,Tratamiento,5
27,2025-04-15,intervencion,Tratamiento,5
27,2025-04-16,intervencion,Tratamiento,5
27,2025-04-17,intervencion,Tratamiento,4
27,2025-04-18,intervencion,Tratamiento,4
27,2025-04-21,intervencion,Tratamiento,5
27,2025-04-22,intervencion,Tratamiento,5
27,2025-04-23,intervencion,Tratamiento,5
27,2025-04-24,intervencion,Tratamiento,6
27,2025-04-25,intervencion,Tratamiento,6
28,2025-03-03,baseline,Control,4
28,2025-03-04,baseline,Control,5
28,2025-03-05,baseline,Control,5
28,2025-03-06,baseline,Control,4
28,2025-03-07,baseline,Control,5
28,2025-03-10,baseline,Control,4
28,2025-03-11,baseline,Control,3
28,2025-03-12,baseline,Control,5
28,2025-03-13,baseline,Control,5
28,2025-03-14,baseline,Control,4
28,2025-03-17,baseline,Control,5
28,2025-03-18,baseline,Control,4
28,2025-03-19,baseline,Control,5
28,2025-03-20,baseline,Control,5
28,2025-03-21,baseline,Control,5
28,2025-03-24,baseline,Control,5
28,2025-03-25,baseline,Control,4
28,2025-03-26,baseline,Control,4
28,2025-03-27,baseline,Control,3
28,2025-03-28,baseline,Control,5
28,2025-03-31,intervencion,Control,4
28,2025-04-01,intervencion,Control,5
28,2025-04-02,intervencion,Control,5
28,2025-04-03,intervencion,Control,5
28,2025-04-04,intervencion,Control,4
28,2025-04-07,intervencion,Control,5
28,2025-04-08,intervencion,Control,6
28,2025-04-09,intervencion,Control,6
28,2025-04-10,intervencion,Control,5
28,2025-04-11,intervencion,Control,5
28,2025-04-14,intervencion,Control,4
28,2025-04-15,intervencion,Control,5
28,2025-04-16,intervencion,Control,4
28,2025-04-17,intervencion,Control,5
28,2025-04-18,intervencion,Control,4
28,2025-04-21,intervencion,Control,4
28,2025-04-22,intervencion,Control,5
28,2025-04-23,intervencion,Control,5
28,2025-04-24,intervencion,Control,5
28,2025-04-25,intervencion,Control,4
29,2025-03-03,baseline,Tratamiento,3
29,2025-03-04,baseline,Tratamiento,6
29,2025-03-05,baseline,Tratamiento,7
29,2025-03-06,baseline,Tratamiento,5
29,2025-03-07,baseline,Tratamiento,3
29,2025-03-10,baseline,Tratamiento,4
29,2025-03-11,baseline,Tratamiento,5
29,2025-03-12,baseline,Tratamiento,6
29,2025-03-13,baseline,Tratamiento,4
29,2025-03-14,baseline,Tratamiento,4
29,2025-03-17,baseline,Tratamiento,5
29,2025-03-18,baseline,Tratamiento,5
29,2025-03-19,baseline,Tratamiento,4
29,2025-03-20,baseline,Tratamiento,3
29,2025-03-21,baseline,Tratamiento,5
29,2025-03-24,baseline,Tratamiento,6
29,2025-03-25,baseline,Tratamiento,5
29,2025-03-26,baseline,Tratamiento,5
29,2025-03-27,baseline,Tratamiento,4
29,2025-03-28,baseline,Tratamiento,4
29,2025-03-31,intervencion,Tratamiento,6
29,2025-04-01,intervencion,Tratamiento,5
29,2025-04-02,intervencion,Tratamiento,5
29,2025-04-03,intervencion,Tratamiento,6
29,2025-04-04,intervencion,Tratamiento,4
29,2025-04-07,intervencion,Tratamiento,4
29,2025-04-08,intervencion,Tratamiento,5
29,2025-04-09,intervencion,Tratamiento,4
29,2025-04-10,intervencion,Tratamiento,6
29,2025-04-11,intervencion,Tratamiento,5
29,2025-04-14,intervencion,Tratamiento,4
29,2025-04-15,intervencion,Tratamiento,5
29,2025-04-16,intervencion,Tratamiento,5
29,2025-04-17,intervencion,Tratamiento,6
29,2025-04-18,intervencion,Tratamiento,5
29,2025-04-21,intervencion,Tratamiento,5
29,2025-04-22,intervencion,Tratamiento,5
29,2025-04-23,intervencion,Tratamiento,5
29,2025-04-24,intervencion,Tratamiento,4
29,2025-04-25,intervencion,Tratamiento,5
30,2025-03-03,baseline,Tratamiento,4
30,2025-03-04,baseline,Tratamiento,6
30,2025-03-05,baseline,Tratamiento,6
30,2025-03-06,baseline,Tratamiento,5
30,2025-03-07,baseline,Tratamiento,5
30,2025-03-10,baseline,Tratamiento,5
30,2025-03-11,baseline,Tratamiento,3
30,2025-03-12,baseline,Tratamiento,4
30,2025-03-13,baseline,Tratamiento,5
30,2025-03-14,baseline,Tratamiento,5
30,2025-03-17,baseline,Tratamiento,5
30,2025-03-18,baseline,Tratamiento,5
30,2025-03-19,baseline,Tratamiento,4
30,2025-03-20,baseline,Tratamiento,4
30,2025-03-21,baseline,Tratamiento,6
30,2025-03-24,baseline,Tratamiento,5
30,2025-03-25,baseline,Tratamiento,4
30,2025-03-26,baseline,Tratamiento,5
30,2025-03-27,baseline,Tratamiento,5
30,2025-03-28,baseline,Tratamiento,5
30,2025-03-31,intervencion,Tratamiento,5
30,2025-04-01,intervencion,Tratamiento,7
30,2025-04-02,intervencion,Tratamiento,5
30,2025-04-03,intervencion,Tratamiento,6
30,2025-04-04,intervencion,Tratamiento,3
30,2025-04-07,intervencion,Tratamiento,5
30,2025-04-08,intervencion,Tratamiento,6
30,2025-04-09,intervencion,Tratamiento,5
30,2025-04-10,intervencion,Tratamiento,1
30,2025-04-11,intervencion,Tratamiento,6
30,2025-04-14,intervencion,Tratamiento,7
30,2025-04-15,intervencion,Tratamiento,3
30,2025-04-16,intervencion,Tratamiento,6
30,2025-04-17,intervencion,Tratamiento,2
30,2025-04-18,intervencion,Tratamiento,6
30,2025-04-21,intervencion,Tratamiento,5
30,2025-04-22,intervencion,Tratamiento,3
30,2025-04-23,intervencion,Tratamiento,5
30,2025-04-24,intervencion,Tratamiento,6
30,2025-04-25,intervencion,Tratamiento,5
31,2025-03-03,baseline,Tratamiento,5
31,2025-03-04,baseline,Tratamiento,4
31,2025-03-05,baseline,Tratamiento,3
31,2025-03-06,baseline,Tratamiento,5
31,2025-03-07,baseline,Tratamiento,6
31,2025-03-10,baseline,Tratamiento,6
31,2025-03-11,baseline,Tratamiento,3
31,2025-03-12,baseline,Tratamiento,3
31,2025-03-13,baseline,Tratamiento,4
31,2025-03-14,baseline,Tratamiento,3
31,2025-03-17,baseline,Tratamiento,5
31,2025-03-18,baseline,Tratamiento,5
31,2025-03-19,baseline,Tratamiento,3
31,2025-03-20,baseline,Tratamiento,5
31,2025-03-21,baseline,Tratamiento,5
31,2025-03-24,baseline,Tratamiento,4
31,2025-03-25,baseline,Tratamiento,4
31,2025-03-26,baseline,Tratamiento,3
31,2025-03-27,baseline,Tratamiento,4
31,2025-03-28,baseline,Tratamiento,5
31,2025-03-31,intervencion,Tratamiento,5
31,2025-04-01,intervencion,Tratamiento,5
31,2025-04-02,intervencion,Tratamiento,5
31,2025-04-03,intervencion,Tratamiento,5
31,2025-04-04,intervencion,Tratamiento,5
31,2025-04-07,intervencion,Tratamiento,6
31,2025-04-08,intervencion,Tratamiento,5
31,2025-04-09,intervencion,Tratamiento,5
31,2025-04-10,intervencion,Tratamiento,5
31,2025-04-11,intervencion,Tratamiento,4
31,2025-04-14,intervencion,Tratamiento,5
31,2025-04-15,intervencion,Tratamiento,4
31,2025-04-16,intervencion,Tratamiento,5
31,2025-04-17,intervencion,Tratamiento,5
31,2025-04-18,intervencion,Tratamiento,5
31,2025-04-21,intervencion,Tratamiento,5
31,2025-04-22,intervencion,Tratamiento,4
31,2025-04-23,intervencion,Tratamiento,3
31,2025-04-24,intervencion,Tratamiento,5
31,2025-04-25,intervencion,Tratamiento,5
32,2025-03-03,baseline,Control,5
32,2025-03-04,baseline,Control,4
32,2025-03-05,baseline,Control,6
32,2025-03-06,baseline,Control,4
32,2025-03-07,baseline,Control,4
32,2025-03-10,baseline,Control,4
32,2025-03-11,baseline,Control,3
32,2025-03-12,baseline,Control,6
32,2025-03-13,baseline,Control,6
32,2025-03-14,baseline,Control,5
32,2025-03-17,baseline,Control,4
32,2025-03-18,baseline,Control,6
32,2025-03-19,baseline,Control,4
32,2025-03-20,baseline,Control,4
32,2025-03-21,baseline,Control,6
32,2025-03-24,baseline,Control,5
32,2025-03-25,baseline,Control,7
32,2025-03-26,baseline,Control,5
32,2025-03-27,baseline,Control,4
32,2025-03-28,baseline,Control,4
32,2025-03-31,intervencion,Control,3
32,2025-04-01,intervencion,Control,4
32,2025-04-02,intervencion,Control,6
32,2025-04-03,intervencion,Control,5
32,2025-04-04,intervencion,Control,5
32,2025-04-07,intervencion,Control,4
32,2025-04-08,intervencion,Control,5
32,2025-04-09,intervencion,Control,6
32,2025-04-10,intervencion,Control,5
32,2025-04-11,intervencion,Control,5
32,2025-04-14,intervencion,Control,4
32,2025-04-15,intervencion,Control,5
32,2025-04-16,intervencion,Control,2
32,2025-04-17,intervencion,Control,5
32,2025-04-18,intervencion,Control,7
32,2025-04-21,intervencion,Control,3
32,2025-04-22,intervencion,Control,4
32,2025-04-23,intervencion,Control,5
32,2025-04-24,intervencion,Control,4
32,2025-04-25,intervencion,Control,6
33,2025-03-03,baseline,Tratamiento,5
33,2025-03-04,baseline,Tratamiento,5
33,2025-03-05,baseline,Tratamiento,5
33,2025-03-06,baseline,Tratamiento,5
33,2025-03-07,baseline,Tratamiento,7
33,2025-03-10,baseline,Tratamiento,5
33,2025-03-11,baseline,Tratamiento,5
33,2025-03-12,baseline,Tratamiento,3
33,2025-03-13,baseline,Tratamiento,4
33,2025-03-14,baseline,Tratamiento,6
33,2025-03-17,baseline,Tratamiento,3
33,2025-03-18,baseline,Tratamiento,3
33,2025-03-19,baseline,Tratamiento,5
33,2025-03-20,baseline,Tratamiento,6
33,2025-03-21,baseline,Tratamiento,5
33,2025-03-24,baseline,Tratamiento,4
33,2025-03-25,baseline,Tratamiento,3
33,2025-03-26,baseline,Tratamiento,5
33,2025-03-27,baseline,Tratamiento,5
33,2025-03-28,baseline,Tratamiento,3
33,2025-03-31,intervencion,Tratamiento,6
33,2025-04-01,intervencion,Tratamiento,6
33,2025-04-02,intervencion,Tratamiento,6
33,2025-04-03,intervencion,Tratamiento,5
33,2025-04-04,intervencion,Tratamiento,6
33,2025-04-07,intervencion,Tratamiento,5
33,2025-04-08,intervencion,Tratamiento,6
33,2025-04-09,intervencion,Tratamiento,3
33,2025-04-10,intervencion,Tratamiento,4
33,2025-04-11,intervencion,Tratamiento,4
33,2025-04-14,intervencion,Tratamiento,5
33,2025-04-15,intervencion,Tratamiento,5
33,2025-04-16,intervencion,Tratamiento,5
33,2025-04-17,intervencion,Tratamiento,6
33,2025-04-18,intervencion,Tratamiento,6
33,2025-04-21,intervencion,Tratamiento,4
33,2025-04-22,intervencion,Tratamiento,5
33,2025-04-23,intervencion,Tratamiento,4
33,2025-04-24,intervencion,Tratamiento,5
33,2025-04-25,intervencion,Tratamiento,5
34,2025-03-03,baseline,Tratamiento,2
34,2025-03-04,baseline,Tratamiento,7
34,2025-03-05,baseline,Tratamiento,5
34,2025-03-06,baseline,Tratamiento,4
34,2025-03-07,baseline,Tratamiento,6
34,2025-03-10,baseline,Tratamiento,4
34,2025-03-11,baseline,Tratamiento,5
34,2025-03-12,baseline,Tratamiento,4
34,2025-03-13,baseline,Tratamiento,6
34,2025-03-14,baseline,Tratamiento,5
34,2025-03-17,baseline,Tratamiento,5
34,2025-03-18,baseline,Tratamiento,6
34,2025-03-19,baseline,Tratamiento,5
34,2025-03-20,baseline,Tratamiento,5
34,2025-03-21,baseline,Tratamiento,6
34,2025-03-24,baseline,Tratamiento,7
34,2025-03-25,baseline,Tratamiento,5
34,2025-03-26,baseline,Tratamiento,5
34,2025-03-27,baseline,Tratamiento,5
34,2025-03-28,baseline,Tratamiento,6
34,2025-03-31,intervencion,Tratamiento,4
34,2025-04-01,intervencion,Tratamiento,5
34,2025-04-02,intervencion,Tratamiento,4
34,2025-04-03,intervencion,Tratamiento,4
34,2025-04-04,intervencion,Tratamiento,4
34,2025-04-07,intervencion,Tratamiento,5
34,2025-04-08,intervencion,Tratamiento,7
34,2025-04-09,intervencion,Tratamiento,5
34,2025-04-10,intervencion,Tratamiento,4
34,2025-04-11,intervencion,Tratamiento,4
34,2025-04-14,intervencion,Tratamiento,6
34,2025-04-15,intervencion,Tratamiento,6
34,2025-04-16,intervencion,Tratamiento,5
34,2025-04-17,intervencion,Tratamiento,5
34,2025-04-18,intervencion,Tratamiento,6
34,2025-04-21,intervencion,Tratamiento,4
34,2025-04-22,intervencion,Tratamiento,5
34,2025-04-23,intervencion,Tratamiento,7
34,2025-04-24,intervencion,Tratamiento,5
34,2025-04-25,intervencion,Tratamiento,4
35,2025-03-03,baseline,Control,5
35,2025-03-04,baseline,Control,4
35,2025-03-05,baseline,Control,3
35,2025-03-06,baseline,Control,5
35,2025-03-07,baseline,Control,6
35,2025-03-10,baseline,Control,4
35,2025-03-11,baseline,Control,4
35,2025-03-12,baseline,Control,4
35,2025-03-13,baseline,Control,4
35,2025-03-14,baseline,Control,4
35,2025-03-17,baseline,Control,4
35,2025-03-18,baseline,Control,6
35,2025-03-19,baseline,Control,5
35,2025-03-20,baseline,Control,5
35,2025-03-21,baseline,Control,5
35,2025-03-24,baseline,Control,5
35,2025-03-25,baseline,Control,4
35,2025-03-26,baseline,Control,5
35,2025-03-27,baseline,Control,4
35,2025-03-28,baseline,Control,5
35,2025-03-31,intervencion,Control,5
35,2025-04-01,intervencion,Control,4
35,2025-04-02,intervencion,Control,3
35,2025-04-03,intervencion,Control,5
35,2025-04-04,intervencion,Control,4
35,2025-04-07,intervencion,Control,3
35,2025-04-08,intervencion,Control,5
35,2025-04-09,intervencion,Control,5
35,2025-04-10,intervencion,Control,7
35,2025-04-11,intervencion,Control,4
35,2025-04-14,intervencion,Control,4
35,2025-04-15,intervencion,Control,4
35,2025-04-16,intervencion,Control,5
35,2025-04-17,intervencion,Control,5
35,2025-04-18,intervencion,Control,4
35,2025-04-21,intervencion,Control,4
35,2025-04-22,intervencion,Control,3
35,2025-04-23,intervencion,Control,5
35,2025-04-24,intervencion,Control,4
35,2025-04-25,intervencion,Control,5
36,2025-03-03,baseline,Tratamiento,3
36,2025-03-04,baseline,Tratamiento,4
36,2025-03-05,baseline,Tratamiento,4
36,2025-03-06,baseline,Tratamiento,5
36,2025-03-07,baseline,Tratamiento,5
36,2025-03-10,baseline,Tratamiento,6
36,2025-03-11,baseline,Tratamiento,5
36,2025-03-12,baseline,Tratamiento,5
36,2025-03-13,baseline,Tratamiento,6
36,2025-03-14,baseline,Tratamiento,5
36,2025-03-17,baseline,Tratamiento,5
36,2025-03-18,baseline,Tratamiento,6
36,2025-03-19,baseline,Tratamiento,6
36,2025-03-20,baseline,Tratamiento,5
36,2025-03-21,baseline,Tratamiento,3
36,2025-03-24,baseline,Tratamiento,4
36,2025-03-25,baseline,Tratamiento,4
36,2025-03-26,baseline,Tratamiento,5
36,2025-03-27,baseline,Tratamiento,5
36,2025-03-28,baseline,Tratamiento,6
36,2025-03-31,intervencion,Tratamiento,6
36,2025-04-01,intervencion,Tratamiento,6
36,2025-04-02,intervencion,Tratamiento,6
36,2025-04-03,intervencion,Tratamiento,4
36,2025-04-04,intervencion,Tratamiento,5
36,2025-04-07,intervencion,Tratamiento,4
36,2025-04-08,intervencion,Tratamiento,3
36,2025-04-09,intervencion,Tratamiento,5
36,2025-04-10,intervencion,Tratamiento,6
36,2025-04-11,intervencion,Tratamiento,5
36,2025-04-14,intervencion,Tratamiento,7
36,2025-04-15,intervencion,Tratamiento,5
36,2025-04-16,intervencion,Tratamiento,7
36,2025-04-17,intervencion,Tratamiento,5
36,2025-04-18,intervencion,Tratamiento,5
36,2025-04-21,intervencion,Tratamiento,4
36,2025-04-22,intervencion,Tratamiento,6
36,2025-04-23,intervencion,Tratamiento,4
36,2025-04-24,intervencion,Tratamiento,4
36,2025-04-25,intervencion,Tratamiento,6
37,2025-03-03,baseline,Control,6
37,2025-03-04,baseline,Control,6
37,2025-03-05,baseline,Control,4
37,2025-03-06,baseline,Control,5
37,2025-03-07,baseline,Control,5
37,2025-03-10,baseline,Control,5
37,2025-03-11,baseline,Control,6
37,2025-03-12,baseline,Control,5
37,2025-03-13,baseline,Control,6
37,2025-03-14,baseline,Control,5
37,2025-03-17,baseline,Control,4
37,2025-03-18,baseline,Control,5
37,2025-03-19,baseline,Control,6
37,2025-03-20,baseline,Control,6
37,2025-03-21,baseline,Control,6
37,2025-03-24,baseline,Control,5
37,2025-03-25,baseline,Control,4
37,2025-03-26,baseline,Control,5
37,2025-03-27,baseline,Control,6
37,2025-03-28,baseline,Control,5
37,2025-03-31,intervencion,Control,5
37,2025-04-01,intervencion,Control,5
37,2025-04-02,intervencion,Control,4
37,2025-04-03,intervencion,Control,4
37,2025-04-04,intervencion,Control,5
37,2025-04-07,intervencion,Control,6
37,2025-04-08,intervencion,Control,4
37,2025-04-09,intervencion,Control,5
37,2025-04-10,intervencion,Control,4
37,2025-04-11,intervencion,Control,5
37,2025-04-14,intervencion,Control,6
37,2025-04-15,intervencion,Control,6
37,2025-04-16,intervencion,Control,5
37,2025-04-17,intervencion,Control,5
37,2025-04-18,intervencion,Control,4
37,2025-04-21,intervencion,Control,5
37,2025-04-22,intervencion,Control,5
37,2025-04-23,intervencion,Control,5
37,2025-04-24,intervencion,Control,5
37,2025-04-25,intervencion,Control,5
38,2025-03-03,baseline,Control,4
38,2025-03-04,baseline,Control,4
38,2025-03-05,baseline,Control,6
38,2025-03-06,baseline,Control,7
38,2025-03-07,baseline,Control,4
38,2025-03-10,baseline,Control,3
38,2025-03-11,baseline,Control,4
38,2025-03-12,baseline,Control,5
38,2025-03-13,baseline,Control,5
38,2025-03-14,baseline,Control,5
38,2025-03-17,baseline,Control,5
38,2025-03-18,baseline,Control,5
38,2025-03-19,baseline,Control,4
38,2025-03-20,baseline,Control,4
38,2025-03-21,baseline,Control,5
38,2025-03-24,baseline,Control,3
38,2025-03-25,baseline,Control,4
38,2025-03-26,baseline,Control,4
38,2025-03-27,baseline,Control,5
38,2025-03-28,baseline,Control,5
38,2025-03-31,intervencion,Control,5
38,2025-04-01,intervencion,Control,3
38,2025-04-02,intervencion,Control,3
38,2025-04-03,intervencion,Control,5
38,2025-04-04,intervencion,Control,2
38,2025-04-07,intervencion,Control,6
38,2025-04-08,intervencion,Control,3
38,2025-04-09,intervencion,Control,5
38,2025-04-10,intervencion,Control,4
38,2025-04-11,intervencion,Control,6
38,2025-04-14,intervencion,Control,7
38,2025-04-15,intervencion,Control,3
38,2025-04-16,intervencion,Control,5
38,2025-04-17,intervencion,Control,3
38,2025-04-18,intervencion,Control,5
38,2025-04-21,intervencion,Control,4
38,2025-04-22,intervencion,Control,5
38,2025-04-23,intervencion,Control,4
38,2025-04-24,intervencion,Control,5
38,2025-04-25,intervencion,Control,3
39,2025-03-03,baseline,Control,6
39,2025-03-04,baseline,Control,4
39,2025-03-05,baseline,Control,3
39,2025-03-06,baseline,Control,6
39,2025-03-07,baseline,Control,5
39,2025-03-10,baseline,Control,6
39,2025-03-11,baseline,Control,6
39,2025-03-12,baseline,Control,4
39,2025-03-13,baseline,Control,5
39,2025-03-14,baseline,Control,5
39,2025-03-17,baseline,Control,6
39,2025-03-18,baseline,Control,5
39,2025-03-19,baseline,Control,5
39,2025-03-20,baseline,Control,4
39,2025-03-21,baseline,Control,5
39,2025-03-24,baseline,Control,6
39,2025-03-25,baseline,Control,5
39,2025-03-26,baseline,Control,4
39,2025-03-27,baseline,Control,4
39,2025-03-28,baseline,Control,4
39,2025-03-31,intervencion,Control,3
39,2025-04-01,intervencion,Control,4
39,2025-04-02,intervencion,Control,6
39,2025-04-03,intervencion,Control,4
39,2025-04-04,intervencion,Control,5
39,2025-04-07,intervencion,Control,2
39,2025-04-08,intervencion,Control,5
39,2025-04-09,intervencion,Control,4
39,2025-04-10,intervencion,Control,4
39,2025-04-11,intervencion,Control,5
39,2025-04-14,intervencion,Control,4
39,2025-04-15,intervencion,Control,3
39,2025-04-16,intervencion,Control,5
39,2025-04-17,intervencion,Control,5
39,2025-04-18,intervencion,Control,4
39,2025-04-21,intervencion,Control,4
39,2025-04-22,intervencion,Control,3
39,2025-04-23,intervencion,Control,5
39,2025-04-24,intervencion,Control,6
39,2025-04-25,intervencion,Control,5
40,2025-03-03,baseline,Tratamiento,3
40,2025-03-04,baseline,Tratamiento,5
40,2025-03-05,baseline,Tratamiento,5
40,2025-03-06,baseline,Tratamiento,5
40,2025-03-07,baseline,Tratamiento,5
40,2025-03-10,baseline,Tratamiento,2
40,2025-03-11,baseline,Tratamiento,5
40,2025-03-12,baseline,Tratamiento,4
40,2025-03-13,baseline,Tratamiento,3
40,2025-03-14,baseline,Tratamiento,4
40,2025-03-17,baseline,Tratamiento,5
40,2025-03-18,baseline,Tratamiento,3
40,2025-03-19,baseline,Tratamiento,5
40,2025-03-20,baseline,Tratamiento,5
40,2025-03-21,baseline,Tratamiento,5
40,2025-03-24,baseline,Tratamiento,4
40,2025-03-25,baseline,Tratamiento,4
40,2025-03-26,baseline,Tratamiento,6
40,2025-03-27,baseline,Tratamiento,3
40,2025-03-28,baseline,Tratamiento,6
40,2025-03-31,intervencion,Tratamiento,5
40,2025-04-01,intervencion,Tratamiento,5
40,2025-04-02,intervencion,Tratamiento,3
40,2025-04-03,intervencion,Tratamiento,5
40,2025-04-04,intervencion,Tratamiento,6
40,2025-04-07,intervencion,Tratamiento,4
40,2025-04-08,intervencion,Tratamiento,5
40,2025-04-09,intervencion,Tratamiento,5
40,2025-04-10,intervencion,Tratamiento,4
40,2025-04-11,intervencion,Tratamiento,6
40,2025-04-14,intervencion,Tratamiento,3
40,2025-04-15,intervencion,Tratamiento,5
40,2025-04-16,intervencion,Tratamiento,6
40,2025-04-17,intervencion,Tratamiento,6
40,2025-04-18,intervencion,Tratamiento,5
40,2025-04-21,intervencion,Tratamiento,5
40,2025-04-22,intervencion,Tratamiento,4
40,2025-04-23,intervencion,Tratamiento,5
40,2025-04-24,intervencion,Tratamiento,5
40,2025-04-25,intervencion,Tratamiento,4
41,2025-03-03,baseline,Tratamiento,5
41,2025-03-04,baseline,Tratamiento,7
41,2025-03-05,baseline,Tratamiento,5
41,2025-03-06,baseline,Tratamiento,3
41,2025-03-07,baseline,Tratamiento,3
41,2025-03-10,baseline,Tratamiento,5
41,2025-03-11,baseline,Tratamiento,5
41,2025-03-12,baseline,Tratamiento,5
41,2025-03-13,baseline,Tratamiento,4
41,2025-03-14,baseline,Tratamiento,5
41,2025-03-17,baseline,Tratamiento,4
41,2025-03-18,baseline,Tratamiento,4
41,2025-03-19,baseline,Tratamiento,4
41,2025-03-20,baseline,Tratamiento,4
41,2025-03-21,baseline,Tratamiento,6
41,2025-03-24,baseline,Tratamiento,5
41,2025-03-25,baseline,Tratamiento,5
41,2025-03-26,baseline,Tratamiento,4
41,2025-03-27,baseline,Tratamiento,4
41,2025-03-28,baseline,Tratamiento,4
41,2025-03-31,intervencion,Tratamiento,6
41,2025-04-01,intervencion,Tratamiento,4
41,2025-04-02,intervencion,Tratamiento,4
41,2025-04-03,intervencion,Tratamiento,5
41,2025-04-04,intervencion,Tratamiento,5
41,2025-04-07,intervencion,Tratamiento,6
41,2025-04-08,intervencion,Tratamiento,5
41,2025-04-09,intervencion,Tratamiento,6
41,2025-04-10,intervencion,Tratamiento,6
41,2025-04-11,intervencion,Tratamiento,4
41,2025-04-14,intervencion,Tratamiento,4
41,2025-04-15,intervencion,Tratamiento,4
41,2025-04-16,intervencion,Tratamiento,4
41,2025-04-17,intervencion,Tratamiento,6
41,2025-04-18,intervencion,Tratamiento,5
41,2025-04-21,intervencion,Tratamiento,5
41,2025-04-22,intervencion,Tratamiento,3
41,2025-04-23,intervencion,Tratamiento,7
41,2025-04-24,intervencion,Tratamiento,4
41,2025-04-25,intervencion,Tratamiento,7
42,2025-03-03,baseline,Control,3
42,2025-03-04,baseline,Control,4
42,2025-03-05,baseline,Control,3
42,2025-03-06,baseline,Control,5
42,2025-03-07,baseline,Control,4
42,2025-03-10,baseline,Control,4
42,2025-03-11,baseline,Control,3
42,2025-03-12,baseline,Control,5
42,2025-03-13,baseline,Control,5
42,2025-03-14,baseline,Control,6
42,2025-03-17,baseline,Control,4
42,2025-03-18,baseline,Control,5
42,2025-03-19,baseline,Control,3
42,2025-03-20,baseline,Control,4
42,2025-03-21,baseline,Control,4
42,2025-03-24,baseline,Control,5
42,2025-03-25,baseline,Control,6
42,2025-03-26,baseline,Control,5
42,2025-03-27,baseline,Control,4
42,2025-03-28,baseline,Control,5
42,2025-03-31,intervencion,Control,5
42,2025-04-01,intervencion,Control,4
42,2025-04-02,intervencion,Control,4
42,2025-04-03,intervencion,Control,4
42,2025-04-04,intervencion,Control,6
42,2025-04-07,intervencion,Control,5
42,2025-04-08,intervencion,Control,5
42,2025-04-09,intervencion,Control,4
42,2025-04-10,intervencion,Control,7
42,2025-04-11,intervencion,Control,6
42,2025-04-14,intervencion,Control,4
42,2025-04-15,intervencion,Control,4
42,2025-04-16,intervencion,Control,4
42,2025-04-17,intervencion,Control,5
42,2025-04-18,intervencion,Control,4
42,2025-04-21,intervencion,Control,5
42,2025-04-22,intervencion,Control,6
42,2025-04-23,intervencion,Control,3
42,2025-04-24,intervencion,Control,4
42,2025-04-25,intervencion,Control,4
43,2025-03-03,baseline,Control,4
43,2025-03-04,baseline,Control,6
43,2025-03-05,baseline,Control,6
43,2025-03-06,baseline,Control,5
43,2025-03-07,baseline,Control,4
43,2025-03-10,baseline,Control,4
43,2025-03-11,baseline,Control,3
43,2025-03-12,baseline,Control,5
43,2025-03-13,baseline,Control,5
43,2025-03-14,baseline,Control,6
43,2025-03-17,baseline,Control,4
43,2025-03-18,baseline,Control,4
43,2025-03-19,baseline,Control,5
43,2025-03-20,baseline,Control,5
43,2025-03-21,baseline,Control,3
43,2025-03-24,baseline,Control,5
43,2025-03-25,baseline,Control,5
43,2025-03-26,baseline,Control,4
43,2025-03-27,baseline,Control,3
43,2025-03-28,baseline,Control,4
43,2025-03-31,intervencion,Control,6
43,2025-04-01,intervencion,Control,6
43,2025-04-02,intervencion,Control,5
43,2025-04-03,intervencion,Control,6
43,2025-04-04,intervencion,Control,5
43,2025-04-07,intervencion,Control,5
43,2025-04-08,intervencion,Control,4
43,2025-04-09,intervencion,Control,4
43,2025-04-10,intervencion,Control,4
43,2025-04-11,intervencion,Control,3
43,2025-04-14,intervencion,Control,6
43,2025-04-15,intervencion,Control,4
43,2025-04-16,intervencion,Control,4
43,2025-04-17,intervencion,Control,4
43,2025-04-18,intervencion,Control,4
43,2025-04-21,intervencion,Control,6
43,2025-04-22,intervencion,Control,6
43,2025-04-23,intervencion,Control,3
43,2025-04-24,intervencion,Control,4
43,2025-04-25,intervencion,Control,4
44,2025-03-03,baseline,Tratamiento,5
44,2025-03-04,baseline,Tratamiento,5
44,2025-03-05,baseline,Tratamiento,4
44,2025-03-06,baseline,Tratamiento,5
44,2025-03-07,baseline,Tratamiento,4
44,2025-03-10,baseline,Tratamiento,6
44,2025-03-11,baseline,Tratamiento,5
44,2025-03-12,baseline,Tratamiento,5
44,2025-03-13,baseline,Tratamiento,2
44,2025-03-14,baseline,Tratamiento,5
44,2025-03-17,baseline,Tratamiento,6
44,2025-03-18,baseline,Tratamiento,6
44,2025-03-19,baseline,Tratamiento,3
44,2025-03-20,baseline,Tratamiento,4
44,2025-03-21,baseline,Tratamiento,4
44,2025-03-24,baseline,Tratamiento,6
44,2025-03-25,baseline,Tratamiento,5
44,2025-03-26,baseline,Tratamiento,4
44,2025-03-27,baseline,Tratamiento,5
44,2025-03-28,baseline,Tratamiento,2
44,2025-03-31,intervencion,Tratamiento,4
44,2025-04-01,intervencion,Tratamiento,5
44,2025-04-02,intervencion,Tratamiento,6
44,2025-04-03,intervencion,Tratamiento,3
44,2025-04-04,intervencion,Tratamiento,5
44,2025-04-07,intervencion,Tratamiento,6
44,2025-04-08,intervencion,Tratamiento,4
44,2025-04-09,intervencion,Tratamiento,5
44,2025-04-10,intervencion,Tratamiento,5
44,2025-04-11,intervencion,Tratamiento,6
44,2025-04-14,intervencion,Tratamiento,5
44,2025-04-15,intervencion,Tratamiento,5
44,2025-04-16,intervencion,Tratamiento,6
44,2025-04-17,intervencion,Tratamiento,4
44,2025-04-18,intervencion,Tratamiento,5
44,2025-04-21,intervencion,Tratamiento,5
44,2025-04-22,intervencion,Tratamiento,5
44,2025-04-23,intervencion,Tratamiento,6
44,2025-04-24,intervencion,Tratamiento,5
44,2025-04-25,intervencion,Tratamiento,4
45,2025-03-03,baseline,Tratamiento,5
45,2025-03-04,baseline,Tratamiento,6
45,2025-03-05,baseline,Tratamiento,4
45,2025-03-06,baseline,Tratamiento,5
45,2025-03-07,baseline,Tratamiento,4
45,2025-03-10,baseline,Tratamiento,5
45,2025-03-11,baseline,Tratamiento,3
45,2025-03-12,baseline,Tratamiento,6
45,2025-03-13,baseline,Tratamiento,4
45,2025-03-14,baseline,Tratamiento,6
45,2025-03-17,baseline,Tratamiento,4
45,2025-03-18,baseline,Tratamiento,4
45,2025-03-19,baseline,Tratamiento,6
45,2025-03-20,baseline,Tratamiento,5
45,2025-03-21,baseline,Tratamiento,5
45,2025-03-24,baseline,Tratamiento,5
45,2025-03-25,baseline,Tratamiento,4
45,2025-03-26,baseline,Tratamiento,5
45,2025-03-27,baseline,Tratamiento,4
45,2025-03-28,baseline,Tratamiento,5
45,2025-03-31,intervencion,Tratamiento,4
45,2025-04-01,intervencion,Tratamiento,6
45,2025-04-02,intervencion,Tratamiento,5
45,2025-04-03,intervencion,Tratamiento,5
45,2025-04-04,intervencion,Tratamiento,6
45,2025-04-07,intervencion,Tratamiento,5
45,2025-04-08,intervencion,Tratamiento,5
45,2025-04-09,intervencion,Tratamiento,5
45,2025-04-10,intervencion,Tratamiento,6
45,2025-04-11,intervencion,Tratamiento,4
45,2025-04-14,intervencion,Tratamiento,5
45,2025-04-15,intervencion,Tratamiento,5
45,2025-04-16,intervencion,Tratamiento,6
45,2025-04-17,intervencion,Tratamiento,5
45,2025-04-18,intervencion,Tratamiento,7
45,2025-04-21,intervencion,Tratamiento,5
45,2025-04-22,intervencion,Tratamiento,5
45,2025-04-23,intervencion,Tratamiento,5
45,2025-04-24,intervencion,Tratamiento,4
45,2025-04-25,intervencion,Tratamiento,4
46,2025-03-03,baseline,Control,4
46,2025-03-04,baseline,Control,6
46,2025-03-05,baseline,Control,5
46,2025-03-06,baseline,Control,4
46,2025-03-07,baseline,Control,6
46,2025-03-10,baseline,Control,6
46,2025-03-11,baseline,Control,6
46,2025-03-12,baseline,Control,4
46,2025-03-13,baseline,Control,4
46,2025-03-14,baseline,Control,6
46,2025-03-17,baseline,Control,5
46,2025-03-18,baseline,Control,4
46,2025-03-19,baseline,Control,5
46,2025-03-20,baseline,Control,6
46,2025-03-21,baseline,Control,4
46,2025-03-24,baseline,Control,5
46,2025-03-25,baseline,Control,5
46,2025-03-26,baseline,Control,4
46,2025-03-27,baseline,Control,5
46,2025-03-28,baseline,Control,4
46,2025-03-31,intervencion,Control,4
46,2025-04-01,intervencion,Control,4
46,2025-04-02,intervencion,Control,5
46,2025-04-03,intervencion,Control,4
46,2025-04-04,intervencion,Control,4
46,2025-04-07,intervencion,Control,5
46,2025-04-08,intervencion,Control,4
46,2025-04-09,intervencion,Control,5
46,2025-04-10,intervencion,Control,6
46,2025-04-11,intervencion,Control,5
46,2025-04-14,intervencion,Control,4
46,2025-04-15,intervencion,Control,5
46,2025-04-16,intervencion,Control,3
46,2025-04-17,intervencion,Control,5
46,2025-04-18,intervencion,Control,7
46,2025-04-21,intervencion,Control,4
46,2025-04-22,intervencion,Control,4
46,2025-04-23,intervencion,Control,5
46,2025-04-24,intervencion,Control,6
46,2025-04-25,intervencion,Control,5
47,2025-03-03,baseline,Tratamiento,3
47,2025-03-04,baseline,Tratamiento,5
47,2025-03-05,baseline,Tratamiento,7
47,2025-03-06,baseline,Tratamiento,5
47,2025-03-07,baseline,Tratamiento,4
47,2025-03-10,baseline,Tratamiento,5
47,2025-03-11,baseline,Tratamiento,3
47,2025-03-12,baseline,Tratamiento,6
47,2025-03-13,baseline,Tratamiento,4
47,2025-03-14,baseline,Tratamiento,5
47,2025-03-17,baseline,Tratamiento,4
47,2025-03-18,baseline,Tratamiento,4
47,2025-03-19,baseline,Tratamiento,6
47,2025-03-20,baseline,Tratamiento,5
47,2025-03-21,baseline,Tratamiento,4
47,2025-03-24,baseline,Tratamiento,4
47,2025-03-25,baseline,Tratamiento,3
47,2025-03-26,baseline,Tratamiento,3
47,2025-03-27,baseline,Tratamiento,5
47,2025-03-28,baseline,Tratamiento,5
47,2025-03-31,intervencion,Tratamiento,4
47,2025-04-01,intervencion,Tratamiento,6
47,2025-04-02,intervencion,Tratamiento,4
47,2025-04-03,intervencion,Tratamiento,5
47,2025-04-04,intervencion,Tratamiento,4
47,2025-04-07,intervencion,Tratamiento,6
47,2025-04-08,intervencion,Tratamiento,7
47,2025-04-09,intervencion,Tratamiento,3
47,2025-04-10,intervencion,Tratamiento,5
47,2025-04-11,intervencion,Tratamiento,6
47,2025-04-14,intervencion,Tratamiento,4
47,2025-04-15,intervencion,Tratamiento,5
47,2025-04-16,intervencion,Tratamiento,6
47,2025-04-17,intervencion,Tratamiento,5
47,2025-04-18,intervencion,Tratamiento,5
47,2025-04-21,intervencion,Tratamiento,7
47,2025-04-22,intervencion,Tratamiento,7
47,2025-04-23,intervencion,Tratamiento,5
47,2025-04-24,intervencion,Tratamiento,4
47,2025-04-25,intervencion,Tratamiento,4
48,2025-03-03,baseline,Control,5
48,2025-03-04,baseline,Control,3
48,2025-03-05,baseline,Control,4
48,2025-03-06,baseline,Control,5
48,2025-03-07,baseline,Control,4
48,2025-03-10,baseline,Control,5
48,2025-03-11,baseline,Control,7
48,2025-03-12,baseline,Control,4
48,2025-03-13,baseline,Control,4
48,2025-03-14,baseline,Control,6
48,2025-03-17,baseline,Control,5
48,2025-03-18,baseline,Control,6
48,2025-03-19,baseline,Control,5
48,2025-03-20,baseline,Control,4
48,2025-03-21,baseline,Control,3
48,2025-03-24,baseline,Control,3
48,2025-03-25,baseline,Control,3
48,2025-03-26,baseline,Control,5
48,2025-03-27,baseline,Control,3
48,2025-03-28,baseline,Control,6
48,2025-03-31,intervencion,Control,5
48,2025-04-01,intervencion,Control,4
48,2025-04-02,intervencion,Control,4
48,2025-04-03,intervencion,Control,5
48,2025-04-04,intervencion,Control,4
48,2025-04-07,intervencion,Control,4
48,2025-04-08,intervencion,Control,6
48,2025-04-09,intervencion,Control,5
48,2025-04-10,intervencion,Control,4
48,2025-04-11,intervencion,Control,5
48,2025-04-14,intervencion,Control,5
48,2025-04-15,intervencion,Control,5
48,2025-04-16,intervencion,Control,4
48,2025-04-17,intervencion,Control,6
48,2025-04-18,intervencion,Control,4
48,2025-04-21,intervencion,Control,6
48,2025-04-22,intervencion,Control,4
48,2025-04-23,intervencion,Control,5
48,2025-04-24,intervencion,Control,5
48,2025-04-25,intervencion,Control,6
49,2025-03-03,baseline,Control,4
49,2025-03-04,baseline,Control,6
49,2025-03-05,baseline,Control,6
49,2025-03-06,baseline,Control,4
49,2025-03-07,baseline,Control,5
49,2025-03-10,baseline,Control,4
49,2025-03-11,baseline,Control,4
49,2025-03-12,baseline,Control,6
49,2025-03-13,baseline,Control,4
49,2025-03-14,baseline,Control,4
49,2025-03-17,baseline,Control,6
49,2025-03-18,baseline,Control,5
49,2025-03-19,baseline,Control,7
49,2025-03-20,baseline,Control,4
49,2025-03-21,baseline,Control,5
49,2025-03-24,baseline,Control,4
49,2025-03-25,baseline,Control,5
49,2025-03-26,baseline,Control,3
49,2025-03-27,baseline,Control,5
49,2025-03-28,baseline,Control,5
49,2025-03-31,intervencion,Control,5
49,2025-04-01,intervencion,Control,4
49,2025-04-02,intervencion,Control,4
49,2025-04-03,intervencion,Control,5
49,2025-04-04,intervencion,Control,4
49,2025-04-07,intervencion,Control,5
49,2025-04-08,intervencion,Control,6
49,2025-04-09,intervencion,Control,6
49,2025-04-10,intervencion,Control,3
49,2025-04-11,intervencion,Control,4
49,2025-04-14,intervencion,Control,5
49,2025-04-15,intervencion,Control,5
49,2025-04-16,intervencion,Control,3
49,2025-04-17,intervencion,Control,5
49,2025-04-18,intervencion,Control,5
49,2025-04-21,intervencion,Control,6
49,2025-04-22,intervencion,Control,4
49,2025-04-23,intervencion,Control,6
49,2025-04-24,intervencion,Control,3
49,2025-04-25,intervencion,Control,4
50,2025-03-03,baseline,Control,5
50,2025-03-04,baseline,Control,6
50,2025-03-05,baseline,Control,4
50,2025-03-06,baseline,Control,5
50,2025-03-07,baseline,Control,3
50,2025-03-10,baseline,Control,4
50,2025-03-11,baseline,Control,5
50,2025-03-12,baseline,Control,4
50,2025-03-13,baseline,Control,4
50,2025-03-14,baseline,Control,4
50,2025-03-17,baseline,Control,4
50,2025-03-18,baseline,Control,6
50,2025-03-19,baseline,Control,5
50,2025-03-20,baseline,Control,4
50,2025-03-21,baseline,Control,4
50,2025-03-24,baseline,Control,3
50,2025-03-25,baseline,Control,4
50,2025-03-26,baseline,Control,6
50,2025-03-27,baseline,Control,4
50,2025-03-28,baseline,Control,6
50,2025-03-31,intervencion,Control,5
50,2025-04-01,intervencion,Control,5
50,2025-04-02,intervencion,Control,5
50,2025-04-03,intervencion,Control,2
50,2025-04-04,intervencion,Control,5
50,2025-04-07,intervencion,Control,5
50,2025-04-08,intervencion,Control,6
50,2025-04-09,intervencion,Control,5
50,2025-04-10,intervencion,Control,4
50,2025-04-11,intervencion,Control,6
50,2025-04-14,intervencion,Control,4
50,2025-04-15,intervencion,Control,4
50,2025-04-16,intervencion,Control,5
50,2025-04-17,intervencion,Control,4
50,2025-04-18,intervencion,Control,6
50,2025-04-21,intervencion,Control,5
50,2025-04-22,intervencion,Control,5
50,2025-04-23,intervencion,Control,5
50,2025-04-24,intervencion,Control,6
50,2025-04-25,intervencion,Control,5
51,2025-03-03,baseline,Control,6
51,2025-03-04,baseline,Control,5
51,2025-03-05,baseline,Control,5
51,2025-03-06,baseline,Control,6
51,2025-03-07,baseline,Control,5
51,2025-03-10,baseline,Control,5
51,2025-03-11,baseline,Control,6
51,2025-03-12,baseline,Control,6
51,2025-03-13,baseline,Control,5
51,2025-03-14,baseline,Control,4
51,2025-03-17,baseline,Control,6
51,2025-03-18,baseline,Control,5
51,2025-03-19,baseline,Control,5
51,2025-03-20,baseline,Control,4
51,2025-03-21,baseline,Control,5
51,2025-03-24,baseline,Control,5
51,2025-03-25,baseline,Control,4
51,2025-03-26,baseline,Control,5
51,2025-03-27,baseline,Control,5
51,2025-03-28,baseline,Control,4
51,2025-03-31,intervencion,Control,5
51,2025-04-01,intervencion,Control,6
51,2025-04-02,intervencion,Control,5
51,2025-04-03,intervencion,Control,4
51,2025-04-04,intervencion,Control,5
51,2025-04-07,intervencion,Control,5
51,2025-04-08,intervencion,Control,3
51,2025-04-09,intervencion,Control,5
51,2025-04-10,intervencion,Control,5
51,2025-04-11,intervencion,Control,7
51,2025-04-14,intervencion,Control,6
51,2025-04-15,intervencion,Control,5
51,2025-04-16,intervencion,Control,5
51,2025-04-17,intervencion,Control,5
51,2025-04-18,intervencion,Control,4
51,2025-04-21,intervencion,Control,3
51,2025-04-22,intervencion,Control,4
51,2025-04-23,intervencion,Control,5
51,2025-04-24,intervencion,Control,3
51,2025-04-25,intervencion,Control,4
52,2025-03-03,baseline,Control,4
52,2025-03-04,baseline,Control,4
52,2025-03-05,baseline,Control,4
52,2025-03-06,baseline,Control,4
52,2025-03-07,baseline,Control,6
52,2025-03-10,baseline,Control,5
52,2025-03-11,baseline,Control,4
52,2025-03-12,baseline,Control,5
52,2025-03-13,baseline,Control,5
52,2025-03-14,baseline,Control,4
52,2025-03-17,baseline,Control,4
52,2025-03-18,baseline,Control,6
52,2025-03-19,baseline,Control,4
52,2025-03-20,baseline,Control,4
52,2025-03-21,baseline,Control,5
52,2025-03-24,baseline,Control,5
52,2025-03-25,baseline,Control,3
52,2025-03-26,baseline,Control,5
52,2025-03-27,baseline,Control,5
52,2025-03-28,baseline,Control,5
52,2025-03-31,intervencion,Control,7
52,2025-04-01,intervencion,Control,6
52,2025-04-02,intervencion,Control,6
52,2025-04-03,intervencion,Control,7
52,2025-04-04,intervencion,Control,5
52,2025-04-07,intervencion,Control,5
52,2025-04-08,intervencion,Control,5
52,2025-04-09,intervencion,Control,4
52,2025-04-10,intervencion,Control,5
52,2025-04-11,intervencion,Control,4
52,2025-04-14,intervencion,Control,5
52,2025-04-15,intervencion,Control,4
52,2025-04-16,intervencion,Control,4
52,2025-04-17,intervencion,Control,5
52,2025-04-18,intervencion,Control,4
52,2025-04-21,intervencion,Control,3
52,2025-04-22,intervencion,Control,3
52,2025-04-23,intervencion,Control,4
52,2025-04-24,intervencion,Control,4
52,2025-04-25,intervencion,Control,5
53,2025-03-03,baseline,Tratamiento,5
53,2025-03-04,baseline,Tratamiento,6
53,2025-03-05,baseline,Tratamiento,5
53,2025-03-06,baseline,Tratamiento,6
53,2025-03-07,baseline,Tratamiento,5
53,2025-03-10,baseline,Tratamiento,5
53,2025-03-11,baseline,Tratamiento,6
53,2025-03-12,baseline,Tratamiento,5
53,2025-03-13,baseline,Tratamiento,5
53,2025-03-14,baseline,Tratamiento,6
53,2025-03-17,baseline,Tratamiento,2
53,2025-03-18,baseline,Tratamiento,4
53,2025-03-19,baseline,Tratamiento,4
53,2025-03-20,baseline,Tratamiento,6
53,2025-03-21,baseline,Tratamiento,6
53,2025-03-24,baseline,Tratamiento,3
53,2025-03-25,baseline,Tratamiento,6
53,2025-03-26,baseline,Tratamiento,4
53,2025-03-27,baseline,Tratamiento,4
53,2025-03-28,baseline,Tratamiento,4
53,2025-03-31,intervencion,Tratamiento,5
53,2025-04-01,intervencion,Tratamiento,4
53,2025-04-02,intervencion,Tratamiento,6
53,2025-04-03,intervencion,Tratamiento,6
53,2025-04-04,intervencion,Tratamiento,6
53,2025-04-07,intervencion,Tratamiento,5
53,2025-04-08,intervencion,Tratamiento,5
53,2025-04-09,intervencion,Tratamiento,5
53,2025-04-10,intervencion,Tratamiento,6
53,2025-04-11,intervencion,Tratamiento,2
53,2025-04-14,intervencion,Tratamiento,4
53,2025-04-15,intervencion,Tratamiento,5
53,2025-04-16,intervencion,Tratamiento,4
53,2025-04-17,intervencion,Tratamiento,5
53,2025-04-18,intervencion,Tratamiento,5
53,2025-04-21,intervencion,Tratamiento,4
53,2025-04-22,intervencion,Tratamiento,5
53,2025-04-23,intervencion,Tratamiento,6
53,2025-04-24,intervencion,Tratamiento,5
53,2025-04-25,intervencion,Tratamiento,5
54,2025-03-03,baseline,Tratamiento,4
54,2025-03-04,baseline,Tratamiento,5
54,2025-03-05,baseline,Tratamiento,3
54,2025-03-06,baseline,Tratamiento,5
54,2025-03-07,baseline,Tratamiento,4
54,2025-03-10,baseline,Tratamiento,6
54,2025-03-11,baseline,Tratamiento,5
54,2025-03-12,baseline,Tratamiento,6
54,2025-03-13,baseline,Tratamiento,4
54,2025-03-14,baseline,Tratamiento,4
54,2025-03-17,baseline,Tratamiento,3
54,2025-03-18,baseline,Tratamiento,4
54,2025-03-19,baseline,Tratamiento,6
54,2025-03-20,baseline,Tratamiento,6
54,2025-03-21,baseline,Tratamiento,4
54,2025-03-24,baseline,Tratamiento,4
54,2025-03-25,baseline,Tratamiento,5
54,2025-03-26,baseline,Tratamiento,5
54,2025-03-27,baseline,Tratamiento,3
54,2025-03-28,baseline,Tratamiento,3
54,2025-03-31,intervencion,Tratamiento,5
54,2025-04-01,intervencion,Tratamiento,3
54,2025-04-02,intervencion,Tratamiento,5
54,2025-04-03,intervencion,Tratamiento,5
54,2025-04-04,intervencion,Tratamiento,5
54,2025-04-07,intervencion,Tratamiento,5
54,2025-04-08,intervencion,Tratamiento,5
54,2025-04-09,intervencion,Tratamiento,6
54,2025-04-10,intervencion,Tratamiento,5
54,2025-04-11,intervencion,Tratamiento,4
54,2025-04-14,intervencion,Tratamiento,5
54,2025-04-15,intervencion,Tratamiento,5
54,2025-04-16,intervencion,Tratamiento,6
54,2025-04-17,intervencion,Tratamiento,6
54,2025-04-18,intervencion,Tratamiento,6
54,2025-04-21,intervencion,Tratamiento,4
54,2025-04-22,intervencion,Tratamiento,4
54,2025-04-23,intervencion,Tratamiento,5
54,2025-04-24,intervencion,Tratamiento,5
54,2025-04-25,intervencion,Tratamiento,4
55,2025-03-03,baseline,Tratamiento,6
55,2025-03-04,baseline,Tratamiento,5
55,2025-03-05,baseline,Tratamiento,4
55,2025-03-06,baseline,Tratamiento,5
55,2025-03-07,baseline,Tratamiento,5
55,2025-03-10,baseline,Tratamiento,5
55,2025-03-11,baseline,Tratamiento,3
55,2025-03-12,baseline,Tratamiento,4
55,2025-03-13,baseline,Tratamiento,5
55,2025-03-14,baseline,Tratamiento,5
55,2025-03-17,baseline,Tratamiento,4
55,2025-03-18,baseline,Tratamiento,2
55,2025-03-19,baseline,Tratamiento,4
55,2025-03-20,baseline,Tratamiento,5
55,2025-03-21,baseline,Tratamiento,5
55,2025-03-24,baseline,Tratamiento,6
55,2025-03-25,baseline,Tratamiento,5
55,2025-03-26,baseline,Tratamiento,5
55,2025-03-27,baseline,Tratamiento,5
55,2025-03-28,baseline,Tratamiento,6
55,2025-03-31,intervencion,Tratamiento,4
55,2025-04-01,intervencion,Tratamiento,5
55,2025-04-02,intervencion,Tratamiento,4
55,2025-04-03,intervencion,Tratamiento,6
55,2025-04-04,intervencion,Tratamiento,5
55,2025-04-07,intervencion,Tratamiento,4
55,2025-04-08,intervencion,Tratamiento,5
55,2025-04-09,intervencion,Tratamiento,5
55,2025-04-10,intervencion,Tratamiento,5
55,2025-04-11,intervencion,Tratamiento,4
55,2025-04-14,intervencion,Tratamiento,4
55,2025-04-15,intervencion,Tratamiento,5
55,2025-04-16,intervencion,Tratamiento,5
55,2025-04-17,intervencion,Tratamiento,5
55,2025-04-18,intervencion,Tratamiento,4
55,2025-04-21,intervencion,Tratamiento,5
55,2025-04-22,intervencion,Tratamiento,5
55,2025-04-23,intervencion,Tratamiento,5
55,2025-04-24,intervencion,Tratamiento,5
55,2025-04-25,intervencion,Tratamiento,6
56,2025-03-03,baseline,Tratamiento,5
56,2025-03-04,baseline,Tratamiento,5
56,2025-03-05,baseline,Tratamiento,4
56,2025-03-06,baseline,Tratamiento,4
56,2025-03-07,baseline,Tratamiento,4
56,2025-03-10,baseline,Tratamiento,4
56,2025-03-11,baseline,Tratamiento,5
56,2025-03-12,baseline,Tratamiento,4
56,2025-03-13,baseline,Tratamiento,5
56,2025-03-14,baseline,Tratamiento,4
56,2025-03-17,baseline,Tratamiento,3
56,2025-03-18,baseline,Tratamiento,5
56,2025-03-19,baseline,Tratamiento,4
56,2025-03-20,baseline,Tratamiento,4
56,2025-03-21,baseline,Tratamiento,4
56,2025-03-24,baseline,Tratamiento,5
56,2025-03-25,baseline,Tratamiento,6
56,2025-03-26,baseline,Tratamiento,4
56,2025-03-27,baseline,Tratamiento,4
56,2025-03-28,baseline,Tratamiento,6
56,2025-03-31,intervencion,Tratamiento,3
56,2025-04-01,intervencion,Tratamiento,7
56,2025-04-02,intervencion,Tratamiento,7
56,2025-04-03,intervencion,Tratamiento,3
56,2025-04-04,intervencion,Tratamiento,5
56,2025-04-07,intervencion,Tratamiento,4
56,2025-04-08,intervencion,Tratamiento,5
56,2025-04-09,intervencion,Tratamiento,5
56,2025-04-10,intervencion,Tratamiento,6
56,2025-04-11,intervencion,Tratamiento,5
56,2025-04-14,intervencion,Tratamiento,4
56,2025-04-15,intervencion,Tratamiento,5
56,2025-04-16,intervencion,Tratamiento,5
56,2025-04-17,intervencion,Tratamiento,4
56,2025-04-18,intervencion,Tratamiento,3
56,2025-04-21,intervencion,Tratamiento,7
56,2025-04-22,intervencion,Tratamiento,4
56,2025-04-23,intervencion,Tratamiento,5
56,2025-04-24,intervencion,Tratamiento,5
56,2025-04-25,intervencion,Tratamiento,5
57,2025-03-03,baseline,Tratamiento,6
57,2025-03-04,baseline,Tratamiento,5
57,2025-03-05,baseline,Tratamiento,3
57,2025-03-06,baseline,Tratamiento,3
57,2025-03-07,baseline,Tratamiento,4
57,2025-03-10,baseline,Tratamiento,4
57,2025-03-11,baseline,Tratamiento,3
57,2025-03-12,baseline,Tratamiento,5
57,2025-03-13,baseline,Tratamiento,4
57,2025-03-14,baseline,Tratamiento,6
57,2025-03-17,baseline,Tratamiento,6
57,2025-03-18,baseline,Tratamiento,4
57,2025-03-19,baseline,Tratamiento,5
57,2025-03-20,baseline,Tratamiento,3
57,2025-03-21,baseline,Tratamiento,5
57,2025-03-24,baseline,Tratamiento,4
57,2025-03-25,baseline,Tratamiento,4
57,2025-03-26,baseline,Tratamiento,4
57,2025-03-27,baseline,Tratamiento,4
57,2025-03-28,baseline,Tratamiento,4
57,2025-03-31,intervencion,Tratamiento,6
57,2025-04-01,intervencion,Tratamiento,4
57,2025-04-02,intervencion,Tratamiento,7
57,2025-04-03,intervencion,Tratamiento,4
57,2025-04-04,intervencion,Tratamiento,6
57,2025-04-07,intervencion,Tratamiento,4
57,2025-04-08,intervencion,Tratamiento,5
57,2025-04-09,intervencion,Tratamiento,5
57,2025-04-10,intervencion,Tratamiento,5
57,2025-04-11,intervencion,Tratamiento,6
57,2025-04-14,intervencion,Tratamiento,6
57,2025-04-15,intervencion,Tratamiento,6
57,2025-04-16,intervencion,Tratamiento,5
57,2025-04-17,intervencion,Tratamiento,5
57,2025-04-18,intervencion,Tratamiento,4
57,2025-04-21,intervencion,Tratamiento,4
57,2025-04-22,intervencion,Tratamiento,4
57,2025-04-23,intervencion,Tratamiento,5
57,2025-04-24,intervencion,Tratamiento,5
57,2025-04-25,intervencion,Tratamiento,3
58,2025-03-03,baseline,Tratamiento,5
58,2025-03-04,baseline,Tratamiento,6
58,2025-03-05,baseline,Tratamiento,6
58,2025-03-06,baseline,Tratamiento,4
58,2025-03-07,baseline,Tratamiento,3
58,2025-03-10,baseline,Tratamiento,5
58,2025-03-11,baseline,Tratamiento,3
58,2025-03-12,baseline,Tratamiento,6
58,2025-03-13,baseline,Tratamiento,4
58,2025-03-14,baseline,Tratamiento,6
58,2025-03-17,baseline,Tratamiento,3
58,2025-03-18,baseline,Tratamiento,5
58,2025-03-19,baseline,Tratamiento,5
58,2025-03-20,baseline,Tratamiento,4
58,2025-03-21,baseline,Tratamiento,3
58,2025-03-24,baseline,Tratamiento,5
58,2025-03-25,baseline,Tratamiento,5
58,2025-03-26,baseline,Tratamiento,6
58,2025-03-27,baseline,Tratamiento,6
58,2025-03-28,baseline,Tratamiento,4
58,2025-03-31,intervencion,Tratamiento,4
58,2025-04-01,intervencion,Tratamiento,4
58,2025-04-02,intervencion,Tratamiento,6
58,2025-04-03,intervencion,Tratamiento,4
58,2025-04-04,intervencion,Tratamiento,6
58,2025-04-07,intervencion,Tratamiento,5
58,2025-04-08,intervencion,Tratamiento,5
58,2025-04-09,intervencion,Tratamiento,5
58,2025-04-10,intervencion,Tratamiento,6
58,2025-04-11,intervencion,Tratamiento,5
58,2025-04-14,intervencion,Tratamiento,5
58,2025-04-15,intervencion,Tratamiento,6
58,2025-04-16,intervencion,Tratamiento,5
58,2025-04-17,intervencion,Tratamiento,4
58,2025-04-18,intervencion,Tratamiento,5
58,2025-04-21,intervencion,Tratamiento,5
58,2025-04-22,intervencion,Tratamiento,5
58,2025-04-23,intervencion,Tratamiento,5
58,2025-04-24,intervencion,Tratamiento,4
58,2025-04-25,intervencion,Tratamiento,7
59,2025-03-03,baseline,Control,6
59,2025-03-04,baseline,Control,5
59,2025-03-05,baseline,Control,4
59,2025-03-06,baseline,Control,4
59,2025-03-07,baseline,Control,6
59,2025-03-10,baseline,Control,4
59,2025-03-11,baseline,Control,4
59,2025-03-12,baseline,Control,6
59,2025-03-13,baseline,Control,5
59,2025-03-14,baseline,Control,6
59,2025-03-17,baseline,Control,3
59,2025-03-18,baseline,Control,5
59,2025-03-19,baseline,Control,6
59,2025-03-20,baseline,Control,5
59,2025-03-21,baseline,Control,4
59,2025-03-24,baseline,Control,4
59,2025-03-25,baseline,Control,6
59,2025-03-26,baseline,Control,4
59,2025-03-27,baseline,Control,5
59,2025-03-28,baseline,Control,3
59,2025-03-31,intervencion,Control,6
59,2025-04-01,intervencion,Control,6
59,2025-04-02,intervencion,Control,5
59,2025-04-03,intervencion,Control,4
59,2025-04-04,intervencion,Control,6
59,2025-04-07,intervencion,Control,4
59,2025-04-08,intervencion,Control,4
59,2025-04-09,intervencion,Control,3
59,2025-04-10,intervencion,Control,4
59,2025-04-11,intervencion,Control,3
59,2025-04-14,intervencion,Control,4
59,2025-04-15,intervencion,Control,5
59,2025-04-16,intervencion,Control,4
59,2025-04-17,intervencion,Control,5
59,2025-04-18,intervencion,Control,4
59,2025-04-21,intervencion,Control,5
59,2025-04-22,intervencion,Control,6
59,2025-04-23,intervencion,Control,4
59,2025-04-24,intervencion,Control,5
59,2025-04-25,intervencion,Control,3
60,2025-03-03,baseline,Control,6
60,2025-03-04,baseline,Control,4
60,2025-03-05,baseline,Control,6
60,2025-03-06,baseline,Control,4
60,2025-03-07,baseline,Control,5
60,2025-03-10,baseline,Control,5
60,2025-03-11,baseline,Control,4
60,2025-03-12,baseline,Control,6
60,2025-03-13,baseline,Control,4
60,2025-03-14,baseline,Control,5
60,2025-03-17,baseline,Control,4
60,2025-03-18,baseline,Control,5
60,2025-03-19,baseline,Control,4
60,2025-03-20,baseline,Control,5
60,2025-03-21,baseline,Control,4
60,2025-03-24,baseline,Control,5
60,2025-03-25,baseline,Control,5
60,2025-03-26,baseline,Control,4
60,2025-03-27,baseline,Control,5
60,2025-03-28,baseline,Control,5
60,2025-03-31,intervencion,Control,4
60,2025-04-01,intervencion,Control,4
60,2025-04-02,intervencion,Control,4
60,2025-04-03,intervencion,Control,7
60,2025-04-04,intervencion,Control,6
60,2025-04-07,intervencion,Control,5
60,2025-04-08,intervencion,Control,6
60,2025-04-09,intervencion,Control,3
60,2025-04-10,intervencion,Control,2
60,2025-04-11,intervencion,Control,4
60,2025-04-14,intervencion,Control,3
60,2025-04-15,intervencion,Control,4
60,2025-04-16,intervencion,Control,5
60,2025-04-17,intervencion,Control,5
60,2025-04-18,intervencion,Control,4
60,2025-04-21,intervencion,Control,5
60,2025-04-22,intervencion,Control,5
60,2025-04-23,intervencion,Control,5
60,2025-04-24,intervencion,Control,4
60,2025-04-25,intervencion,Control,6
61,2025-03-03,baseline,Control,5
61,2025-03-04,baseline,Control,6
61,2025-03-05,baseline,Control,4
61,2025-03-06,baseline,Control,5
61,2025-03-07,baseline,Control,5
61,2025-03-10,baseline,Control,4
61,2025-03-11,baseline,Control,5
61,2025-03-12,baseline,Control,4
61,2025-03-13,baseline,Control,2
61,2025-03-14,baseline,Control,2
61,2025-03-17,baseline,Control,6
61,2025-03-18,baseline,Control,6
61,2025-03-19,baseline,Control,6
61,2025-03-20,baseline,Control,5
61,2025-03-21,baseline,Control,3
61,2025-03-24,baseline,Control,4
61,2025-03-25,baseline,Control,5
61,2025-03-26,baseline,Control,4
61,2025-03-27,baseline,Control,6
61,2025-03-28,baseline,Control,7
61,2025-03-31,intervencion,Control,5
61,2025-04-01,intervencion,Control,5
61,2025-04-02,intervencion,Control,3
61,2025-04-03,intervencion,Control,6
61,2025-04-04,intervencion,Control,5
61,2025-04-07,intervencion,Control,4
61,2025-04-08,intervencion,Control,5
61,2025-04-09,intervencion,Control,4
61,2025-04-10,intervencion,Control,5
61,2025-04-11,intervencion,Control,3
61,2025-04-14,intervencion,Control,6
61,2025-04-15,intervencion,Control,5
61,2025-04-16,intervencion,Control,6
61,2025-04-17,intervencion,Control,4
61,2025-04-18,intervencion,Control,4
61,2025-04-21,intervencion,Control,4
61,2025-04-22,intervencion,Control,5
61,2025-04-23,intervencion,Control,4
61,2025-04-24,intervencion,Control,4
61,2025-04-25,intervencion,Control,5
62,2025-03-03,baseline,Control,5
62,2025-03-04,baseline,Control,3
62,2025-03-05,baseline,Control,4
62,2025-03-06,baseline,Control,5
62,2025-03-07,baseline,Control,4
62,2025-03-10,baseline,Control,4
62,2025-03-11,baseline,Control,5
62,2025-03-12,baseline,Control,4
62,2025-03-13,baseline,Control,4
62,2025-03-14,baseline,Control,5
62,2025-03-17,baseline,Control,5
62,2025-03-18,baseline,Control,4
62,2025-03-19,baseline,Control,4
62,2025-03-20,baseline,Control,3
62,2025-03-21,baseline,Control,5
62,2025-03-24,baseline,Control,5
62,2025-03-25,baseline,Control,4
62,2025-03-26,baseline,Control,5
62,2025-03-27,baseline,Control,4
62,2025-03-28,baseline,Control,4
62,2025-03-31,intervencion,Control,3
62,2025-04-01,intervencion,Control,4
62,2025-04-02,intervencion,Control,6
62,2025-04-03,intervencion,Control,4
62,2025-04-04,intervencion,Control,5
62,2025-04-07,intervencion,Control,4
62,2025-04-08,intervencion,Control,5
62,2025-04-09,intervencion,Control,4
62,2025-04-10,intervencion,Control,5
62,2025-04-11,intervencion,Control,5
62,2025-04-14,intervencion,Control,7
62,2025-04-15,intervencion,Control,5
62,2025-04-16,intervencion,Control,4
62,2025-04-17,intervencion,Control,5
62,2025-04-18,intervencion,Control,7
62,2025-04-21,intervencion,Control,3
62,2025-04-22,intervencion,Control,4
62,2025-04-23,intervencion,Control,4
62,2025-04-24,intervencion,Control,4
62,2025-04-25,intervencion,Control,4
63,2025-03-03,baseline,Tratamiento,3
63,2025-03-04,baseline,Tratamiento,6
63,2025-03-05,baseline,Tratamiento,3
63,2025-03-06,baseline,Tratamiento,4
63,2025-03-07,baseline,Tratamiento,6
63,2025-03-10,baseline,Tratamiento,5
63,2025-03-11,baseline,Tratamiento,4
63,2025-03-12,baseline,Tratamiento,3
63,2025-03-13,baseline,Tratamiento,4
63,2025-03-14,baseline,Tratamiento,4
63,2025-03-17,baseline,Tratamiento,5
63,2025-03-18,baseline,Tratamiento,3
63,2025-03-19,baseline,Tratamiento,5
63,2025-03-20,baseline,Tratamiento,5
63,2025-03-21,baseline,Tratamiento,5
63,2025-03-24,baseline,Tratamiento,6
63,2025-03-25,baseline,Tratamiento,4
63,2025-03-26,baseline,Tratamiento,4
63,2025-03-27,baseline,Tratamiento,4
63,2025-03-28,baseline,Tratamiento,4
63,2025-03-31,intervencion,Tratamiento,5
63,2025-04-01,intervencion,Tratamiento,4
63,2025-04-02,intervencion,Tratamiento,3
63,2025-04-03,intervencion,Tratamiento,4
63,2025-04-04,intervencion,Tratamiento,5
63,2025-04-07,intervencion,Tratamiento,5
63,2025-04-08,intervencion,Tratamiento,6
63,2025-04-09,intervencion,Tratamiento,7
63,2025-04-10,intervencion,Tratamiento,6
63,2025-04-11,intervencion,Tratamiento,6
63,2025-04-14,intervencion,Tratamiento,6
63,2025-04-15,intervencion,Tratamiento,6
63,2025-04-16,intervencion,Tratamiento,7
63,2025-04-17,intervencion,Tratamiento,6
63,2025-04-18,intervencion,Tratamiento,6
63,2025-04-21,intervencion,Tratamiento,5
63,2025-04-22,intervencion,Tratamiento,5
63,2025-04-23,intervencion,Tratamiento,5
63,2025-04-24,intervencion,Tratamiento,6
63,2025-04-25,intervencion,Tratamiento,4
64,2025-03-03,baseline,Control,4
64,2025-03-04,baseline,Control,2
64,2025-03-05,baseline,Control,6
64,2025-03-06,baseline,Control,4
64,2025-03-07,baseline,Control,5
64,2025-03-10,baseline,Control,6
64,2025-03-11,baseline,Control,5
64,2025-03-12,baseline,Control,6
64,2025-03-13,baseline,Control,3
64,2025-03-14,baseline,Control,7
64,2025-03-17,baseline,Control,6
64,2025-03-18,baseline,Control,5
64,2025-03-19,baseline,Control,6
64,2025-03-20,baseline,Control,4
64,2025-03-21,baseline,Control,4
64,2025-03-24,baseline,Control,6
64,2025-03-25,baseline,Control,3
64,2025-03-26,baseline,Control,5
64,2025-03-27,baseline,Control,5
64,2025-03-28,baseline,Control,6
64,2025-03-31,intervencion,Control,3
64,2025-04-01,intervencion,Control,6
64,2025-04-02,intervencion,Control,4
64,2025-04-03,intervencion,Control,4
64,2025-04-04,intervencion,Control,4
64,2025-04-07,intervencion,Control,4
64,2025-04-08,intervencion,Control,5
64,2025-04-09,intervencion,Control,4
64,2025-04-10,intervencion,Control,5
64,2025-04-11,intervencion,Control,4
64,2025-04-14,intervencion,Control,4
64,2025-04-15,intervencion,Control,4
64,2025-04-16,intervencion,Control,5
64,2025-04-17,intervencion,Control,4
64,2025-04-18,intervencion,Control,5
64,2025-04-21,intervencion,Control,5
64,2025-04-22,intervencion,Control,6
64,2025-04-23,intervencion,Control,4
64,2025-04-24,intervencion,Control,4
64,2025-04-25,intervencion,Control,5
65,2025-03-03,baseline,Tratamiento,5
65,2025-03-04,baseline,Tratamiento,3
65,2025-03-05,baseline,Tratamiento,4
65,2025-03-06,baseline,Tratamiento,4
65,2025-03-07,baseline,Tratamiento,4
65,2025-03-10,baseline,Tratamiento,4
65,2025-03-11,baseline,Tratamiento,5
65,2025-03-12,baseline,Tratamiento,3
65,2025-03-13,baseline,Tratamiento,3
65,2025-03-14,baseline,Tratamiento,4
65,2025-03-17,baseline,Tratamiento,4
65,2025-03-18,baseline,Tratamiento,3
65,2025-03-19,baseline,Tratamiento,4
65,2025-03-20,baseline,Tratamiento,4
65,2025-03-21,baseline,Tratamiento,4
65,2025-03-24,baseline,Tratamiento,5
65,2025-03-25,baseline,Tratamiento,4
65,2025-03-26,baseline,Tratamiento,6
65,2025-03-27,baseline,Tratamiento,5
65,2025-03-28,baseline,Tratamiento,4
65,2025-03-31,intervencion,Tratamiento,5
65,2025-04-01,intervencion,Tratamiento,5
65,2025-04-02,intervencion,Tratamiento,6
65,2025-04-03,intervencion,Tratamiento,4
65,2025-04-04,intervencion,Tratamiento,6
65,2025-04-07,intervencion,Tratamiento,5
65,2025-04-08,intervencion,Tratamiento,6
65,2025-04-09,intervencion,Tratamiento,6
65,2025-04-10,intervencion,Tratamiento,5
65,2025-04-11,intervencion,Tratamiento,5
65,2025-04-14,intervencion,Tratamiento,5
65,2025-04-15,intervencion,Tratamiento,5
65,2025-04-16,intervencion,Tratamiento,6
65,2025-04-17,intervencion,Tratamiento,5
65,2025-04-18,intervencion,Tratamiento,5
65,2025-04-21,intervencion,Tratamiento,5
65,2025-04-22,intervencion,Tratamiento,4
65,2025-04-23,intervencion,Tratamiento,5
65,2025-04-24,intervencion,Tratamiento,4
65,2025-04-25,intervencion,Tratamiento,6
66,2025-03-03,baseline,Control,3
66,2025-03-04,baseline,Control,5
66,2025-03-05,baseline,Control,6
66,2025-03-06,baseline,Control,3
66,2025-03-07,baseline,Control,6
66,2025-03-10,baseline,Control,4
66,2025-03-11,baseline,Control,5
66,2025-03-12,baseline,Control,5
66,2025-03-13,baseline,Control,5
66,2025-03-14,baseline,Control,5
66,2025-03-17,baseline,Control,5
66,2025-03-18,baseline,Control,5
66,2025-03-19,baseline,Control,6
66,2025-03-20,baseline,Control,5
66,2025-03-21,baseline,Control,6
66,2025-03-24,baseline,Control,5
66,2025-03-25,baseline,Control,3
66,2025-03-26,baseline,Control,7
66,2025-03-27,baseline,Control,4
66,2025-03-28,baseline,Control,6
66,2025-03-31,intervencion,Control,5
66,2025-04-01,intervencion,Control,6
66,2025-04-02,intervencion,Control,4
66,2025-04-03,intervencion,Control,5
66,2025-04-04,intervencion,Control,4
66,2025-04-07,intervencion,Control,6
66,2025-04-08,intervencion,Control,5
66,2025-04-09,intervencion,Control,5
66,2025-04-10,intervencion,Control,3
66,2025-04-11,intervencion,Control,5
66,2025-04-14,intervencion,Control,5
66,2025-04-15,intervencion,Control,5
66,2025-04-16,intervencion,Control,5
66,2025-04-17,intervencion,Control,4
66,2025-04-18,intervencion,Control,5
66,2025-04-21,intervencion,Control,6
66,2025-04-22,intervencion,Control,3
66,2025-04-23,intervencion,Control,5
66,2025-04-24,intervencion,Control,4
66,2025-04-25,intervencion,Control,4
67,2025-03-03,baseline,Control,5
67,2025-03-04,baseline,Control,6
67,2025-03-05,baseline,Control,6
67,2025-03-06,baseline,Control,4
67,2025-03-07,baseline,Control,5
67,2025-03-10,baseline,Control,5
67,2025-03-11,baseline,Control,5
67,2025-03-12,baseline,Control,4
67,2025-03-13,baseline,Control,4
67,2025-03-14,baseline,Control,5
67,2025-03-17,baseline,Control,5
67,2025-03-18,baseline,Control,4
67,2025-03-19,baseline,Control,3
67,2025-03-20,baseline,Control,5
67,2025-03-21,baseline,Control,4
67,2025-03-24,baseline,Control,5
67,2025-03-25,baseline,Control,6
67,2025-03-26,baseline,Control,3
67,2025-03-27,baseline,Control,5
67,2025-03-28,baseline,Control,4
67,2025-03-31,intervencion,Control,5
67,2025-04-01,intervencion,Control,6
67,2025-04-02,intervencion,Control,3
67,2025-04-03,intervencion,Control,5
67,2025-04-04,intervencion,Control,6
67,2025-04-07,intervencion,Control,4
67,2025-04-08,intervencion,Control,4
67,2025-04-09,intervencion,Control,5
67,2025-04-10,intervencion,Control,5
67,2025-04-11,intervencion,Control,5
67,2025-04-14,intervencion,Control,5
67,2025-04-15,intervencion,Control,4
67,2025-04-16,intervencion,Control,5
67,2025-04-17,intervencion,Control,6
67,2025-04-18,intervencion,Control,5
67,2025-04-21,intervencion,Control,3
67,2025-04-22,intervencion,Control,4
67,2025-04-23,intervencion,Control,5
67,2025-04-24,intervencion,Control,4
67,2025-04-25,intervencion,Control,4
68,2025-03-03,baseline,Tratamiento,3
68,2025-03-04,baseline,Tratamiento,5
68,2025-03-05,baseline,Tratamiento,5
68,2025-03-06,baseline,Tratamiento,3
68,2025-03-07,baseline,Tratamiento,5
68,2025-03-10,baseline,Tratamiento,5
68,2025-03-11,baseline,Tratamiento,5
68,2025-03-12,baseline,Tratamiento,4
68,2025-03-13,baseline,Tratamiento,4
68,2025-03-14,baseline,Tratamiento,4
68,2025-03-17,baseline,Tratamiento,4
68,2025-03-18,baseline,Tratamiento,5
68,2025-03-19,baseline,Tratamiento,5
68,2025-03-20,baseline,Tratamiento,4
68,2025-03-21,baseline,Tratamiento,4
68,2025-03-24,baseline,Tratamiento,4
68,2025-03-25,baseline,Tratamiento,7
68,2025-03-26,baseline,Tratamiento,4
68,2025-03-27,baseline,Tratamiento,4
68,2025-03-28,baseline,Tratamiento,7
68,2025-03-31,intervencion,Tratamiento,5
68,2025-04-01,intervencion,Tratamiento,4
68,2025-04-02,intervencion,Tratamiento,6
68,2025-04-03,intervencion,Tratamiento,4
68,2025-04-04,intervencion,Tratamiento,6
68,2025-04-07,intervencion,Tratamiento,5
68,2025-04-08,intervencion,Tratamiento,5
68,2025-04-09,intervencion,Tratamiento,6
68,2025-04-10,intervencion,Tratamiento,5
68,2025-04-11,intervencion,Tratamiento,6
68,2025-04-14,intervencion,Tratamiento,5
68,2025-04-15,intervencion,Tratamiento,5
68,2025-04-16,intervencion,Tratamiento,6
68,2025-04-17,intervencion,Tratamiento,6
68,2025-04-18,intervencion,Tratamiento,5
68,2025-04-21,intervencion,Tratamiento,7
68,2025-04-22,intervencion,Tratamiento,6
68,2025-04-23,intervencion,Tratamiento,5
68,2025-04-24,intervencion,Tratamiento,5
68,2025-04-25,intervencion,Tratamiento,5
69,2025-03-03,baseline,Tratamiento,3
69,2025-03-04,baseline,Tratamiento,5
69,2025-03-05,baseline,Tratamiento,5
69,2025-03-06,baseline,Tratamiento,4
69,2025-03-07,baseline,Tratamiento,5
69,2025-03-10,baseline,Tratamiento,5
69,2025-03-11,baseline,Tratamiento,5
69,2025-03-12,baseline,Tratamiento,5
69,2025-03-13,baseline,Tratamiento,5
69,2025-03-14,baseline,Tratamiento,3
69,2025-03-17,baseline,Tratamiento,6
69,2025-03-18,baseline,Tratamiento,4
69,2025-03-19,baseline,Tratamiento,5
69,2025-03-20,baseline,Tratamiento,4
69,2025-03-21,baseline,Tratamiento,4
69,2025-03-24,baseline,Tratamiento,6
69,2025-03-25,baseline,Tratamiento,6
69,2025-03-26,baseline,Tratamiento,5
69,2025-03-27,baseline,Tratamiento,5
69,2025-03-28,baseline,Tratamiento,5
69,2025-03-31,intervencion,Tratamiento,5
69,2025-04-01,intervencion,Tratamiento,5
69,2025-04-02,intervencion,Tratamiento,5
69,2025-04-03,intervencion,Tratamiento,5
69,2025-04-04,intervencion,Tratamiento,5
69,2025-04-07,intervencion,Tratamiento,5
69,2025-04-08,intervencion,Tratamiento,5
69,2025-04-09,intervencion,Tratamiento,4
69,2025-04-10,intervencion,Tratamiento,6
69,2025-04-11,intervencion,Tratamiento,4
69,2025-04-14,intervencion,Tratamiento,4
69,2025-04-15,intervencion,Tratamiento,4
69,2025-04-16,intervencion,Tratamiento,4
69,2025-04-17,intervencion,Tratamiento,6
69,2025-04-18,intervencion,Tratamiento,4
69,2025-04-21,intervencion,Tratamiento,4
69,2025-04-22,intervencion,Tratamiento,6
69,2025-04-23,intervencion,Tratamiento,4
69,2025-04-24,intervencion,Tratamiento,5
69,2025-04-25,intervencion,Tratamiento,4
70,2025-03-03,baseline,Tratamiento,5
70,2025-03-04,baseline,Tratamiento,5
70,2025-03-05,baseline,Tratamiento,5
70,2025-03-06,baseline,Tratamiento,5
70,2025-03-07,baseline,Tratamiento,5
70,2025-03-10,baseline,Tratamiento,4
70,2025-03-11,baseline,Tratamiento,4
70,2025-03-12,baseline,Tratamiento,6
70,2025-03-13,baseline,Tratamiento,5
70,2025-03-14,baseline,Tratamiento,4
70,2025-03-17,baseline,Tratamiento,5
70,2025-03-18,baseline,Tratamiento,4
70,2025-03-19,baseline,Tratamiento,4
70,2025-03-20,baseline,Tratamiento,5
70,2025-03-21,baseline,Tratamiento,4
70,2025-03-24,baseline,Tratamiento,4
70,2025-03-25,baseline,Tratamiento,3
70,2025-03-26,baseline,Tratamiento,3
70,2025-03-27,baseline,Tratamiento,4
70,2025-03-28,baseline,Tratamiento,5
70,2025-03-31,intervencion,Tratamiento,4
70,2025-04-01,intervencion,Tratamiento,6
70,2025-04-02,intervencion,Tratamiento,5
70,2025-04-03,intervencion,Tratamiento,5
70,2025-04-04,intervencion,Tratamiento,5
70,2025-04-07,intervencion,Tratamiento,4
70,2025-04-08,intervencion,Tratamiento,5
70,2025-04-09,intervencion,Tratamiento,4
70,2025-04-10,intervencion,Tratamiento,5
70,2025-04-11,intervencion,Tratamiento,4
70,2025-04-14,intervencion,Tratamiento,6
70,2025-04-15,intervencion,Tratamiento,5
70,2025-04-16,intervencion,Tratamiento,6
70,2025-04-17,intervencion,Tratamiento,4
70,2025-04-18,intervencion,Tratamiento,4
70,2025-04-21,intervencion,Tratamiento,5
70,2025-04-22,intervencion,Tratamiento,6
70,2025-04-23,intervencion,Tratamiento,6
70,2025-04-24,intervencion,Tratamiento,5
70,2025-04-25,intervencion,Tratamiento,7
71,2025-03-03,baseline,Control,4
71,2025-03-04,baseline,Control,6
71,2025-03-05,baseline,Control,4
71,2025-03-06,baseline,Control,5
71,2025-03-07,baseline,Control,2
71,2025-03-10,baseline,Control,4
71,2025-03-11,baseline,Control,5
71,2025-03-12,baseline,Control,3
71,2025-03-13,baseline,Control,5
71,2025-03-14,baseline,Control,5
71,2025-03-17,baseline,Control,4
71,2025-03-18,baseline,Control,4
71,2025-03-19,baseline,Control,4
71,2025-03-20,baseline,Control,4
71,2025-03-21,baseline,Control,5
71,2025-03-24,baseline,Control,5
71,2025-03-25,baseline,Control,4
71,2025-03-26,baseline,Control,6
71,2025-03-27,baseline,Control,4
71,2025-03-28,baseline,Control,6
71,2025-03-31,intervencion,Control,4
71,2025-04-01,intervencion,Control,5
71,2025-04-02,intervencion,Control,6
71,2025-04-03,intervencion,Control,6
71,2025-04-04,intervencion,Control,4
71,2025-04-07,intervencion,Control,5
71,2025-04-08,intervencion,Control,5
71,2025-04-09,intervencion,Control,4
71,2025-04-10,intervencion,Control,5
71,2025-04-11,intervencion,Control,6
71,2025-04-14,intervencion,Control,5
71,2025-04-15,intervencion,Control,5
71,2025-04-16,intervencion,Control,5
71,2025-04-17,intervencion,Control,3
71,2025-04-18,intervencion,Control,5
71,2025-04-21,intervencion,Control,4
71,2025-04-22,intervencion,Control,4
71,2025-04-23,intervencion,Control,7
71,2025-04-24,intervencion,Control,4
71,2025-04-25,intervencion,Control,4
72,2025-03-03,baseline,Control,6
72,2025-03-04,baseline,Control,4
72,2025-03-05,baseline,Control,4
72,2025-03-06,baseline,Control,6
72,2025-03-07,baseline,Control,5
72,2025-03-10,baseline,Control,3
72,2025-03-11,baseline,Control,5
72,2025-03-12,baseline,Control,4
72,2025-03-13,baseline,Control,6
72,2025-03-14,baseline,Control,4
72,2025-03-17,baseline,Control,6
72,2025-03-18,baseline,Control,6
72,2025-03-19,baseline,Control,4
72,2025-03-20,baseline,Control,4
72,2025-03-21,baseline,Control,5
72,2025-03-24,baseline,Control,4
72,2025-03-25,baseline,Control,5
72,2025-03-26,baseline,Control,4
72,2025-03-27,baseline,Control,4
72,2025-03-28,baseline,Control,5
72,2025-03-31,intervencion,Control,5
72,2025-04-01,intervencion,Control,5
72,2025-04-02,intervencion,Control,4
72,2025-04-03,intervencion,Control,4
72,2025-04-04,intervencion,Control,4
72,2025-04-07,intervencion,Control,5
72,2025-04-08,intervencion,Control,4
72,2025-04-09,intervencion,Control,5
72,2025-04-10,intervencion,Control,3
72,2025-04-11,intervencion,Control,4
72,2025-04-14,intervencion,Control,4
72,2025-04-15,intervencion,Control,4
72,2025-04-16,intervencion,Control,6
72,2025-04-17,intervencion,Control,5
72,2025-04-18,intervencion,Control,5
72,2025-04-21,intervencion,Control,4
72,2025-04-22,intervencion,Control,5
72,2025-04-23,intervencion,Control,4
72,2025-04-24,intervencion,Control,4
72,2025-04-25,intervencion,Control,4
73,2025-03-03,baseline,Tratamiento,4
73,2025-03-04,baseline,Tratamiento,2
73,2025-03-05,baseline,Tratamiento,4
73,2025-03-06,baseline,Tratamiento,6
73,2025-03-07,baseline,Tratamiento,5
73,2025-03-10,baseline,Tratamiento,6
73,2025-03-11,baseline,Tratamiento,6
73,2025-03-12,baseline,Tratamiento,5
73,2025-03-13,baseline,Tratamiento,4
73,2025-03-14,baseline,Tratamiento,4
73,2025-03-17,baseline,Tratamiento,6
73,2025-03-18,baseline,Tratamiento,5
73,2025-03-19,baseline,Tratamiento,7
73,2025-03-20,baseline,Tratamiento,4
73,2025-03-21,baseline,Tratamiento,6
73,2025-03-24,baseline,Tratamiento,4
73,2025-03-25,baseline,Tratamiento,6
73,2025-03-26,baseline,Tratamiento,6
73,2025-03-27,baseline,Tratamiento,4
73,2025-03-28,baseline,Tratamiento,4
73,2025-03-31,intervencion,Tratamiento,4
73,2025-04-01,intervencion,Tratamiento,4
73,2025-04-02,intervencion,Tratamiento,6
73,2025-04-03,intervencion,Tratamiento,5
73,2025-04-04,intervencion,Tratamiento,5
73,2025-04-07,intervencion,Tratamiento,5
73,2025-04-08,intervencion,Tratamiento,3
73,2025-04-09,intervencion,Tratamiento,6
73,2025-04-10,intervencion,Tratamiento,5
73,2025-04-11,intervencion,Tratamiento,5
73,2025-04-14,intervencion,Tratamiento,6
73,2025-04-15,intervencion,Tratamiento,6
73,2025-04-16,intervencion,Tratamiento,5
73,2025-04-17,intervencion,Tratamiento,3
73,2025-04-18,intervencion,Tratamiento,5
73,2025-04-21,intervencion,Tratamiento,5
73,2025-04-22,intervencion,Tratamiento,4
73,2025-04-23,intervencion,Tratamiento,5
73,2025-04-24,intervencion,Tratamiento,5
73,2025-04-25,intervencion,Tratamiento,4
74,2025-03-03,baseline,Tratamiento,5
74,2025-03-04,baseline,Tratamiento,4
74,2025-03-05,baseline,Tratamiento,4
74,2025-03-06,baseline,Tratamiento,4
74,2025-03-07,baseline,Tratamiento,6
74,2025-03-10,baseline,Tratamiento,5
74,2025-03-11,baseline,Tratamiento,5
74,2025-03-12,baseline,Tratamiento,4
74,2025-03-13,baseline,Tratamiento,5
74,2025-03-14,baseline,Tratamiento,6
74,2025-03-17,baseline,Tratamiento,5
74,2025-03-18,baseline,Tratamiento,5
74,2025-03-19,baseline,Tratamiento,5
74,2025-03-20,baseline,Tratamiento,3
74,2025-03-21,baseline,Tratamiento,4
74,2025-03-24,baseline,Tratamiento,4
74,2025-03-25,baseline,Tratamiento,4
74,2025-03-26,baseline,Tratamiento,4
74,2025-03-27,baseline,Tratamiento,3
74,2025-03-28,baseline,Tratamiento,3
74,2025-03-31,intervencion,Tratamiento,5
74,2025-04-01,intervencion,Tratamiento,5
74,2025-04-02,intervencion,Tratamiento,4
74,2025-04-03,intervencion,Tratamiento,5
74,2025-04-04,intervencion,Tratamiento,5
74,2025-04-07,intervencion,Tratamiento,6
74,2025-04-08,intervencion,Tratamiento,5
74,2025-04-09,intervencion,Tratamiento,6
74,2025-04-10,intervencion,Tratamiento,5
74,2025-04-11,intervencion,Tratamiento,4
74,2025-04-14,intervencion,Tratamiento,5
74,2025-04-15,intervencion,Tratamiento,4
74,2025-04-16,intervencion,Tratamiento,5
74,2025-04-17,intervencion,Tratamiento,4
74,2025-04-18,intervencion,Tratamiento,5
74,2025-04-21,intervencion,Tratamiento,4
74,2025-04-22,intervencion,Tratamiento,5
74,2025-04-23,intervencion,Tratamiento,5
74,2025-04-24,intervencion,Tratamiento,6
74,2025-04-25,intervencion,Tratamiento,4
75,2025-03-03,baseline,Control,5
75,2025-03-04,baseline,Control,5
75,2025-03-05,baseline,Control,6
75,2025-03-06,baseline,Control,3
75,2025-03-07,baseline,Control,4
75,2025-03-10,baseline,Control,7
75,2025-03-11,baseline,Control,4
75,2025-03-12,baseline,Control,3
75,2025-03-13,baseline,Control,4
75,2025-03-14,baseline,Control,2
75,2025-03-17,baseline,Control,5
75,2025-03-18,baseline,Control,5
75,2025-03-19,baseline,Control,4
75,2025-03-20,baseline,Control,4
75,2025-03-21,baseline,Control,5
75,2025-03-24,baseline,Control,3
75,2025-03-25,baseline,Control,3
75,2025-03-26,baseline,Control,4
75,2025-03-27,baseline,Control,4
75,2025-03-28,baseline,Control,4
75,2025-03-31,intervencion,Control,3
75,2025-04-01,intervencion,Control,5
75,2025-04-02,intervencion,Control,4
75,2025-04-03,intervencion,Control,5
75,2025-04-04,intervencion,Control,5
75,2025-04-07,intervencion,Control,5
75,2025-04-08,intervencion,Control,3
75,2025-04-09,intervencion,Control,5
75,2025-04-10,intervencion,Control,4
75,2025-04-11,intervencion,Control,4
75,2025-04-14,intervencion,Control,6
75,2025-04-15,intervencion,Control,4
75,2025-04-16,intervencion,Control,6
75,2025-04-17,intervencion,Control,6
75,2025-04-18,intervencion,Control,5
75,2025-04-21,intervencion,Control,4
75,2025-04-22,intervencion,Control,3
75,2025-04-23,intervencion,Control,6
75,2025-04-24,intervencion,Control,5
75,2025-04-25,intervencion,Control,4
76,2025-03-03,baseline,Tratamiento,6
76,2025-03-04,baseline,Tratamiento,4
76,2025-03-05,baseline,Tratamiento,4
76,2025-03-06,baseline,Tratamiento,5
76,2025-03-07,baseline,Tratamiento,4
76,2025-03-10,baseline,Tratamiento,5
76,2025-03-11,baseline,Tratamiento,6
76,2025-03-12,baseline,Tratamiento,5
76,2025-03-13,baseline,Tratamiento,6
76,2025-03-14,baseline,Tratamiento,6
76,2025-03-17,baseline,Tratamiento,5
76,2025-03-18,baseline,Tratamiento,2
76,2025-03-19,baseline,Tratamiento,4
76,2025-03-20,baseline,Tratamiento,5
76,2025-03-21,baseline,Tratamiento,3
76,2025-03-24,baseline,Tratamiento,4
76,2025-03-25,baseline,Tratamiento,5
76,2025-03-26,baseline,Tratamiento,6
76,2025-03-27,baseline,Tratamiento,4
76,2025-03-28,baseline,Tratamiento,4
76,2025-03-31,intervencion,Tratamiento,5
76,2025-04-01,intervencion,Tratamiento,5
76,2025-04-02,intervencion,Tratamiento,5
76,2025-04-03,intervencion,Tratamiento,6
76,2025-04-04,intervencion,Tratamiento,4
76,2025-04-07,intervencion,Tratamiento,5
76,2025-04-08,intervencion,Tratamiento,5
76,2025-04-09,intervencion,Tratamiento,5
76,2025-04-10,intervencion,Tratamiento,6
76,2025-04-11,intervencion,Tratamiento,5
76,2025-04-14,intervencion,Tratamiento,6
76,2025-04-15,intervencion,Tratamiento,5
76,2025-04-16,intervencion,Tratamiento,5
76,2025-04-17,intervencion,Tratamiento,4
76,2025-04-18,intervencion,Tratamiento,4
76,2025-04-21,intervencion,Tratamiento,6
76,2025-04-22,intervencion,Tratamiento,6
76,2025-04-23,intervencion,Tratamiento,4
76,2025-04-24,intervencion,Tratamiento,5
76,2025-04-25,intervencion,Tratamiento,3
77,2025-03-03,baseline,Control,4
77,2025-03-04,baseline,Control,5
77,2025-03-05,baseline,Control,4
77,2025-03-06,baseline,Control,5
77,2025-03-07,baseline,Control,2
77,2025-03-10,baseline,Control,4
77,2025-03-11,baseline,Control,5
77,2025-03-12,baseline,Control,5
77,2025-03-13,baseline,Control,5
77,2025-03-14,baseline,Control,4
77,2025-03-17,baseline,Control,4
77,2025-03-18,baseline,Control,3
77,2025-03-19,baseline,Control,4
77,2025-03-20,baseline,Control,3
77,2025-03-21,baseline,Control,3
77,2025-03-24,baseline,Control,4
77,2025-03-25,baseline,Control,6
77,2025-03-26,baseline,Control,4
77,2025-03-27,baseline,Control,5
77,2025-03-28,baseline,Control,4
77,2025-03-31,intervencion,Control,3
77,2025-04-01,intervencion,Control,5
77,2025-04-02,intervencion,Control,3
77,2025-04-03,intervencion,Control,4
77,2025-04-04,intervencion,Control,5
77,2025-04-07,intervencion,Control,5
77,2025-04-08,intervencion,Control,4
77,2025-04-09,intervencion,Control,3
77,2025-04-10,intervencion,Control,4
77,2025-04-11,intervencion,Control,4
77,2025-04-14,intervencion,Control,4
77,2025-04-15,intervencion,Control,5
77,2025-04-16,intervencion,Control,4
77,2025-04-17,intervencion,Control,5
77,2025-04-18,intervencion,Control,5
77,2025-04-21,intervencion,Control,5
77,2025-04-22,intervencion,Control,4
77,2025-04-23,intervencion,Control,5
77,2025-04-24,intervencion,Control,4
77,2025-04-25,intervencion,Control,5
78,2025-03-03,baseline,Control,3
78,2025-03-04,baseline,Control,2
78,2025-03-05,baseline,Control,5
78,2025-03-06,baseline,Control,5
78,2025-03-07,baseline,Control,5
78,2025-03-10,baseline,Control,4
78,2025-03-11,baseline,Control,6
78,2025-03-12,baseline,Control,4
78,2025-03-13,baseline,Control,5
78,2025-03-14,baseline,Control,5
78,2025-03-17,baseline,Control,6
78,2025-03-18,baseline,Control,4
78,2025-03-19,baseline,Control,4
78,2025-03-20,baseline,Control,3
78,2025-03-21,baseline,Control,6
78,2025-03-24,baseline,Control,5
78,2025-03-25,baseline,Control,5
78,2025-03-26,baseline,Control,7
78,2025-03-27,baseline,Control,5
78,2025-03-28,baseline,Control,3
78,2025-03-31,intervencion,Control,4
78,2025-04-01,intervencion,Control,4
78,2025-04-02,intervencion,Control,4
78,2025-04-03,intervencion,Control,4
78,2025-04-04,intervencion,Control,4
78,2025-04-07,intervencion,Control,3
78,2025-04-08,intervencion,Control,6
78,2025-04-09,intervencion,Control,5
78,2025-04-10,intervencion,Control,4
78,2025-04-11,intervencion,Control,5
78,2025-04-14,intervencion,Control,5
78,2025-04-15,intervencion,Control,5
78,2025-04-16,intervencion,Control,5
78,2025-04-17,intervencion,Control,5
78,2025-04-18,intervencion,Control,5
78,2025-04-21,intervencion,Control,5
78,2025-04-22,intervencion,Control,5
78,2025-04-23,intervencion,Control,4
78,2025-04-24,intervencion,Control,6
78,2025-04-25,intervencion,Control,4
79,2025-03-03,baseline,Tratamiento,5
79,2025-03-04,baseline,Tratamiento,5
79,2025-03-05,baseline,Tratamiento,4
79,2025-03-06,baseline,Tratamiento,4
79,2025-03-07,baseline,Tratamiento,4
79,2025-03-10,baseline,Tratamiento,4
79,2025-03-11,baseline,Tratamiento,3
79,2025-03-12,baseline,Tratamiento,4
79,2025-03-13,baseline,Tratamiento,5
79,2025-03-14,baseline,Tratamiento,6
79,2025-03-17,baseline,Tratamiento,5
79,2025-03-18,baseline,Tratamiento,2
79,2025-03-19,baseline,Tratamiento,5
79,2025-03-20,baseline,Tratamiento,4
79,2025-03-21,baseline,Tratamiento,5
79,2025-03-24,baseline,Tratamiento,5
79,2025-03-25,baseline,Tratamiento,4
79,2025-03-26,baseline,Tratamiento,5
79,2025-03-27,baseline,Tratamiento,5
79,2025-03-28,baseline,Tratamiento,6
79,2025-03-31,intervencion,Tratamiento,5
79,2025-04-01,intervencion,Tratamiento,6
79,2025-04-02,intervencion,Tratamiento,6
79,2025-04-03,intervencion,Tratamiento,6
79,2025-04-04,intervencion,Tratamiento,3
79,2025-04-07,intervencion,Tratamiento,6
79,2025-04-08,intervencion,Tratamiento,5
79,2025-04-09,intervencion,Tratamiento,6
79,2025-04-10,intervencion,Tratamiento,4
79,2025-04-11,intervencion,Tratamiento,4
79,2025-04-14,intervencion,Tratamiento,7
79,2025-04-15,intervencion,Tratamiento,4
79,2025-04-16,intervencion,Tratamiento,6
79,2025-04-17,intervencion,Tratamiento,5
79,2025-04-18,intervencion,Tratamiento,5
79,2025-04-21,intervencion,Tratamiento,5
79,2025-04-22,intervencion,Tratamiento,4
79,2025-04-23,intervencion,Tratamiento,5
79,2025-04-24,intervencion,Tratamiento,4
79,2025-04-25,intervencion,Tratamiento,5
80,2025-03-03,baseline,Control,5
80,2025-03-04,baseline,Control,5
80,2025-03-05,baseline,Control,3
80,2025-03-06,baseline,Control,5
80,2025-03-07,baseline,Control,5
80,2025-03-10,baseline,Control,4
80,2025-03-11,baseline,Control,5
80,2025-03-12,baseline,Control,4
80,2025-03-13,baseline,Control,4
80,2025-03-14,baseline,Control,6
80,2025-03-17,baseline,Control,5
80,2025-03-18,baseline,Control,5
80,2025-03-19,baseline,Control,4
80,2025-03-20,baseline,Control,6
80,2025-03-21,baseline,Control,4
80,2025-03-24,baseline,Control,3
80,2025-03-25,baseline,Control,4
80,2025-03-26,baseline,Control,6
80,2025-03-27,baseline,Control,5
80,2025-03-28,baseline,Control,4
80,2025-03-31,intervencion,Control,6
80,2025-04-01,intervencion,Control,5
80,2025-04-02,intervencion,Control,4
80,2025-04-03,intervencion,Control,4
80,2025-04-04,intervencion,Control,5
80,2025-04-07,intervencion,Control,4
80,2025-04-08,intervencion,Control,5
80,2025-04-09,intervencion,Control,5
80,2025-04-10,intervencion,Control,3
80,2025-04-11,intervencion,Control,4
80,2025-04-14,intervencion,Control,4
80,2025-04-15,intervencion,Control,6
80,2025-04-16,intervencion,Control,3
80,2025-04-17,intervencion,Control,4
80,2025-04-18,intervencion,Control,4
80,2025-04-21,intervencion,Control,5
80,2025-04-22,intervencion,Control,5
80,2025-04-23,intervencion,Control,6
80,2025-04-24,intervencion,Control,5
80,2025-04-25,intervencion,Control,4
81,2025-03-03,baseline,Control,5
81,2025-03-04,baseline,Control,4
81,2025-03-05,baseline,Control,5
81,2025-03-06,baseline,Control,3
81,2025-03-07,baseline,Control,4
81,2025-03-10,baseline,Control,5
81,2025-03-11,baseline,Control,6
81,2025-03-12,baseline,Control,3
81,2025-03-13,baseline,Control,6
81,2025-03-14,baseline,Control,4
81,2025-03-17,baseline,Control,3
81,2025-03-18,baseline,Control,2
81,2025-03-19,baseline,Control,3
81,2025-03-20,baseline,Control,5
81,2025-03-21,baseline,Control,5
81,2025-03-24,baseline,Control,5
81,2025-03-25,baseline,Control,4
81,2025-03-26,baseline,Control,4
81,2025-03-27,baseline,Control,4
81,2025-03-28,baseline,Control,5
81,2025-03-31,intervencion,Control,5
81,2025-04-01,intervencion,Control,4
81,2025-04-02,intervencion,Control,5
81,2025-04-03,intervencion,Control,4
81,2025-04-04,intervencion,Control,4
81,2025-04-07,intervencion,Control,4
81,2025-04-08,intervencion,Control,6
81,2025-04-09,intervencion,Control,4
81,2025-04-10,intervencion,Control,4
81,2025-04-11,intervencion,Control,5
81,2025-04-14,intervencion,Control,7
81,2025-04-15,intervencion,Control,5
81,2025-04-16,intervencion,Control,6
81,2025-04-17,intervencion,Control,6
81,2025-04-18,intervencion,Control,4
81,2025-04-21,intervencion,Control,5
81,2025-04-22,intervencion,Control,3
81,2025-04-23,intervencion,Control,4
81,2025-04-24,intervencion,Control,4
81,2025-04-25,intervencion,Control,4
82,2025-03-03,baseline,Tratamiento,4
82,2025-03-04,baseline,Tratamiento,4
82,2025-03-05,baseline,Tratamiento,5
82,2025-03-06,baseline,Tratamiento,4
82,2025-03-07,baseline,Tratamiento,3
82,2025-03-10,baseline,Tratamiento,4
82,2025-03-11,baseline,Tratamiento,3
82,2025-03-12,baseline,Tratamiento,5
82,2025-03-13,baseline,Tratamiento,5
82,2025-03-14,baseline,Tratamiento,5
82,2025-03-17,baseline,Tratamiento,4
82,2025-03-18,baseline,Tratamiento,5
82,2025-03-19,baseline,Tratamiento,4
82,2025-03-20,baseline,Tratamiento,4
82,2025-03-21,baseline,Tratamiento,5
82,2025-03-24,baseline,Tratamiento,5
82,2025-03-25,baseline,Tratamiento,5
82,2025-03-26,baseline,Tratamiento,4
82,2025-03-27,baseline,Tratamiento,6
82,2025-03-28,baseline,Tratamiento,4
82,2025-03-31,intervencion,Tratamiento,6
82,2025-04-01,intervencion,Tratamiento,4
82,2025-04-02,intervencion,Tratamiento,5
82,2025-04-03,intervencion,Tratamiento,3
82,2025-04-04,intervencion,Tratamiento,5
82,2025-04-07,intervencion,Tratamiento,5
82,2025-04-08,intervencion,Tratamiento,5
82,2025-04-09,intervencion,Tratamiento,7
82,2025-04-10,intervencion,Tratamiento,4
82,2025-04-11,intervencion,Tratamiento,4
82,2025-04-14,intervencion,Tratamiento,4
82,2025-04-15,intervencion,Tratamiento,4
82,2025-04-16,intervencion,Tratamiento,6
82,2025-04-17,intervencion,Tratamiento,6
82,2025-04-18,intervencion,Tratamiento,4
82,2025-04-21,intervencion,Tratamiento,4
82,2025-04-22,intervencion,Tratamiento,4
82,2025-04-23,intervencion,Tratamiento,6
82,2025-04-24,intervencion,Tratamiento,6
82,2025-04-25,intervencion,Tratamiento,5
83,2025-03-03,baseline,Tratamiento,3
83,2025-03-04,baseline,Tratamiento,3
83,2025-03-05,baseline,Tratamiento,5
83,2025-03-06,baseline,Tratamiento,5
83,2025-03-07,baseline,Tratamiento,3
83,2025-03-10,baseline,Tratamiento,4
83,2025-03-11,baseline,Tratamiento,6
83,2025-03-12,baseline,Tratamiento,4
83,2025-03-13,baseline,Tratamiento,6
83,2025-03-14,baseline,Tratamiento,5
83,2025-03-17,baseline,Tratamiento,4
83,2025-03-18,baseline,Tratamiento,4
83,2025-03-19,baseline,Tratamiento,4
83,2025-03-20,baseline,Tratamiento,4
83,2025-03-21,baseline,Tratamiento,4
83,2025-03-24,baseline,Tratamiento,6
83,2025-03-25,baseline,Tratamiento,4
83,2025-03-26,baseline,Tratamiento,6
83,2025-03-27,baseline,Tratamiento,4
83,2025-03-28,baseline,Tratamiento,5
83,2025-03-31,intervencion,Tratamiento,5
83,2025-04-01,intervencion,Tratamiento,4
83,2025-04-02,intervencion,Tratamiento,5
83,2025-04-03,intervencion,Tratamiento,3
83,2025-04-04,intervencion,Tratamiento,5
83,2025-04-07,intervencion,Tratamiento,3
83,2025-04-08,intervencion,Tratamiento,5
83,2025-04-09,intervencion,Tratamiento,6
83,2025-04-10,intervencion,Tratamiento,6
83,2025-04-11,intervencion,Tratamiento,4
83,2025-04-14,intervencion,Tratamiento,4
83,2025-04-15,intervencion,Tratamiento,4
83,2025-04-16,intervencion,Tratamiento,5
83,2025-04-17,intervencion,Tratamiento,3
83,2025-04-18,intervencion,Tratamiento,5
83,2025-04-21,intervencion,Tratamiento,5
83,2025-04-22,intervencion,Tratamiento,5
83,2025-04-23,intervencion,Tratamiento,5
83,2025-04-24,intervencion,Tratamiento,5
83,2025-04-25,intervencion,Tratamiento,4
84,2025-03-03,baseline,Control,3
84,2025-03-04,baseline,Control,5
84,2025-03-05,baseline,Control,4
84,2025-03-06,baseline,Control,4
84,2025-03-07,baseline,Control,5
84,2025-03-10,baseline,Control,6
84,2025-03-11,baseline,Control,5
84,2025-03-12,baseline,Control,5
84,2025-03-13,baseline,Control,3
84,2025-03-14,baseline,Control,5
84,2025-03-17,baseline,Control,5
84,2025-03-18,baseline,Control,6
84,2025-03-19,baseline,Control,4
84,2025-03-20,baseline,Control,4
84,2025-03-21,baseline,Control,6
84,2025-03-24,baseline,Control,5
84,2025-03-25,baseline,Control,4
84,2025-03-26,baseline,Control,7
84,2025-03-27,baseline,Control,4
84,2025-03-28,baseline,Control,5
84,2025-03-31,intervencion,Control,5
84,2025-04-01,intervencion,Control,5
84,2025-04-02,intervencion,Control,4
84,2025-04-03,intervencion,Control,4
84,2025-04-04,intervencion,Control,4
84,2025-04-07,intervencion,Control,4
84,2025-04-08,intervencion,Control,7
84,2025-04-09,intervencion,Control,4
84,2025-04-10,intervencion,Control,5
84,2025-04-11,intervencion,Control,4
84,2025-04-14,intervencion,Control,4
84,2025-04-15,intervencion,Control,4
84,2025-04-16,intervencion,Control,3
84,2025-04-17,intervencion,Control,4
84,2025-04-18,intervencion,Control,4
84,2025-04-21,intervencion,Control,6
84,2025-04-22,intervencion,Control,4
84,2025-04-23,intervencion,Control,4
84,2025-04-24,intervencion,Control,4
84,2025-04-25,intervencion,Control,6
85,2025-03-03,baseline,Tratamiento,4
85,2025-03-04,baseline,Tratamiento,5
85,2025-03-05,baseline,Tratamiento,5
85,2025-03-06,baseline,Tratamiento,4
85,2025-03-07,baseline,Tratamiento,3
85,2025-03-10,baseline,Tratamiento,3
85,2025-03-11,baseline,Tratamiento,5
85,2025-03-12,baseline,Tratamiento,3
85,2025-03-13,baseline,Tratamiento,5
85,2025-03-14,baseline,Tratamiento,5
85,2025-03-17,baseline,Tratamiento,5
85,2025-03-18,baseline,Tratamiento,5
85,2025-03-19,baseline,Tratamiento,4
85,2025-03-20,baseline,Tratamiento,4
85,2025-03-21,baseline,Tratamiento,5
85,2025-03-24,baseline,Tratamiento,4
85,2025-03-25,baseline,Tratamiento,2
85,2025-03-26,baseline,Tratamiento,5
85,2025-03-27,baseline,Tratamiento,4
85,2025-03-28,baseline,Tratamiento,5
85,2025-03-31,intervencion,Tratamiento,6
85,2025-04-01,intervencion,Tratamiento,5
85,2025-04-02,intervencion,Tratamiento,6
85,2025-04-03,intervencion,Tratamiento,5
85,2025-04-04,intervencion,Tratamiento,6
85,2025-04-07,intervencion,Tratamiento,4
85,2025-04-08,intervencion,Tratamiento,5
85,2025-04-09,intervencion,Tratamiento,6
85,2025-04-10,intervencion,Tratamiento,5
85,2025-04-11,intervencion,Tratamiento,6
85,2025-04-14,intervencion,Tratamiento,5
85,2025-04-15,intervencion,Tratamiento,7
85,2025-04-16,intervencion,Tratamiento,7
85,2025-04-17,intervencion,Tratamiento,5
85,2025-04-18,intervencion,Tratamiento,5
85,2025-04-21,intervencion,Tratamiento,6
85,2025-04-22,intervencion,Tratamiento,4
85,2025-04-23,intervencion,Tratamiento,4
85,2025-04-24,intervencion,Tratamiento,6
85,2025-04-25,intervencion,Tratamiento,5
86,2025-03-03,baseline,Control,4
86,2025-03-04,baseline,Control,5
86,2025-03-05,baseline,Control,2
86,2025-03-06,baseline,Control,4
86,2025-03-07,baseline,Control,4
86,2025-03-10,baseline,Control,5
86,2025-03-11,baseline,Control,5
86,2025-03-12,baseline,Control,5
86,2025-03-13,baseline,Control,5
86,2025-03-14,baseline,Control,3
86,2025-03-17,baseline,Control,5
86,2025-03-18,baseline,Control,5
86,2025-03-19,baseline,Control,6
86,2025-03-20,baseline,Control,7
86,2025-03-21,baseline,Control,3
86,2025-03-24,baseline,Control,4
86,2025-03-25,baseline,Control,4
86,2025-03-26,baseline,Control,5
86,2025-03-27,baseline,Control,5
86,2025-03-28,baseline,Control,4
86,2025-03-31,intervencion,Control,6
86,2025-04-01,intervencion,Control,4
86,2025-04-02,intervencion,Control,4
86,2025-04-03,intervencion,Control,4
86,2025-04-04,intervencion,Control,4
86,2025-04-07,intervencion,Control,3
86,2025-04-08,intervencion,Control,5
86,2025-04-09,intervencion,Control,4
86,2025-04-10,intervencion,Control,4
86,2025-04-11,intervencion,Control,5
86,2025-04-14,intervencion,Control,5
86,2025-04-15,intervencion,Control,6
86,2025-04-16,intervencion,Control,4
86,2025-04-17,intervencion,Control,5
86,2025-04-18,intervencion,Control,4
86,2025-04-21,intervencion,Control,5
86,2025-04-22,intervencion,Control,5
86,2025-04-23,intervencion,Control,4
86,2025-04-24,intervencion,Control,5
86,2025-04-25,intervencion,Control,4
87,2025-03-03,baseline,Tratamiento,5
87,2025-03-04,baseline,Tratamiento,4
87,2025-03-05,baseline,Tratamiento,5
87,2025-03-06,baseline,Tratamiento,5
87,2025-03-07,baseline,Tratamiento,6
87,2025-03-10,baseline,Tratamiento,4
87,2025-03-11,baseline,Tratamiento,3
87,2025-03-12,baseline,Tratamiento,4
87,2025-03-13,baseline,Tratamiento,3
87,2025-03-14,baseline,Tratamiento,3
87,2025-03-17,baseline,Tratamiento,5
87,2025-03-18,baseline,Tratamiento,5
87,2025-03-19,baseline,Tratamiento,4
87,2025-03-20,baseline,Tratamiento,4
87,2025-03-21,baseline,Tratamiento,4
87,2025-03-24,baseline,Tratamiento,6
87,2025-03-25,baseline,Tratamiento,4
87,2025-03-26,baseline,Tratamiento,3
87,2025-03-27,baseline,Tratamiento,5
87,2025-03-28,baseline,Tratamiento,4
87,2025-03-31,intervencion,Tratamiento,7
87,2025-04-01,intervencion,Tratamiento,4
87,2025-04-02,intervencion,Tratamiento,6
87,2025-04-03,intervencion,Tratamiento,6
87,2025-04-04,intervencion,Tratamiento,4
87,2025-04-07,intervencion,Tratamiento,4
87,2025-04-08,intervencion,Tratamiento,6
87,2025-04-09,intervencion,Tratamiento,5
87,2025-04-10,intervencion,Tratamiento,4
87,2025-04-11,intervencion,Tratamiento,4
87,2025-04-14,intervencion,Tratamiento,3
87,2025-04-15,intervencion,Tratamiento,5
87,2025-04-16,intervencion,Tratamiento,5
87,2025-04-17,intervencion,Tratamiento,5
87,2025-04-18,intervencion,Tratamiento,3
87,2025-04-21,intervencion,Tratamiento,4
87,2025-04-22,intervencion,Tratamiento,5
87,2025-04-23,intervencion,Tratamiento,4
87,2025-04-24,intervencion,Tratamiento,5
87,2025-04-25,intervencion,Tratamiento,5
88,2025-03-03,baseline,Control,7
88,2025-03-04,baseline,Control,5
88,2025-03-05,baseline,Control,6
88,2025-03-06,baseline,Control,4
88,2025-03-07,baseline,Control,3
88,2025-03-10,baseline,Control,4
88,2025-03-11,baseline,Control,3
88,2025-03-12,baseline,Control,5
88,2025-03-13,baseline,Control,4
88,2025-03-14,baseline,Control,3
88,2025-03-17,baseline,Control,6
88,2025-03-18,baseline,Control,4
88,2025-03-19,baseline,Control,3
88,2025-03-20,baseline,Control,5
88,2025-03-21,baseline,Control,4
88,2025-03-24,baseline,Control,6
88,2025-03-25,baseline,Control,4
88,2025-03-26,baseline,Control,4
88,2025-03-27,baseline,Control,5
88,2025-03-28,baseline,Control,5
88,2025-03-31,intervencion,Control,5
88,2025-04-01,intervencion,Control,5
88,2025-04-02,intervencion,Control,5
88,2025-04-03,intervencion,Control,5
88,2025-04-04,intervencion,Control,5
88,2025-04-07,intervencion,Control,4
88,2025-04-08,intervencion,Control,3
88,2025-04-09,intervencion,Control,5
88,2025-04-10,intervencion,Control,5
88,2025-04-11,intervencion,Control,4
88,2025-04-14,intervencion,Control,6
88,2025-04-15,intervencion,Control,3
88,2025-04-16,intervencion,Control,6
88,2025-04-17,intervencion,Control,5
88,2025-04-18,intervencion,Control,5
88,2025-04-21,intervencion,Control,4
88,2025-04-22,intervencion,Control,3
88,2025-04-23,intervencion,Control,4
88,2025-04-24,intervencion,Control,5
88,2025-04-25,intervencion,Control,5
89,2025-03-03,baseline,Control,4
89,2025-03-04,baseline,Control,3
89,2025-03-05,baseline,Control,3
89,2025-03-06,baseline,Control,6
89,2025-03-07,baseline,Control,4
89,2025-03-10,baseline,Control,6
89,2025-03-11,baseline,Control,4
89,2025-03-12,baseline,Control,4
89,2025-03-13,baseline,Control,5
89,2025-03-14,baseline,Control,4
89,2025-03-17,baseline,Control,6
89,2025-03-18,baseline,Control,5
89,2025-03-19,baseline,Control,5
89,2025-03-20,baseline,Control,4
89,2025-03-21,baseline,Control,5
89,2025-03-24,baseline,Control,6
89,2025-03-25,baseline,Control,4
89,2025-03-26,baseline,Control,6
89,2025-03-27,baseline,Control,4
89,2025-03-28,baseline,Control,5
89,2025-03-31,intervencion,Control,5
89,2025-04-01,intervencion,Control,4
89,2025-04-02,intervencion,Control,5
89,2025-04-03,intervencion,Control,5
89,2025-04-04,intervencion,Control,4
89,2025-04-07,intervencion,Control,5
89,2025-04-08,intervencion,Control,5
89,2025-04-09,intervencion,Control,5
89,2025-04-10,intervencion,Control,5
89,2025-04-11,intervencion,Control,5
89,2025-04-14,intervencion,Control,4
89,2025-04-15,intervencion,Control,5
89,2025-04-16,intervencion,Control,4
89,2025-04-17,intervencion,Control,7
89,2025-04-18,intervencion,Control,3
89,2025-04-21,intervencion,Control,4
89,2025-04-22,intervencion,Control,4
89,2025-04-23,intervencion,Control,6
89,2025-04-24,intervencion,Control,3
89,2025-04-25,intervencion,Control,5
90,2025-03-03,baseline,Control,5
90,2025-03-04,baseline,Control,5
90,2025-03-05,baseline,Control,6
90,2025-03-06,baseline,Control,6
90,2025-03-07,baseline,Control,4
90,2025-03-10,baseline,Control,5
90,2025-03-11,baseline,Control,3
90,2025-03-12,baseline,Control,5
90,2025-03-13,baseline,Control,4
90,2025-03-14,baseline,Control,4
90,2025-03-17,baseline,Control,3
90,2025-03-18,baseline,Control,5
90,2025-03-19,baseline,Control,3
90,2025-03-20,baseline,Control,5
90,2025-03-21,baseline,Control,3
90,2025-03-24,baseline,Control,4
90,2025-03-25,baseline,Control,6
90,2025-03-26,baseline,Control,5
90,2025-03-27,baseline,Control,6
90,2025-03-28,baseline,Control,6
90,2025-03-31,intervencion,Control,4
90,2025-04-01,intervencion,Control,6
90,2025-04-02,intervencion,Control,3
90,2025-04-03,intervencion,Control,5
90,2025-04-04,intervencion,Control,4
90,2025-04-07,intervencion,Control,4
90,2025-04-08,intervencion,Control,5
90,2025-04-09,intervencion,Control,5
90,2025-04-10,intervencion,Control,5
90,2025-04-11,intervencion,Control,5
90,2025-04-14,intervencion,Control,5
90,2025-04-15,intervencion,Control,5
90,2025-04-16,intervencion,Control,5
90,2025-04-17,intervencion,Control,5
90,2025-04-18,intervencion,Control,5
90,2025-04-21,intervencion,Control,5
90,2025-04-22,intervencion,Control,3
90,2025-04-23,intervencion,Control,4
90,2025-04-24,intervencion,Control,3
90,2025-04-25,intervencion,Control,5
91,2025-03-03,baseline,Tratamiento,6
91,2025-03-04,baseline,Tratamiento,4
91,2025-03-05,baseline,Tratamiento,5
91,2025-03-06,baseline,Tratamiento,5
91,2025-03-07,baseline,Tratamiento,3
91,2025-03-10,baseline,Tratamiento,4
91,2025-03-11,baseline,Tratamiento,5
91,2025-03-12,baseline,Tratamiento,2
91,2025-03-13,baseline,Tratamiento,4
91,2025-03-14,baseline,Tratamiento,6
91,2025-03-17,baseline,Tratamiento,6
91,2025-03-18,baseline,Tratamiento,5
91,2025-03-19,baseline,Tratamiento,5
91,2025-03-20,baseline,Tratamiento,5
91,2025-03-21,baseline,Tratamiento,5
91,2025-03-24,baseline,Tratamiento,4
91,2025-03-25,baseline,Tratamiento,5
91,2025-03-26,baseline,Tratamiento,4
91,2025-03-27,baseline,Tratamiento,6
91,2025-03-28,baseline,Tratamiento,6
91,2025-03-31,intervencion,Tratamiento,6
91,2025-04-01,intervencion,Tratamiento,5
91,2025-04-02,intervencion,Tratamiento,4
91,2025-04-03,intervencion,Tratamiento,6
91,2025-04-04,intervencion,Tratamiento,5
91,2025-04-07,intervencion,Tratamiento,5
91,2025-04-08,intervencion,Tratamiento,4
91,2025-04-09,intervencion,Tratamiento,5
91,2025-04-10,intervencion,Tratamiento,4
91,2025-04-11,intervencion,Tratamiento,6
91,2025-04-14,intervencion,Tratamiento,6
91,2025-04-15,intervencion,Tratamiento,6
91,2025-04-16,intervencion,Tratamiento,6
91,2025-04-17,intervencion,Tratamiento,4
91,2025-04-18,intervencion,Tratamiento,5
91,2025-04-21,intervencion,Tratamiento,7
91,2025-04-22,intervencion,Tratamiento,4
91,2025-04-23,intervencion,Tratamiento,5
91,2025-04-24,intervencion,Tratamiento,6
91,2025-04-25,intervencion,Tratamiento,6
92,2025-03-03,baseline,Control,7
92,2025-03-04,baseline,Control,4
92,2025-03-05,baseline,Control,4
92,2025-03-06,baseline,Control,6
92,2025-03-07,baseline,Control,4
92,2025-03-10,baseline,Control,4
92,2025-03-11,baseline,Control,5
92,2025-03-12,baseline,Control,6
92,2025-03-13,baseline,Control,5
92,2025-03-14,baseline,Control,5
92,2025-03-17,baseline,Control,4
92,2025-03-18,baseline,Control,6
92,2025-03-19,baseline,Control,7
92,2025-03-20,baseline,Control,5
92,2025-03-21,baseline,Control,5
92,2025-03-24,baseline,Control,3
92,2025-03-25,baseline,Control,4
92,2025-03-26,baseline,Control,4
92,2025-03-27,baseline,Control,4
92,2025-03-28,baseline,Control,5
92,2025-03-31,intervencion,Control,6
92,2025-04-01,intervencion,Control,6
92,2025-04-02,intervencion,Control,4
92,2025-04-03,intervencion,Control,4
92,2025-04-04,intervencion,Control,6
92,2025-04-07,intervencion,Control,5
92,2025-04-08,intervencion,Control,3
92,2025-04-09,intervencion,Control,5
92,2025-04-10,intervencion,Control,6
92,2025-04-11,intervencion,Control,2
92,2025-04-14,intervencion,Control,4
92,2025-04-15,intervencion,Control,5
92,2025-04-16,intervencion,Control,5
92,2025-04-17,intervencion,Control,4
92,2025-04-18,intervencion,Control,4
92,2025-04-21,intervencion,Control,5
92,2025-04-22,intervencion,Control,4
92,2025-04-23,intervencion,Control,5
92,2025-04-24,intervencion,Control,4
92,2025-04-25,intervencion,Control,3
93,2025-03-03,baseline,Control,5
93,2025-03-04,baseline,Control,5
93,2025-03-05,baseline,Control,5
93,2025-03-06,baseline,Control,4
93,2025-03-07,baseline,Control,4
93,2025-03-10,baseline,Control,6
93,2025-03-11,baseline,Control,3
93,2025-03-12,baseline,Control,6
93,2025-03-13,baseline,Control,6
93,2025-03-14,baseline,Control,5
93,2025-03-17,baseline,Control,4
93,2025-03-18,baseline,Control,4
93,2025-03-19,baseline,Control,4
93,2025-03-20,baseline,Control,3
93,2025-03-21,baseline,Control,4
93,2025-03-24,baseline,Control,5
93,2025-03-25,baseline,Control,5
93,2025-03-26,baseline,Control,4
93,2025-03-27,baseline,Control,5
93,2025-03-28,baseline,Control,5
93,2025-03-31,intervencion,Control,6
93,2025-04-01,intervencion,Control,5
93,2025-04-02,intervencion,Control,6
93,2025-04-03,intervencion,Control,5
93,2025-04-04,intervencion,Control,5
93,2025-04-07,intervencion,Control,3
93,2025-04-08,intervencion,Control,4
93,2025-04-09,intervencion,Control,5
93,2025-04-10,intervencion,Control,4
93,2025-04-11,intervencion,Control,5
93,2025-04-14,intervencion,Control,5
93,2025-04-15,intervencion,Control,5
93,2025-04-16,intervencion,Control,4
93,2025-04-17,intervencion,Control,4
93,2025-04-18,intervencion,Control,6
93,2025-04-21,intervencion,Control,5
93,2025-04-22,intervencion,Control,4
93,2025-04-23,intervencion,Control,4
93,2025-04-24,intervencion,Control,3
93,2025-04-25,intervencion,Control,5
94,2025-03-03,baseline,Tratamiento,4
94,2025-03-04,baseline,Tratamiento,4
94,2025-03-05,baseline,Tratamiento,6
94,2025-03-06,baseline,Tratamiento,4
94,2025-03-07,baseline,Tratamiento,5
94,2025-03-10,baseline,Tratamiento,7
94,2025-03-11,baseline,Tratamiento,6
94,2025-03-12,baseline,Tratamiento,5
94,2025-03-13,baseline,Tratamiento,4
94,2025-03-14,baseline,Tratamiento,3
94,2025-03-17,baseline,Tratamiento,4
94,2025-03-18,baseline,Tratamiento,4
94,2025-03-19,baseline,Tratamiento,4
94,2025-03-20,baseline,Tratamiento,4
94,2025-03-21,baseline,Tratamiento,5
94,2025-03-24,baseline,Tratamiento,5
94,2025-03-25,baseline,Tratamiento,3
94,2025-03-26,baseline,Tratamiento,4
94,2025-03-27,baseline,Tratamiento,4
94,2025-03-28,baseline,Tratamiento,4
94,2025-03-31,intervencion,Tratamiento,7
94,2025-04-01,intervencion,Tratamiento,5
94,2025-04-02,intervencion,Tratamiento,3
94,2025-04-03,intervencion,Tratamiento,5
94,2025-04-04,intervencion,Tratamiento,5
94,2025-04-07,intervencion,Tratamiento,5
94,2025-04-08,intervencion,Tratamiento,4
94,2025-04-09,intervencion,Tratamiento,7
94,2025-04-10,intervencion,Tratamiento,4
94,2025-04-11,intervencion,Tratamiento,6
94,2025-04-14,intervencion,Tratamiento,5
94,2025-04-15,intervencion,Tratamiento,5
94,2025-04-16,intervencion,Tratamiento,6
94,2025-04-17,intervencion,Tratamiento,5
94,2025-04-18,intervencion,Tratamiento,4
94,2025-04-21,intervencion,Tratamiento,6
94,2025-04-22,intervencion,Tratamiento,4
94,2025-04-23,intervencion,Tratamiento,5
94,2025-04-24,intervencion,Tratamiento,4
94,2025-04-25,intervencion,Tratamiento,4
95,2025-03-03,baseline,Control,5
95,2025-03-04,baseline,Control,5
95,2025-03-05,baseline,Control,3
95,2025-03-06,baseline,Control,5
95,2025-03-07,baseline,Control,4
95,2025-03-10,baseline,Control,6
95,2025-03-11,baseline,Control,4
95,2025-03-12,baseline,Control,4
95,2025-03-13,baseline,Control,5
95,2025-03-14,baseline,Control,4
95,2025-03-17,baseline,Control,6
95,2025-03-18,baseline,Control,5
95,2025-03-19,baseline,Control,4
95,2025-03-20,baseline,Control,5
95,2025-03-21,baseline,Control,4
95,2025-03-24,baseline,Control,3
95,2025-03-25,baseline,Control,5
95,2025-03-26,baseline,Control,4
95,2025-03-27,baseline,Control,4
95,2025-03-28,baseline,Control,5
95,2025-03-31,intervencion,Control,5
95,2025-04-01,intervencion,Control,3
95,2025-04-02,intervencion,Control,4
95,2025-04-03,intervencion,Control,4
95,2025-04-04,intervencion,Control,6
95,2025-04-07,intervencion,Control,5
95,2025-04-08,intervencion,Control,4
95,2025-04-09,intervencion,Control,5
95,2025-04-10,intervencion,Control,3
95,2025-04-11,intervencion,Control,4
95,2025-04-14,intervencion,Control,5
95,2025-04-15,intervencion,Control,5
95,2025-04-16,intervencion,Control,5
95,2025-04-17,intervencion,Control,5
95,2025-04-18,intervencion,Control,5
95,2025-04-21,intervencion,Control,4
95,2025-04-22,intervencion,Control,4
95,2025-04-23,intervencion,Control,4
95,2025-04-24,intervencion,Control,5
95,2025-04-25,intervencion,Control,5
96,2025-03-03,baseline,Control,5
96,2025-03-04,baseline,Control,4
96,2025-03-05,baseline,Control,4
96,2025-03-06,baseline,Control,5
96,2025-03-07,baseline,Control,6
96,2025-03-10,baseline,Control,5
96,2025-03-11,baseline,Control,4
96,2025-03-12,baseline,Control,5
96,2025-03-13,baseline,Control,4
96,2025-03-14,baseline,Control,6
96,2025-03-17,baseline,Control,5
96,2025-03-18,baseline,Control,4
96,2025-03-19,baseline,Control,4
96,2025-03-20,baseline,Control,4
96,2025-03-21,baseline,Control,6
96,2025-03-24,baseline,Control,4
96,2025-03-25,baseline,Control,5
96,2025-03-26,baseline,Control,5
96,2025-03-27,baseline,Control,4
96,2025-03-28,baseline,Control,5
96,2025-03-31,intervencion,Control,5
96,2025-04-01,intervencion,Control,3
96,2025-04-02,intervencion,Control,5
96,2025-04-03,intervencion,Control,5
96,2025-04-04,intervencion,Control,5
96,2025-04-07,intervencion,Control,5
96,2025-04-08,intervencion,Control,5
96,2025-04-09,intervencion,Control,6
96,2025-04-10,intervencion,Control,4
96,2025-04-11,intervencion,Control,4
96,2025-04-14,intervencion,Control,5
96,2025-04-15,intervencion,Control,5
96,2025-04-16,intervencion,Control,5
96,2025-04-17,intervencion,Control,7
96,2025-04-18,intervencion,Control,5
96,2025-04-21,intervencion,Control,6
96,2025-04-22,intervencion,Control,4
96,2025-04-23,intervencion,Control,4
96,2025-04-24,intervencion,Control,4
96,2025-04-25,intervencion,Control,5
97,2025-03-03,baseline,Control,5
97,2025-03-04,baseline,Control,5
97,2025-03-05,baseline,Control,4
97,2025-03-06,baseline,Control,4
97,2025-03-07,baseline,Control,4
97,2025-03-10,baseline,Control,5
97,2025-03-11,baseline,Control,5
97,2025-03-12,baseline,Control,4
97,2025-03-13,baseline,Control,5
97,2025-03-14,baseline,Control,4
97,2025-03-17,baseline,Control,5
97,2025-03-18,baseline,Control,4
97,2025-03-19,baseline,Control,6
97,2025-03-20,baseline,Control,4
97,2025-03-21,baseline,Control,5
97,2025-03-24,baseline,Control,5
97,2025-03-25,baseline,Control,4
97,2025-03-26,baseline,Control,5
97,2025-03-27,baseline,Control,4
97,2025-03-28,baseline,Control,4
97,2025-03-31,intervencion,Control,4
97,2025-04-01,intervencion,Control,6
97,2025-04-02,intervencion,Control,4
97,2025-04-03,intervencion,Control,5
97,2025-04-04,intervencion,Control,5
97,2025-04-07,intervencion,Control,3
97,2025-04-08,intervencion,Control,5
97,2025-04-09,intervencion,Control,3
97,2025-04-10,intervencion,Control,5
97,2025-04-11,intervencion,Control,4
97,2025-04-14,intervencion,Control,5
97,2025-04-15,intervencion,Control,3
97,2025-04-16,intervencion,Control,5
97,2025-04-17,intervencion,Control,5
97,2025-04-18,intervencion,Control,4
97,2025-04-21,intervencion,Control,4
97,2025-04-22,intervencion,Control,5
97,2025-04-23,intervencion,Control,5
97,2025-04-24,intervencion,Control,2
97,2025-04-25,intervencion,Control,6
98,2025-03-03,baseline,Control,5
98,2025-03-04,baseline,Control,5
98,2025-03-05,baseline,Control,4
98,2025-03-06,baseline,Control,3
98,2025-03-07,baseline,Control,5
98,2025-03-10,baseline,Control,4
98,2025-03-11,baseline,Control,5
98,2025-03-12,baseline,Control,4
98,2025-03-13,baseline,Control,5
98,2025-03-14,baseline,Control,4
98,2025-03-17,baseline,Control,5
98,2025-03-18,baseline,Control,4
98,2025-03-19,baseline,Control,7
98,2025-03-20,baseline,Control,7
98,2025-03-21,baseline,Control,6
98,2025-03-24,baseline,Control,6
98,2025-03-25,baseline,Control,5
98,2025-03-26,baseline,Control,6
98,2025-03-27,baseline,Control,5
98,2025-03-28,baseline,Control,3
98,2025-03-31,intervencion,Control,6
98,2025-04-01,intervencion,Control,6
98,2025-04-02,intervencion,Control,5
98,2025-04-03,intervencion,Control,3
98,2025-04-04,intervencion,Control,4
98,2025-04-07,intervencion,Control,3
98,2025-04-08,intervencion,Control,5
98,2025-04-09,intervencion,Control,3
98,2025-04-10,intervencion,Control,5
98,2025-04-11,intervencion,Control,4
98,2025-04-14,intervencion,Control,3
98,2025-04-15,intervencion,Control,5
98,2025-04-16,intervencion,Control,4
98,2025-04-17,intervencion,Control,5
98,2025-04-18,intervencion,Control,3
98,2025-04-21,intervencion,Control,4
98,2025-04-22,intervencion,Control,2
98,2025-04-23,intervencion,Control,3
98,2025-04-24,intervencion,Control,6
98,2025-04-25,intervencion,Control,6
99,2025-03-03,baseline,Tratamiento,5
99,2025-03-04,baseline,Tratamiento,4
99,2025-03-05,baseline,Tratamiento,4
99,2025-03-06,baseline,Tratamiento,5
99,2025-03-07,baseline,Tratamiento,4
99,2025-03-10,baseline,Tratamiento,5
99,2025-03-11,baseline,Tratamiento,5
99,2025-03-12,baseline,Tratamiento,4
99,2025-03-13,baseline,Tratamiento,4
99,2025-03-14,baseline,Tratamiento,5
99,2025-03-17,baseline,Tratamiento,4
99,2025-03-18,baseline,Tratamiento,5
99,2025-03-19,baseline,Tratamiento,4
99,2025-03-20,baseline,Tratamiento,5
99,2025-03-21,baseline,Tratamiento,6
99,2025-03-24,baseline,Tratamiento,4
99,2025-03-25,baseline,Tratamiento,5
99,2025-03-26,baseline,Tratamiento,3
99,2025-03-27,baseline,Tratamiento,4
99,2025-03-28,baseline,Tratamiento,5
99,2025-03-31,intervencion,Tratamiento,7
99,2025-04-01,intervencion,Tratamiento,3
99,2025-04-02,intervencion,Tratamiento,5
99,2025-04-03,intervencion,Tratamiento,6
99,2025-04-04,intervencion,Tratamiento,4
99,2025-04-07,intervencion,Tratamiento,5
99,2025-04-08,intervencion,Tratamiento,5
99,2025-04-09,intervencion,Tratamiento,5
99,2025-04-10,intervencion,Tratamiento,6
99,2025-04-11,intervencion,Tratamiento,5
99,2025-04-14,intervencion,Tratamiento,6
99,2025-04-15,intervencion,Tratamiento,5
99,2025-04-16,intervencion,Tratamiento,4
99,2025-04-17,intervencion,Tratamiento,5
99,2025-04-18,intervencion,Tratamiento,4
99,2025-04-21,intervencion,Tratamiento,5
99,2025-04-22,intervencion,Tratamiento,5
99,2025-04-23,intervencion,Tratamiento,4
99,2025-04-24,intervencion,Tratamiento,5
99,2025-04-25,intervencion,Tratamiento,4
100,2025-03-03,baseline,Tratamiento,5
100,2025-03-04,baseline,Tratamiento,4
100,2025-03-05,baseline,Tratamiento,6
100,2025-03-06,baseline,Tratamiento,4
100,2025-03-07,baseline,Tratamiento,5
100,2025-03-10,baseline,Tratamiento,5
100,2025-03-11,baseline,Tratamiento,5
100,2025-03-12,baseline,Tratamiento,5
100,2025-03-13,baseline,Tratamiento,3
100,2025-03-14,baseline,Tratamiento,6
100,2025-03-17,baseline,Tratamiento,5
100,2025-03-18,baseline,Tratamiento,5
100,2025-03-19,baseline,Tratamiento,5
100,2025-03-20,baseline,Tratamiento,4
100,2025-03-21,baseline,Tratamiento,4
100,2025-03-24,baseline,Tratamiento,5
100,2025-03-25,baseline,Tratamiento,4
100,2025-03-26,baseline,Tratamiento,5
100,2025-03-27,baseline,Tratamiento,4
100,2025-03-28,baseline,Tratamiento,6
100,2025-03-31,intervencion,Tratamiento,5
100,2025-04-01,intervencion,Tratamiento,5
100,2025-04-02,intervencion,Tratamiento,5
100,2025-04-03,intervencion,Tratamiento,5
100,2025-04-04,intervencion,Tratamiento,6
100,2025-04-07,intervencion,Tratamiento,5
100,2025-04-08,intervencion,Tratamiento,5
100,2025-04-09,intervencion,Tratamiento,5
100,2025-04-10,intervencion,Tratamiento,5
100,2025-04-11,intervencion,Tratamiento,7
100,2025-04-14,intervencion,Tratamiento,6
100,2025-04-15,intervencion,Tratamiento,5
100,2025-04-16,intervencion,Tratamiento,5
100,2025-04-17,intervencion,Tratamiento,4
100,2025-04-18,intervencion,Tratamiento,5
100,2025-04-21,intervencion,Tratamiento,5
100,2025-04-22,intervencion,Tratamiento,6
100,2025-04-23,intervencion,Tratamiento,6
100,2025-04-24,intervencion,Tratamiento,4
100,2025-04-25,intervencion,Tratamiento,6
101,2025-03-03,baseline,Control,5
101,2025-03-04,baseline,Control,4
101,2025-03-05,baseline,Control,6
101,2025-03-06,baseline,Control,6
101,2025-03-07,baseline,Control,5
101,2025-03-10,baseline,Control,5
101,2025-03-11,baseline,Control,5
101,2025-03-12,baseline,Control,6
101,2025-03-13,baseline,Control,5
101,2025-03-14,baseline,Control,3
101,2025-03-17,baseline,Control,6
101,2025-03-18,baseline,Control,6
101,2025-03-19,baseline,Control,4
101,2025-03-20,baseline,Control,4
101,2025-03-21,baseline,Control,5
101,2025-03-24,baseline,Control,4
101,2025-03-25,baseline,Control,5
101,2025-03-26,baseline,Control,5
101,2025-03-27,baseline,Control,4
101,2025-03-28,baseline,Control,4
101,2025-03-31,intervencion,Control,5
101,2025-04-01,intervencion,Control,4
101,2025-04-02,intervencion,Control,5
101,2025-04-03,intervencion,Control,3
101,2025-04-04,intervencion,Control,4
101,2025-04-07,intervencion,Control,5
101,2025-04-08,intervencion,Control,5
101,2025-04-09,intervencion,Control,4
101,2025-04-10,intervencion,Control,4
101,2025-04-11,intervencion,Control,5
101,2025-04-14,intervencion,Control,5
101,2025-04-15,intervencion,Control,5
101,2025-04-16,intervencion,Control,4
101,2025-04-17,intervencion,Control,5
101,2025-04-18,intervencion,Control,6
101,2025-04-21,intervencion,Control,5
101,2025-04-22,intervencion,Control,3
101,2025-04-23,intervencion,Control,5
101,2025-04-24,intervencion,Control,6
101,2025-04-25,intervencion,Control,3
102,2025-03-03,baseline,Control,5
102,2025-03-04,baseline,Control,4
102,2025-03-05,baseline,Control,5
102,2025-03-06,baseline,Control,5
102,2025-03-07,baseline,Control,6
102,2025-03-10,baseline,Control,5
102,2025-03-11,baseline,Control,6
102,2025-03-12,baseline,Control,4
102,2025-03-13,baseline,Control,4
102,2025-03-14,baseline,Control,4
102,2025-03-17,baseline,Control,3
102,2025-03-18,baseline,Control,5
102,2025-03-19,baseline,Control,6
102,2025-03-20,baseline,Control,5
102,2025-03-21,baseline,Control,5
102,2025-03-24,baseline,Control,4
102,2025-03-25,baseline,Control,4
102,2025-03-26,baseline,Control,5
102,2025-03-27,baseline,Control,6
102,2025-03-28,baseline,Control,6
102,2025-03-31,intervencion,Control,5
102,2025-04-01,intervencion,Control,5
102,2025-04-02,intervencion,Control,5
102,2025-04-03,intervencion,Control,4
102,2025-04-04,intervencion,Control,3
102,2025-04-07,intervencion,Control,4
102,2025-04-08,intervencion,Control,5
102,2025-04-09,intervencion,Control,4
102,2025-04-10,intervencion,Control,3
102,2025-04-11,intervencion,Control,5
102,2025-04-14,intervencion,Control,4
102,2025-04-15,intervencion,Control,4
102,2025-04-16,intervencion,Control,4
102,2025-04-17,intervencion,Control,4
102,2025-04-18,intervencion,Control,4
102,2025-04-21,intervencion,Control,5
102,2025-04-22,intervencion,Control,3
102,2025-04-23,intervencion,Control,3
102,2025-04-24,intervencion,Control,5
102,2025-04-25,intervencion,Control,5
103,2025-03-03,baseline,Control,5
103,2025-03-04,baseline,Control,4
103,2025-03-05,baseline,Control,4
103,2025-03-06,baseline,Control,5
103,2025-03-07,baseline,Control,4
103,2025-03-10,baseline,Control,6
103,2025-03-11,baseline,Control,4
103,2025-03-12,baseline,Control,5
103,2025-03-13,baseline,Control,7
103,2025-03-14,baseline,Control,4
103,2025-03-17,baseline,Control,5
103,2025-03-18,baseline,Control,5
103,2025-03-19,baseline,Control,5
103,2025-03-20,baseline,Control,5
103,2025-03-21,baseline,Control,5
103,2025-03-24,baseline,Control,5
103,2025-03-25,baseline,Control,4
103,2025-03-26,baseline,Control,5
103,2025-03-27,baseline,Control,6
103,2025-03-28,baseline,Control,6
103,2025-03-31,intervencion,Control,5
103,2025-04-01,intervencion,Control,5
103,2025-04-02,intervencion,Control,4
103,2025-04-03,intervencion,Control,4
103,2025-04-04,intervencion,Control,5
103,2025-04-07,intervencion,Control,6
103,2025-04-08,intervencion,Control,4
103,2025-04-09,intervencion,Control,4
103,2025-04-10,intervencion,Control,7
103,2025-04-11,intervencion,Control,5
103,2025-04-14,intervencion,Control,6
103,2025-04-15,intervencion,Control,5
103,2025-04-16,intervencion,Control,5
103,2025-04-17,intervencion,Control,4
103,2025-04-18,intervencion,Control,5
103,2025-04-21,intervencion,Control,6
103,2025-04-22,intervencion,Control,4
103,2025-04-23,intervencion,Control,4
103,2025-04-24,intervencion,Control,5
103,2025-04-25,intervencion,Control,4
104,2025-03-03,baseline,Tratamiento,4
104,2025-03-04,baseline,Tratamiento,6
104,2025-03-05,baseline,Tratamiento,6
104,2025-03-06,baseline,Tratamiento,4
104,2025-03-07,baseline,Tratamiento,5
104,2025-03-10,baseline,Tratamiento,4
104,2025-03-11,baseline,Tratamiento,4
104,2025-03-12,baseline,Tratamiento,5
104,2025-03-13,baseline,Tratamiento,5
104,2025-03-14,baseline,Tratamiento,4
104,2025-03-17,baseline,Tratamiento,4
104,2025-03-18,baseline,Tratamiento,4
104,2025-03-19,baseline,Tratamiento,5
104,2025-03-20,baseline,Tratamiento,3
104,2025-03-21,baseline,Tratamiento,4
104,2025-03-24,baseline,Tratamiento,3
104,2025-03-25,baseline,Tratamiento,5
104,2025-03-26,baseline,Tratamiento,3
104,2025-03-27,baseline,Tratamiento,5
104,2025-03-28,baseline,Tratamiento,6
104,2025-03-31,intervencion,Tratamiento,6
104,2025-04-01,intervencion,Tratamiento,3
104,2025-04-02,intervencion,Tratamiento,5
104,2025-04-03,intervencion,Tratamiento,4
104,2025-04-04,intervencion,Tratamiento,4
104,2025-04-07,intervencion,Tratamiento,5
104,2025-04-08,intervencion,Tratamiento,6
104,2025-04-09,intervencion,Tratamiento,5
104,2025-04-10,intervencion,Tratamiento,4
104,2025-04-11,intervencion,Tratamiento,6
104,2025-04-14,intervencion,Tratamiento,3
104,2025-04-15,intervencion,Tratamiento,4
104,2025-04-16,intervencion,Tratamiento,4
104,2025-04-17,intervencion,Tratamiento,5
104,2025-04-18,intervencion,Tratamiento,5
104,2025-04-21,intervencion,Tratamiento,5
104,2025-04-22,intervencion,Tratamiento,5
104,2025-04-23,intervencion,Tratamiento,5
104,2025-04-24,intervencion,Tratamiento,5
104,2025-04-25,intervencion,Tratamiento,5
105,2025-03-03,baseline,Control,4
105,2025-03-04,baseline,Control,5
105,2025-03-05,baseline,Control,5
105,2025-03-06,baseline,Control,4
105,2025-03-07,baseline,Control,5
105,2025-03-10,baseline,Control,6
105,2025-03-11,baseline,Control,4
105,2025-03-12,baseline,Control,6
105,2025-03-13,baseline,Control,3
105,2025-03-14,baseline,Control,4
105,2025-03-17,baseline,Control,4
105,2025-03-18,baseline,Control,7
105,2025-03-19,baseline,Control,4
105,2025-03-20,baseline,Control,4
105,2025-03-21,baseline,Control,4
105,2025-03-24,baseline,Control,5
105,2025-03-25,baseline,Control,4
105,2025-03-26,baseline,Control,4
105,2025-03-27,baseline,Control,1
105,2025-03-28,baseline,Control,5
105,2025-03-31,intervencion,Control,5
105,2025-04-01,intervencion,Control,6
105,2025-04-02,intervencion,Control,6
105,2025-04-03,intervencion,Control,4
105,2025-04-04,intervencion,Control,5
105,2025-04-07,intervencion,Control,4
105,2025-04-08,intervencion,Control,5
105,2025-04-09,intervencion,Control,4
105,2025-04-10,intervencion,Control,4
105,2025-04-11,intervencion,Control,4
105,2025-04-14,intervencion,Control,6
105,2025-04-15,intervencion,Control,5
105,2025-04-16,intervencion,Control,6
105,2025-04-17,intervencion,Control,4
105,2025-04-18,intervencion,Control,6
105,2025-04-21,intervencion,Control,4
105,2025-04-22,intervencion,Control,5
105,2025-04-23,intervencion,Control,5
105,2025-04-24,intervencion,Control,5
105,2025-04-25,intervencion,Control,5
106,2025-03-03,baseline,Control,4
106,2025-03-04,baseline,Control,5
106,2025-03-05,baseline,Control,6
106,2025-03-06,baseline,Control,4
106,2025-03-07,baseline,Control,3
106,2025-03-10,baseline,Control,5
106,2025-03-11,baseline,Control,4
106,2025-03-12,baseline,Control,4
106,2025-03-13,baseline,Control,5
106,2025-03-14,baseline,Control,4
106,2025-03-17,baseline,Control,4
106,2025-03-18,baseline,Control,5
106,2025-03-19,baseline,Control,6
106,2025-03-20,baseline,Control,5
106,2025-03-21,baseline,Control,3
106,2025-03-24,baseline,Control,4
106,2025-03-25,baseline,Control,5
106,2025-03-26,baseline,Control,4
106,2025-03-27,baseline,Control,3
106,2025-03-28,baseline,Control,5
106,2025-03-31,intervencion,Control,5
106,2025-04-01,intervencion,Control,4
106,2025-04-02,intervencion,Control,5
106,2025-04-03,intervencion,Control,5
106,2025-04-04,intervencion,Control,5
106,2025-04-07,intervencion,Control,5
106,2025-04-08,intervencion,Control,2
106,2025-04-09,intervencion,Control,4
106,2025-04-10,intervencion,Control,5
106,2025-04-11,intervencion,Control,4
106,2025-04-14,intervencion,Control,5
106,2025-04-15,intervencion,Control,5
106,2025-04-16,intervencion,Control,5
106,2025-04-17,intervencion,Control,6
106,2025-04-18,intervencion,Control,6
106,2025-04-21,intervencion,Control,4
106,2025-04-22,intervencion,Control,4
106,2025-04-23,intervencion,Control,2
106,2025-04-24,intervencion,Control,4
106,2025-04-25,intervencion,Control,3
107,2025-03-03,baseline,Control,5
107,2025-03-04,baseline,Control,5
107,2025-03-05,baseline,Control,5
107,2025-03-06,baseline,Control,6
107,2025-03-07,baseline,Control,5
107,2025-03-10,baseline,Control,7
107,2025-03-11,baseline,Control,5
107,2025-03-12,baseline,Control,3
107,2025-03-13,baseline,Control,4
107,2025-03-14,baseline,Control,4
107,2025-03-17,baseline,Control,5
107,2025-03-18,baseline,Control,4
107,2025-03-19,baseline,Control,4
107,2025-03-20,baseline,Control,4
107,2025-03-21,baseline,Control,4
107,2025-03-24,baseline,Control,5
107,2025-03-25,baseline,Control,5
107,2025-03-26,baseline,Control,6
107,2025-03-27,baseline,Control,4
107,2025-03-28,baseline,Control,6
107,2025-03-31,intervencion,Control,3
107,2025-04-01,intervencion,Control,3
107,2025-04-02,intervencion,Control,4
107,2025-04-03,intervencion,Control,5
107,2025-04-04,intervencion,Control,6
107,2025-04-07,intervencion,Control,4
107,2025-04-08,intervencion,Control,4
107,2025-04-09,intervencion,Control,4
107,2025-04-10,intervencion,Control,5
107,2025-04-11,intervencion,Control,4
107,2025-04-14,intervencion,Control,4
107,2025-04-15,intervencion,Control,3
107,2025-04-16,intervencion,Control,4
107,2025-04-17,intervencion,Control,6
107,2025-04-18,intervencion,Control,5
107,2025-04-21,intervencion,Control,4
107,2025-04-22,intervencion,Control,6
107,2025-04-23,intervencion,Control,4
107,2025-04-24,intervencion,Control,6
107,2025-04-25,intervencion,Control,6
108,2025-03-03,baseline,Tratamiento,5
108,2025-03-04,baseline,Tratamiento,3
108,2025-03-05,baseline,Tratamiento,7
108,2025-03-06,baseline,Tratamiento,5
108,2025-03-07,baseline,Tratamiento,4
108,2025-03-10,baseline,Tratamiento,5
108,2025-03-11,baseline,Tratamiento,5
108,2025-03-12,baseline,Tratamiento,6
108,2025-03-13,baseline,Tratamiento,4
108,2025-03-14,baseline,Tratamiento,5
108,2025-03-17,baseline,Tratamiento,4
108,2025-03-18,baseline,Tratamiento,5
108,2025-03-19,baseline,Tratamiento,5
108,2025-03-20,baseline,Tratamiento,5
108,2025-03-21,baseline,Tratamiento,4
108,2025-03-24,baseline,Tratamiento,4
108,2025-03-25,baseline,Tratamiento,4
108,2025-03-26,baseline,Tratamiento,5
108,2025-03-27,baseline,Tratamiento,6
108,2025-03-28,baseline,Tratamiento,4
108,2025-03-31,intervencion,Tratamiento,5
108,2025-04-01,intervencion,Tratamiento,5
108,2025-04-02,intervencion,Tratamiento,5
108,2025-04-03,intervencion,Tratamiento,4
108,2025-04-04,intervencion,Tratamiento,4
108,2025-04-07,intervencion,Tratamiento,4
108,2025-04-08,intervencion,Tratamiento,3
108,2025-04-09,intervencion,Tratamiento,6
108,2025-04-10,intervencion,Tratamiento,5
108,2025-04-11,intervencion,Tratamiento,5
108,2025-04-14,intervencion,Tratamiento,3
108,2025-04-15,intervencion,Tratamiento,3
108,2025-04-16,intervencion,Tratamiento,5
108,2025-04-17,intervencion,Tratamiento,7
108,2025-04-18,intervencion,Tratamiento,4
108,2025-04-21,intervencion,Tratamiento,6
108,2025-04-22,intervencion,Tratamiento,5
108,2025-04-23,intervencion,Tratamiento,5
108,2025-04-24,intervencion,Tratamiento,6
108,2025-04-25,intervencion,Tratamiento,5
109,2025-03-03,baseline,Tratamiento,4
109,2025-03-04,baseline,Tratamiento,6
109,2025-03-05,baseline,Tratamiento,5
109,2025-03-06,baseline,Tratamiento,6
109,2025-03-07,baseline,Tratamiento,4
109,2025-03-10,baseline,Tratamiento,6
109,2025-03-11,baseline,Tratamiento,5
109,2025-03-12,baseline,Tratamiento,5
109,2025-03-13,baseline,Tratamiento,5
109,2025-03-14,baseline,Tratamiento,4
109,2025-03-17,baseline,Tratamiento,5
109,2025-03-18,baseline,Tratamiento,4
109,2025-03-19,baseline,Tratamiento,5
109,2025-03-20,baseline,Tratamiento,4
109,2025-03-21,baseline,Tratamiento,3
109,2025-03-24,baseline,Tratamiento,3
109,2025-03-25,baseline,Tratamiento,3
109,2025-03-26,baseline,Tratamiento,5
109,2025-03-27,baseline,Tratamiento,4
109,2025-03-28,baseline,Tratamiento,5
109,2025-03-31,intervencion,Tratamiento,5
109,2025-04-01,intervencion,Tratamiento,5
109,2025-04-02,intervencion,Tratamiento,5
109,2025-04-03,intervencion,Tratamiento,5
109,2025-04-04,intervencion,Tratamiento,3
109,2025-04-07,intervencion,Tratamiento,5
109,2025-04-08,intervencion,Tratamiento,5
109,2025-04-09,intervencion,Tratamiento,6
109,2025-04-10,intervencion,Tratamiento,6
109,2025-04-11,intervencion,Tratamiento,4
109,2025-04-14,intervencion,Tratamiento,5
109,2025-04-15,intervencion,Tratamiento,4
109,2025-04-16,intervencion,Tratamiento,6
109,2025-04-17,intervencion,Tratamiento,6
109,2025-04-18,intervencion,Tratamiento,5
109,2025-04-21,intervencion,Tratamiento,5
109,2025-04-22,intervencion,Tratamiento,6
109,2025-04-23,intervencion,Tratamiento,6
109,2025-04-24,intervencion,Tratamiento,6
109,2025-04-25,intervencion,Tratamiento,5
110,2025-03-03,baseline,Control,4
110,2025-03-04,baseline,Control,5
110,2025-03-05,baseline,Control,5
110,2025-03-06,baseline,Control,4
110,2025-03-07,baseline,Control,4
110,2025-03-10,baseline,Control,6
110,2025-03-11,baseline,Control,6
110,2025-03-12,baseline,Control,4
110,2025-03-13,baseline,Control,4
110,2025-03-14,baseline,Control,5
110,2025-03-17,baseline,Control,5
110,2025-03-18,baseline,Control,4
110,2025-03-19,baseline,Control,6
110,2025-03-20,baseline,Control,5
110,2025-03-21,baseline,Control,5
110,2025-03-24,baseline,Control,6
110,2025-03-25,baseline,Control,4
110,2025-03-26,baseline,Control,5
110,2025-03-27,baseline,Control,3
110,2025-03-28,baseline,Control,4
110,2025-03-31,intervencion,Control,3
110,2025-04-01,intervencion,Control,5
110,2025-04-02,intervencion,Control,5
110,2025-04-03,intervencion,Control,4
110,2025-04-04,intervencion,Control,5
110,2025-04-07,intervencion,Control,5
110,2025-04-08,intervencion,Control,4
110,2025-04-09,intervencion,Control,5
110,2025-04-10,intervencion,Control,5
110,2025-04-11,intervencion,Control,3
110,2025-04-14,intervencion,Control,5
110,2025-04-15,intervencion,Control,3
110,2025-04-16,intervencion,Control,4
110,2025-04-17,intervencion,Control,4
110,2025-04-18,intervencion,Control,6
110,2025-04-21,intervencion,Control,4
110,2025-04-22,intervencion,Control,3
110,2025-04-23,intervencion,Control,5
110,2025-04-24,intervencion,Control,4
110,2025-04-25,intervencion,Control,3
111,2025-03-03,baseline,Control,5
111,2025-03-04,baseline,Control,3
111,2025-03-05,baseline,Control,4
111,2025-03-06,baseline,Control,4
111,2025-03-07,baseline,Control,5
111,2025-03-10,baseline,Control,6
111,2025-03-11,baseline,Control,6
111,2025-03-12,baseline,Control,4
111,2025-03-13,baseline,Control,2
111,2025-03-14,baseline,Control,5
111,2025-03-17,baseline,Control,6
111,2025-03-18,baseline,Control,6
111,2025-03-19,baseline,Control,5
111,2025-03-20,baseline,Control,4
111,2025-03-21,baseline,Control,4
111,2025-03-24,baseline,Control,6
111,2025-03-25,baseline,Control,3
111,2025-03-26,baseline,Control,4
111,2025-03-27,baseline,Control,5
111,2025-03-28,baseline,Control,4
111,2025-03-31,intervencion,Control,4
111,2025-04-01,intervencion,Control,6
111,2025-04-02,intervencion,Control,5
111,2025-04-03,intervencion,Control,4
111,2025-04-04,intervencion,Control,4
111,2025-04-07,intervencion,Control,6
111,2025-04-08,intervencion,Control,5
111,2025-04-09,intervencion,Control,6
111,2025-04-10,intervencion,Control,5
111,2025-04-11,intervencion,Control,4
111,2025-04-14,intervencion,Control,4
111,2025-04-15,intervencion,Control,6
111,2025-04-16,intervencion,Control,6
111,2025-04-17,intervencion,Control,3
111,2025-04-18,intervencion,Control,5
111,2025-04-21,intervencion,Control,4
111,2025-04-22,intervencion,Control,4
111,2025-04-23,intervencion,Control,5
111,2025-04-24,intervencion,Control,3
111,2025-04-25,intervencion,Control,4
112,2025-03-03,baseline,Control,4
112,2025-03-04,baseline,Control,4
112,2025-03-05,baseline,Control,5
112,2025-03-06,baseline,Control,4
112,2025-03-07,baseline,Control,6
112,2025-03-10,baseline,Control,5
112,2025-03-11,baseline,Control,6
112,2025-03-12,baseline,Control,4
112,2025-03-13,baseline,Control,4
112,2025-03-14,baseline,Control,6
112,2025-03-17,baseline,Control,4
112,2025-03-18,baseline,Control,4
112,2025-03-19,baseline,Control,5
112,2025-03-20,baseline,Control,3
112,2025-03-21,baseline,Control,5
112,2025-03-24,baseline,Control,5
112,2025-03-25,baseline,Control,6
112,2025-03-26,baseline,Control,5
112,2025-03-27,baseline,Control,6
112,2025-03-28,baseline,Control,5
112,2025-03-31,intervencion,Control,4
112,2025-04-01,intervencion,Control,6
112,2025-04-02,intervencion,Control,3
112,2025-04-03,intervencion,Control,3
112,2025-04-04,intervencion,Control,5
112,2025-04-07,intervencion,Control,6
112,2025-04-08,intervencion,Control,5
112,2025-04-09,intervencion,Control,5
112,2025-04-10,intervencion,Control,3
112,2025-04-11,intervencion,Control,4
112,2025-04-14,intervencion,Control,3
112,2025-04-15,intervencion,Control,5
112,2025-04-16,intervencion,Control,3
112,2025-04-17,intervencion,Control,3
112,2025-04-18,intervencion,Control,5
112,2025-04-21,intervencion,Control,6
112,2025-04-22,intervencion,Control,4
112,2025-04-23,intervencion,Control,5
112,2025-04-24,intervencion,Control,5
112,2025-04-25,intervencion,Control,4
113,2025-03-03,baseline,Tratamiento,4
113,2025-03-04,baseline,Tratamiento,5
113,2025-03-05,baseline,Tratamiento,5
113,2025-03-06,baseline,Tratamiento,5
113,2025-03-07,baseline,Tratamiento,5
113,2025-03-10,baseline,Tratamiento,4
113,2025-03-11,baseline,Tratamiento,5
113,2025-03-12,baseline,Tratamiento,5
113,2025-03-13,baseline,Tratamiento,4
113,2025-03-14,baseline,Tratamiento,4
113,2025-03-17,baseline,Tratamiento,4
113,2025-03-18,baseline,Tratamiento,5
113,2025-03-19,baseline,Tratamiento,3
113,2025-03-20,baseline,Tratamiento,4
113,2025-03-21,baseline,Tratamiento,4
113,2025-03-24,baseline,Tratamiento,6
113,2025-03-25,baseline,Tratamiento,6
113,2025-03-26,baseline,Tratamiento,3
113,2025-03-27,baseline,Tratamiento,6
113,2025-03-28,baseline,Tratamiento,6
113,2025-03-31,intervencion,Tratamiento,4
113,2025-04-01,intervencion,Tratamiento,3
113,2025-04-02,intervencion,Tratamiento,5
113,2025-04-03,intervencion,Tratamiento,6
113,2025-04-04,intervencion,Tratamiento,6
113,2025-04-07,intervencion,Tratamiento,4
113,2025-04-08,intervencion,Tratamiento,7
113,2025-04-09,intervencion,Tratamiento,3
113,2025-04-10,intervencion,Tratamiento,5
113,2025-04-11,intervencion,Tratamiento,5
113,2025-04-14,intervencion,Tratamiento,6
113,2025-04-15,intervencion,Tratamiento,6
113,2025-04-16,intervencion,Tratamiento,6
113,2025-04-17,intervencion,Tratamiento,4
113,2025-04-18,intervencion,Tratamiento,6
113,2025-04-21,intervencion,Tratamiento,5
113,2025-04-22,intervencion,Tratamiento,3
113,2025-04-23,intervencion,Tratamiento,3
113,2025-04-24,intervencion,Tratamiento,6
113,2025-04-25,intervencion,Tratamiento,5
114,2025-03-03,baseline,Tratamiento,3
114,2025-03-04,baseline,Tratamiento,4
114,2025-03-05,baseline,Tratamiento,5
114,2025-03-06,baseline,Tratamiento,5
114,2025-03-07,baseline,Tratamiento,3
114,2025-03-10,baseline,Tratamiento,6
114,2025-03-11,baseline,Tratamiento,6
114,2025-03-12,baseline,Tratamiento,4
114,2025-03-13,baseline,Tratamiento,4
114,2025-03-14,baseline,Tratamiento,5
114,2025-03-17,baseline,Tratamiento,4
114,2025-03-18,baseline,Tratamiento,5
114,2025-03-19,baseline,Tratamiento,3
114,2025-03-20,baseline,Tratamiento,5
114,2025-03-21,baseline,Tratamiento,4
114,2025-03-24,baseline,Tratamiento,4
114,2025-03-25,baseline,Tratamiento,6
114,2025-03-26,baseline,Tratamiento,5
114,2025-03-27,baseline,Tratamiento,5
114,2025-03-28,baseline,Tratamiento,3
114,2025-03-31,intervencion,Tratamiento,4
114,2025-04-01,intervencion,Tratamiento,5
114,2025-04-02,intervencion,Tratamiento,5
114,2025-04-03,intervencion,Tratamiento,3
114,2025-04-04,intervencion,Tratamiento,5
114,2025-04-07,intervencion,Tratamiento,5
114,2025-04-08,intervencion,Tratamiento,6
114,2025-04-09,intervencion,Tratamiento,4
114,2025-04-10,intervencion,Tratamiento,3
114,2025-04-11,intervencion,Tratamiento,4
114,2025-04-14,intervencion,Tratamiento,4
114,2025-04-15,intervencion,Tratamiento,6
114,2025-04-16,intervencion,Tratamiento,3
114,2025-04-17,intervencion,Tratamiento,5
114,2025-04-18,intervencion,Tratamiento,6
114,2025-04-21,intervencion,Tratamiento,5
114,2025-04-22,intervencion,Tratamiento,6
114,2025-04-23,intervencion,Tratamiento,3
114,2025-04-24,intervencion,Tratamiento,4
114,2025-04-25,intervencion,Tratamiento,6
115,2025-03-03,baseline,Tratamiento,5
115,2025-03-04,baseline,Tratamiento,5
115,2025-03-05,baseline,Tratamiento,4
115,2025-03-06,baseline,Tratamiento,5
115,2025-03-07,baseline,Tratamiento,4
115,2025-03-10,baseline,Tratamiento,6
115,2025-03-11,baseline,Tratamiento,7
115,2025-03-12,baseline,Tratamiento,5
115,2025-03-13,baseline,Tratamiento,4
115,2025-03-14,baseline,Tratamiento,2
115,2025-03-17,baseline,Tratamiento,3
115,2025-03-18,baseline,Tratamiento,6
115,2025-03-19,baseline,Tratamiento,4
115,2025-03-20,baseline,Tratamiento,4
115,2025-03-21,baseline,Tratamiento,5
115,2025-03-24,baseline,Tratamiento,6
115,2025-03-25,baseline,Tratamiento,4
115,2025-03-26,baseline,Tratamiento,4
115,2025-03-27,baseline,Tratamiento,5
115,2025-03-28,baseline,Tratamiento,4
115,2025-03-31,intervencion,Tratamiento,4
115,2025-04-01,intervencion,Tratamiento,5
115,2025-04-02,intervencion,Tratamiento,5
115,2025-04-03,intervencion,Tratamiento,7
115,2025-04-04,intervencion,Tratamiento,5
115,2025-04-07,intervencion,Tratamiento,6
115,2025-04-08,intervencion,Tratamiento,4
115,2025-04-09,intervencion,Tratamiento,5
115,2025-04-10,intervencion,Tratamiento,4
115,2025-04-11,intervencion,Tratamiento,5
115,2025-04-14,intervencion,Tratamiento,6
115,2025-04-15,intervencion,Tratamiento,5
115,2025-04-16,intervencion,Tratamiento,7
115,2025-04-17,intervencion,Tratamiento,6
115,2025-04-18,intervencion,Tratamiento,6
115,2025-04-21,intervencion,Tratamiento,6
115,2025-04-22,intervencion,Tratamiento,7
115,2025-04-23,intervencion,Tratamiento,4
115,2025-04-24,intervencion,Tratamiento,6
115,2025-04-25,intervencion,Tratamiento,4
116,2025-03-03,baseline,Tratamiento,4
116,2025-03-04,baseline,Tratamiento,5
116,2025-03-05,baseline,Tratamiento,6
116,2025-03-06,baseline,Tratamiento,4
116,2025-03-07,baseline,Tratamiento,4
116,2025-03-10,baseline,Tratamiento,5
116,2025-03-11,baseline,Tratamiento,4
116,2025-03-12,baseline,Tratamiento,5
116,2025-03-13,baseline,Tratamiento,7
116,2025-03-14,baseline,Tratamiento,5
116,2025-03-17,baseline,Tratamiento,4
116,2025-03-18,baseline,Tratamiento,3
116,2025-03-19,baseline,Tratamiento,4
116,2025-03-20,baseline,Tratamiento,4
116,2025-03-21,baseline,Tratamiento,5
116,2025-03-24,baseline,Tratamiento,5
116,2025-03-25,baseline,Tratamiento,4
116,2025-03-26,baseline,Tratamiento,6
116,2025-03-27,baseline,Tratamiento,4
116,2025-03-28,baseline,Tratamiento,4
116,2025-03-31,intervencion,Tratamiento,6
116,2025-04-01,intervencion,Tratamiento,6
116,2025-04-02,intervencion,Tratamiento,6
116,2025-04-03,intervencion,Tratamiento,5
116,2025-04-04,intervencion,Tratamiento,6
116,2025-04-07,intervencion,Tratamiento,4
116,2025-04-08,intervencion,Tratamiento,6
116,2025-04-09,intervencion,Tratamiento,6
116,2025-04-10,intervencion,Tratamiento,6
116,2025-04-11,intervencion,Tratamiento,3
116,2025-04-14,intervencion,Tratamiento,4
116,2025-04-15,intervencion,Tratamiento,6
116,2025-04-16,intervencion,Tratamiento,3
116,2025-04-17,intervencion,Tratamiento,5
116,2025-04-18,intervencion,Tratamiento,6
116,2025-04-21,intervencion,Tratamiento,4
116,2025-04-22,intervencion,Tratamiento,5
116,2025-04-23,intervencion,Tratamiento,4
116,2025-04-24,intervencion,Tratamiento,4
116,2025-04-25,intervencion,Tratamiento,5
117,2025-03-03,baseline,Tratamiento,4
117,2025-03-04,baseline,Tratamiento,4
117,2025-03-05,baseline,Tratamiento,4
117,2025-03-06,baseline,Tratamiento,4
117,2025-03-07,baseline,Tratamiento,6
117,2025-03-10,baseline,Tratamiento,4
117,2025-03-11,baseline,Tratamiento,5
117,2025-03-12,baseline,Tratamiento,4
117,2025-03-13,baseline,Tratamiento,4
117,2025-03-14,baseline,Tratamiento,3
117,2025-03-17,baseline,Tratamiento,3
117,2025-03-18,baseline,Tratamiento,4
117,2025-03-19,baseline,Tratamiento,5
117,2025-03-20,baseline,Tratamiento,6
117,2025-03-21,baseline,Tratamiento,3
117,2025-03-24,baseline,Tratamiento,4
117,2025-03-25,baseline,Tratamiento,3
117,2025-03-26,baseline,Tratamiento,4
117,2025-03-27,baseline,Tratamiento,6
117,2025-03-28,baseline,Tratamiento,4
117,2025-03-31,intervencion,Tratamiento,5
117,2025-04-01,intervencion,Tratamiento,6
117,2025-04-02,intervencion,Tratamiento,5
117,2025-04-03,intervencion,Tratamiento,4
117,2025-04-04,intervencion,Tratamiento,5
117,2025-04-07,intervencion,Tratamiento,4
117,2025-04-08,intervencion,Tratamiento,5
117,2025-04-09,intervencion,Tratamiento,5
117,2025-04-10,intervencion,Tratamiento,4
117,2025-04-11,intervencion,Tratamiento,5
117,2025-04-14,intervencion,Tratamiento,5
117,2025-04-15,intervencion,Tratamiento,5
117,2025-04-16,intervencion,Tratamiento,6
117,2025-04-17,intervencion,Tratamiento,5
117,2025-04-18,intervencion,Tratamiento,5
117,2025-04-21,intervencion,Tratamiento,6
117,2025-04-22,intervencion,Tratamiento,4
117,2025-04-23,intervencion,Tratamiento,4
117,2025-04-24,intervencion,Tratamiento,2
117,2025-04-25,intervencion,Tratamiento,5
118,2025-03-03,baseline,Tratamiento,4
118,2025-03-04,baseline,Tratamiento,5
118,2025-03-05,baseline,Tratamiento,3
118,2025-03-06,baseline,Tratamiento,4
118,2025-03-07,baseline,Tratamiento,5
118,2025-03-10,baseline,Tratamiento,4
118,2025-03-11,baseline,Tratamiento,5
118,2025-03-12,baseline,Tratamiento,4
118,2025-03-13,baseline,Tratamiento,5
118,2025-03-14,baseline,Tratamiento,5
118,2025-03-17,baseline,Tratamiento,5
118,2025-03-18,baseline,Tratamiento,5
118,2025-03-19,baseline,Tratamiento,4
118,2025-03-20,baseline,Tratamiento,4
118,2025-03-21,baseline,Tratamiento,5
118,2025-03-24,baseline,Tratamiento,4
118,2025-03-25,baseline,Tratamiento,4
118,2025-03-26,baseline,Tratamiento,4
118,2025-03-27,baseline,Tratamiento,5
118,2025-03-28,baseline,Tratamiento,4
118,2025-03-31,intervencion,Tratamiento,3
118,2025-04-01,intervencion,Tratamiento,5
118,2025-04-02,intervencion,Tratamiento,6
118,2025-04-03,intervencion,Tratamiento,3
118,2025-04-04,intervencion,Tratamiento,5
118,2025-04-07,intervencion,Tratamiento,6
118,2025-04-08,intervencion,Tratamiento,5
118,2025-04-09,intervencion,Tratamiento,5
118,2025-04-10,intervencion,Tratamiento,4
118,2025-04-11,intervencion,Tratamiento,5
118,2025-04-14,intervencion,Tratamiento,5
118,2025-04-15,intervencion,Tratamiento,5
118,2025-04-16,intervencion,Tratamiento,5
118,2025-04-17,intervencion,Tratamiento,4
118,2025-04-18,intervencion,Tratamiento,5
118,2025-04-21,intervencion,Tratamiento,5
118,2025-04-22,intervencion,Tratamiento,5
118,2025-04-23,intervencion,Tratamiento,5
118,2025-04-24,intervencion,Tratamiento,6
118,2025-04-25,intervencion,Tratamiento,4
119,2025-03-03,baseline,Control,6
119,2025-03-04,baseline,Control,4
119,2025-03-05,baseline,Control,6
119,2025-03-06,baseline,Control,6
119,2025-03-07,baseline,Control,4
119,2025-03-10,baseline,Control,6
119,2025-03-11,baseline,Control,5
119,2025-03-12,baseline,Control,4
119,2025-03-13,baseline,Control,4
119,2025-03-14,baseline,Control,6
119,2025-03-17,baseline,Control,5
119,2025-03-18,baseline,Control,4
119,2025-03-19,baseline,Control,4
119,2025-03-20,baseline,Control,5
119,2025-03-21,baseline,Control,4
119,2025-03-24,baseline,Control,7
119,2025-03-25,baseline,Control,5
119,2025-03-26,baseline,Control,5
119,2025-03-27,baseline,Control,6
119,2025-03-28,baseline,Control,4
119,2025-03-31,intervencion,Control,6
119,2025-04-01,intervencion,Control,3
119,2025-04-02,intervencion,Control,4
119,2025-04-03,intervencion,Control,6
119,2025-04-04,intervencion,Control,6
119,2025-04-07,intervencion,Control,4
119,2025-04-08,intervencion,Control,4
119,2025-04-09,intervencion,Control,5
119,2025-04-10,intervencion,Control,4
119,2025-04-11,intervencion,Control,4
119,2025-04-14,intervencion,Control,5
119,2025-04-15,intervencion,Control,4
119,2025-04-16,intervencion,Control,3
119,2025-04-17,intervencion,Control,3
119,2025-04-18,intervencion,Control,5
119,2025-04-21,intervencion,Control,3
119,2025-04-22,intervencion,Control,4
119,2025-04-23,intervencion,Control,3
119,2025-04-24,intervencion,Control,6
119,2025-04-25,intervencion,Control,7
120,2025-03-03,baseline,Tratamiento,4
120,2025-03-04,baseline,Tratamiento,5
120,2025-03-05,baseline,Tratamiento,4
120,2025-03-06,baseline,Tratamiento,4
120,2025-03-07,baseline,Tratamiento,6
120,2025-03-10,baseline,Tratamiento,4
120,2025-03-11,baseline,Tratamiento,4
120,2025-03-12,baseline,Tratamiento,4
120,2025-03-13,baseline,Tratamiento,6
120,2025-03-14,baseline,Tratamiento,2
120,2025-03-17,baseline,Tratamiento,4
120,2025-03-18,baseline,Tratamiento,5
120,2025-03-19,baseline,Tratamiento,4
120,2025-03-20,baseline,Tratamiento,5
120,2025-03-21,baseline,Tratamiento,6
120,2025-03-24,baseline,Tratamiento,3
120,2025-03-25,baseline,Tratamiento,6
120,2025-03-26,baseline,Tratamiento,3
120,2025-03-27,baseline,Tratamiento,6
120,2025-03-28,baseline,Tratamiento,5
120,2025-03-31,intervencion,Tratamiento,4
120,2025-04-01,intervencion,Tratamiento,5
120,2025-04-02,intervencion,Tratamiento,5
120,2025-04-03,intervencion,Tratamiento,5
120,2025-04-04,intervencion,Tratamiento,4
120,2025-04-07,intervencion,Tratamiento,5
120,2025-04-08,intervencion,Tratamiento,4
120,2025-04-09,intervencion,Tratamiento,4
120,2025-04-10,intervencion,Tratamiento,4
120,2025-04-11,intervencion,Tratamiento,4
120,2025-04-14,intervencion,Tratamiento,5
120,2025-04-15,intervencion,Tratamiento,5
120,2025-04-16,intervencion,Tratamiento,5
120,2025-04-17,intervencion,Tratamiento,7
120,2025-04-18,intervencion,Tratamiento,3
120,2025-04-21,intervencion,Tratamiento,5
120,2025-04-22,intervencion,Tratamiento,5
120,2025-04-23,intervencion,Tratamiento,6
120,2025-04-24,intervencion,Tratamiento,6
120,2025-04-25,intervencion,Tratamiento,5
121,2025-03-03,baseline,Tratamiento,5
121,2025-03-04,baseline,Tratamiento,4
121,2025-03-05,baseline,Tratamiento,5
121,2025-03-06,baseline,Tratamiento,3
121,2025-03-07,baseline,Tratamiento,5
121,2025-03-10,baseline,Tratamiento,5
121,2025-03-11,baseline,Tratamiento,4
121,2025-03-12,baseline,Tratamiento,4
121,2025-03-13,baseline,Tratamiento,4
121,2025-03-14,baseline,Tratamiento,6
121,2025-03-17,baseline,Tratamiento,7
121,2025-03-18,baseline,Tratamiento,6
121,2025-03-19,baseline,Tratamiento,4
121,2025-03-20,baseline,Tratamiento,5
121,2025-03-21,baseline,Tratamiento,5
121,2025-03-24,baseline,Tratamiento,4
121,2025-03-25,baseline,Tratamiento,3
121,2025-03-26,baseline,Tratamiento,5
121,2025-03-27,baseline,Tratamiento,5
121,2025-03-28,baseline,Tratamiento,3
121,2025-03-31,intervencion,Tratamiento,4
121,2025-04-01,intervencion,Tratamiento,5
121,2025-04-02,intervencion,Tratamiento,5
121,2025-04-03,intervencion,Tratamiento,6
121,2025-04-04,intervencion,Tratamiento,4
121,2025-04-07,intervencion,Tratamiento,7
121,2025-04-08,intervencion,Tratamiento,4
121,2025-04-09,intervencion,Tratamiento,3
121,2025-04-10,intervencion,Tratamiento,5
121,2025-04-11,intervencion,Tratamiento,4
121,2025-04-14,intervencion,Tratamiento,5
121,2025-04-15,intervencion,Tratamiento,5
121,2025-04-16,intervencion,Tratamiento,5
121,2025-04-17,intervencion,Tratamiento,4
121,2025-04-18,intervencion,Tratamiento,5
121,2025-04-21,intervencion,Tratamiento,5
121,2025-04-22,intervencion,Tratamiento,6
121,2025-04-23,intervencion,Tratamiento,5
121,2025-04-24,intervencion,Tratamiento,4
121,2025-04-25,intervencion,Tratamiento,3
122,2025-03-03,baseline,Control,4
122,2025-03-04,baseline,Control,3
122,2025-03-05,baseline,Control,3
122,2025-03-06,baseline,Control,5
122,2025-03-07,baseline,Control,3
122,2025-03-10,baseline,Control,6
122,2025-03-11,baseline,Control,5
122,2025-03-12,baseline,Control,5
122,2025-03-13,baseline,Control,4
122,2025-03-14,baseline,Control,5
122,2025-03-17,baseline,Control,5
122,2025-03-18,baseline,Control,4
122,2025-03-19,baseline,Control,5
122,2025-03-20,baseline,Control,3
122,2025-03-21,baseline,Control,3
122,2025-03-24,baseline,Control,4
122,2025-03-25,baseline,Control,5
122,2025-03-26,baseline,Control,5
122,2025-03-27,baseline,Control,6
122,2025-03-28,baseline,Control,4
122,2025-03-31,intervencion,Control,5
122,2025-04-01,intervencion,Control,4
122,2025-04-02,intervencion,Control,4
122,2025-04-03,intervencion,Control,5
122,2025-04-04,intervencion,Control,5
122,2025-04-07,intervencion,Control,4
122,2025-04-08,intervencion,Control,5
122,2025-04-09,intervencion,Control,4
122,2025-04-10,intervencion,Control,4
122,2025-04-11,intervencion,Control,4
122,2025-04-14,intervencion,Control,3
122,2025-04-15,intervencion,Control,5
122,2025-04-16,intervencion,Control,4
122,2025-04-17,intervencion,Control,4
122,2025-04-18,intervencion,Control,4
122,2025-04-21,intervencion,Control,5
122,2025-04-22,intervencion,Control,5
122,2025-04-23,intervencion,Control,4
122,2025-04-24,intervencion,Control,4
122,2025-04-25,intervencion,Control,5
123,2025-03-03,baseline,Tratamiento,2
123,2025-03-04,baseline,Tratamiento,5
123,2025-03-05,baseline,Tratamiento,3
123,2025-03-06,baseline,Tratamiento,3
123,2025-03-07,baseline,Tratamiento,4
123,2025-03-10,baseline,Tratamiento,7
123,2025-03-11,baseline,Tratamiento,6
123,2025-03-12,baseline,Tratamiento,5
123,2025-03-13,baseline,Tratamiento,5
123,2025-03-14,baseline,Tratamiento,3
123,2025-03-17,baseline,Tratamiento,5
123,2025-03-18,baseline,Tratamiento,4
123,2025-03-19,baseline,Tratamiento,4
123,2025-03-20,baseline,Tratamiento,5
123,2025-03-21,baseline,Tratamiento,4
123,2025-03-24,baseline,Tratamiento,5
123,2025-03-25,baseline,Tratamiento,3
123,2025-03-26,baseline,Tratamiento,5
123,2025-03-27,baseline,Tratamiento,4
123,2025-03-28,baseline,Tratamiento,4
123,2025-03-31,intervencion,Tratamiento,5
123,2025-04-01,intervencion,Tratamiento,4
123,2025-04-02,intervencion,Tratamiento,5
123,2025-04-03,intervencion,Tratamiento,5
123,2025-04-04,intervencion,Tratamiento,4
123,2025-04-07,intervencion,Tratamiento,5
123,2025-04-08,intervencion,Tratamiento,5
123,2025-04-09,intervencion,Tratamiento,4
123,2025-04-10,intervencion,Tratamiento,5
123,2025-04-11,intervencion,Tratamiento,5
123,2025-04-14,intervencion,Tratamiento,4
123,2025-04-15,intervencion,Tratamiento,6
123,2025-04-16,intervencion,Tratamiento,5
123,2025-04-17,intervencion,Tratamiento,5
123,2025-04-18,intervencion,Tratamiento,5
123,2025-04-21,intervencion,Tratamiento,4
123,2025-04-22,intervencion,Tratamiento,5
123,2025-04-23,intervencion,Tratamiento,5
123,2025-04-24,intervencion,Tratamiento,4
123,2025-04-25,intervencion,Tratamiento,5
124,2025-03-03,baseline,Tratamiento,4
124,2025-03-04,baseline,Tratamiento,4
124,2025-03-05,baseline,Tratamiento,4
124,2025-03-06,baseline,Tratamiento,7
124,2025-03-07,baseline,Tratamiento,4
124,2025-03-10,baseline,Tratamiento,3
124,2025-03-11,baseline,Tratamiento,3
124,2025-03-12,baseline,Tratamiento,5
124,2025-03-13,baseline,Tratamiento,6
124,2025-03-14,baseline,Tratamiento,4
124,2025-03-17,baseline,Tratamiento,6
124,2025-03-18,baseline,Tratamiento,5
124,2025-03-19,baseline,Tratamiento,4
124,2025-03-20,baseline,Tratamiento,4
124,2025-03-21,baseline,Tratamiento,5
124,2025-03-24,baseline,Tratamiento,5
124,2025-03-25,baseline,Tratamiento,5
124,2025-03-26,baseline,Tratamiento,4
124,2025-03-27,baseline,Tratamiento,4
124,2025-03-28,baseline,Tratamiento,6
124,2025-03-31,intervencion,Tratamiento,5
124,2025-04-01,intervencion,Tratamiento,6
124,2025-04-02,intervencion,Tratamiento,5
124,2025-04-03,intervencion,Tratamiento,5
124,2025-04-04,intervencion,Tratamiento,5
124,2025-04-07,intervencion,Tratamiento,6
124,2025-04-08,intervencion,Tratamiento,6
124,2025-04-09,intervencion,Tratamiento,5
124,2025-04-10,intervencion,Tratamiento,4
124,2025-04-11,intervencion,Tratamiento,5
124,2025-04-14,intervencion,Tratamiento,5
124,2025-04-15,intervencion,Tratamiento,5
124,2025-04-16,intervencion,Tratamiento,7
124,2025-04-17,intervencion,Tratamiento,4
124,2025-04-18,intervencion,Tratamiento,6
124,2025-04-21,intervencion,Tratamiento,4
124,2025-04-22,intervencion,Tratamiento,5
124,2025-04-23,intervencion,Tratamiento,7
124,2025-04-24,intervencion,Tratamiento,4
124,2025-04-25,intervencion,Tratamiento,4
125,2025-03-03,baseline,Control,5
125,2025-03-04,baseline,Control,4
125,2025-03-05,baseline,Control,5
125,2025-03-06,baseline,Control,4
125,2025-03-07,baseline,Control,5
125,2025-03-10,baseline,Control,3
125,2025-03-11,baseline,Control,3
125,2025-03-12,baseline,Control,4
125,2025-03-13,baseline,Control,3
125,2025-03-14,baseline,Control,6
125,2025-03-17,baseline,Control,3
125,2025-03-18,baseline,Control,4
125,2025-03-19,baseline,Control,5
125,2025-03-20,baseline,Control,4
125,2025-03-21,baseline,Control,3
125,2025-03-24,baseline,Control,6
125,2025-03-25,baseline,Control,4
125,2025-03-26,baseline,Control,4
125,2025-03-27,baseline,Control,4
125,2025-03-28,baseline,Control,5
125,2025-03-31,intervencion,Control,5
125,2025-04-01,intervencion,Control,4
125,2025-04-02,intervencion,Control,4
125,2025-04-03,intervencion,Control,4
125,2025-04-04,intervencion,Control,5
125,2025-04-07,intervencion,Control,4
125,2025-04-08,intervencion,Control,6
125,2025-04-09,intervencion,Control,4
125,2025-04-10,intervencion,Control,5
125,2025-04-11,intervencion,Control,4
125,2025-04-14,intervencion,Control,3
125,2025-04-15,intervencion,Control,4
125,2025-04-16,intervencion,Control,4
125,2025-04-17,intervencion,Control,4
125,2025-04-18,intervencion,Control,4
125,2025-04-21,intervencion,Control,5
125,2025-04-22,intervencion,Control,4
125,2025-04-23,intervencion,Control,4
125,2025-04-24,intervencion,Control,4
125,2025-04-25,intervencion,Control,5
126,2025-03-03,baseline,Tratamiento,5
126,2025-03-04,baseline,Tratamiento,5
126,2025-03-05,baseline,Tratamiento,3
126,2025-03-06,baseline,Tratamiento,4
126,2025-03-07,baseline,Tratamiento,3
126,2025-03-10,baseline,Tratamiento,6
126,2025-03-11,baseline,Tratamiento,5
126,2025-03-12,baseline,Tratamiento,4
126,2025-03-13,baseline,Tratamiento,4
126,2025-03-14,baseline,Tratamiento,4
126,2025-03-17,baseline,Tratamiento,4
126,2025-03-18,baseline,Tratamiento,5
126,2025-03-19,baseline,Tratamiento,4
126,2025-03-20,baseline,Tratamiento,6
126,2025-03-21,baseline,Tratamiento,6
126,2025-03-24,baseline,Tratamiento,6
126,2025-03-25,baseline,Tratamiento,5
126,2025-03-26,baseline,Tratamiento,4
126,2025-03-27,baseline,Tratamiento,5
126,2025-03-28,baseline,Tratamiento,4
126,2025-03-31,intervencion,Tratamiento,6
126,2025-04-01,intervencion,Tratamiento,5
126,2025-04-02,intervencion,Tratamiento,5
126,2025-04-03,intervencion,Tratamiento,5
126,2025-04-04,intervencion,Tratamiento,7
126,2025-04-07,intervencion,Tratamiento,4
126,2025-04-08,intervencion,Tratamiento,7
126,2025-04-09,intervencion,Tratamiento,5
126,2025-04-10,intervencion,Tratamiento,4
126,2025-04-11,intervencion,Tratamiento,4
126,2025-04-14,intervencion,Tratamiento,3
126,2025-04-15,intervencion,Tratamiento,6
126,2025-04-16,intervencion,Tratamiento,4
126,2025-04-17,intervencion,Tratamiento,5
126,2025-04-18,intervencion,Tratamiento,6
126,2025-04-21,intervencion,Tratamiento,4
126,2025-04-22,intervencion,Tratamiento,5
126,2025-04-23,intervencion,Tratamiento,4
126,2025-04-24,intervencion,Tratamiento,5
126,2025-04-25,intervencion,Tratamiento,7
127,2025-03-03,baseline,Tratamiento,5
127,2025-03-04,baseline,Tratamiento,4
127,2025-03-05,baseline,Tratamiento,4
127,2025-03-06,baseline,Tratamiento,5
127,2025-03-07,baseline,Tratamiento,5
127,2025-03-10,baseline,Tratamiento,4
127,2025-03-11,baseline,Tratamiento,5
127,2025-03-12,baseline,Tratamiento,4
127,2025-03-13,baseline,Tratamiento,4
127,2025-03-14,baseline,Tratamiento,5
127,2025-03-17,baseline,Tratamiento,4
127,2025-03-18,baseline,Tratamiento,5
127,2025-03-19,baseline,Tratamiento,5
127,2025-03-20,baseline,Tratamiento,3
127,2025-03-21,baseline,Tratamiento,5
127,2025-03-24,baseline,Tratamiento,3
127,2025-03-25,baseline,Tratamiento,5
127,2025-03-26,baseline,Tratamiento,4
127,2025-03-27,baseline,Tratamiento,6
127,2025-03-28,baseline,Tratamiento,6
127,2025-03-31,intervencion,Tratamiento,4
127,2025-04-01,intervencion,Tratamiento,3
127,2025-04-02,intervencion,Tratamiento,4
127,2025-04-03,intervencion,Tratamiento,4
127,2025-04-04,intervencion,Tratamiento,7
127,2025-04-07,intervencion,Tratamiento,5
127,2025-04-08,intervencion,Tratamiento,6
127,2025-04-09,intervencion,Tratamiento,5
127,2025-04-10,intervencion,Tratamiento,5
127,2025-04-11,intervencion,Tratamiento,5
127,2025-04-14,intervencion,Tratamiento,6
127,2025-04-15,intervencion,Tratamiento,5
127,2025-04-16,intervencion,Tratamiento,4
127,2025-04-17,intervencion,Tratamiento,6
127,2025-04-18,intervencion,Tratamiento,5
127,2025-04-21,intervencion,Tratamiento,5
127,2025-04-22,intervencion,Tratamiento,2
127,2025-04-23,intervencion,Tratamiento,6
127,2025-04-24,intervencion,Tratamiento,5
127,2025-04-25,intervencion,Tratamiento,5
128,2025-03-03,baseline,Control,4
128,2025-03-04,baseline,Control,4
128,2025-03-05,baseline,Control,4
128,2025-03-06,baseline,Control,5
128,2025-03-07,baseline,Control,5
128,2025-03-10,baseline,Control,4
128,2025-03-11,baseline,Control,5
128,2025-03-12,baseline,Control,5
128,2025-03-13,baseline,Control,4
128,2025-03-14,baseline,Control,5
128,2025-03-17,baseline,Control,3
128,2025-03-18,baseline,Control,5
128,2025-03-19,baseline,Control,3
128,2025-03-20,baseline,Control,4
128,2025-03-21,baseline,Control,3
128,2025-03-24,baseline,Control,4
128,2025-03-25,baseline,Control,6
128,2025-03-26,baseline,Control,4
128,2025-03-27,baseline,Control,5
128,2025-03-28,baseline,Control,7
128,2025-03-31,intervencion,Control,5
128,2025-04-01,intervencion,Control,4
128,2025-04-02,intervencion,Control,4
128,2025-04-03,intervencion,Control,5
128,2025-04-04,intervencion,Control,4
128,2025-04-07,intervencion,Control,4
128,2025-04-08,intervencion,Control,5
128,2025-04-09,intervencion,Control,6
128,2025-04-10,intervencion,Control,3
128,2025-04-11,intervencion,Control,4
128,2025-04-14,intervencion,Control,4
128,2025-04-15,intervencion,Control,5
128,2025-04-16,intervencion,Control,6
128,2025-04-17,intervencion,Control,7
128,2025-04-18,intervencion,Control,4
128,2025-04-21,intervencion,Control,4
128,2025-04-22,intervencion,Control,5
128,2025-04-23,intervencion,Control,4
128,2025-04-24,intervencion,Control,4
128,2025-04-25,intervencion,Control,4
129,2025-03-03,baseline,Tratamiento,2
129,2025-03-04,baseline,Tratamiento,5
129,2025-03-05,baseline,Tratamiento,4
129,2025-03-06,baseline,Tratamiento,6
129,2025-03-07,baseline,Tratamiento,5
129,2025-03-10,baseline,Tratamiento,3
129,2025-03-11,baseline,Tratamiento,4
129,2025-03-12,baseline,Tratamiento,3
129,2025-03-13,baseline,Tratamiento,4
129,2025-03-14,baseline,Tratamiento,5
129,2025-03-17,baseline,Tratamiento,4
129,2025-03-18,baseline,Tratamiento,5
129,2025-03-19,baseline,Tratamiento,3
129,2025-03-20,baseline,Tratamiento,4
129,2025-03-21,baseline,Tratamiento,4
129,2025-03-24,baseline,Tratamiento,5
129,2025-03-25,baseline,Tratamiento,5
129,2025-03-26,baseline,Tratamiento,5
129,2025-03-27,baseline,Tratamiento,6
129,2025-03-28,baseline,Tratamiento,4
129,2025-03-31,intervencion,Tratamiento,6
129,2025-04-01,intervencion,Tratamiento,4
129,2025-04-02,intervencion,Tratamiento,4
129,2025-04-03,intervencion,Tratamiento,6
129,2025-04-04,intervencion,Tratamiento,4
129,2025-04-07,intervencion,Tratamiento,5
129,2025-04-08,intervencion,Tratamiento,5
129,2025-04-09,intervencion,Tratamiento,6
129,2025-04-10,intervencion,Tratamiento,5
129,2025-04-11,intervencion,Tratamiento,5
129,2025-04-14,intervencion,Tratamiento,5
129,2025-04-15,intervencion,Tratamiento,4
129,2025-04-16,intervencion,Tratamiento,4
129,2025-04-17,intervencion,Tratamiento,5
129,2025-04-18,intervencion,Tratamiento,5
129,2025-04-21,intervencion,Tratamiento,5
129,2025-04-22,intervencion,Tratamiento,5
129,2025-04-23,intervencion,Tratamiento,6
129,2025-04-24,intervencion,Tratamiento,5
129,2025-04-25,intervencion,Tratamiento,5
130,2025-03-03,baseline,Tratamiento,3
130,2025-03-04,baseline,Tratamiento,5
130,2025-03-05,baseline,Tratamiento,5
130,2025-03-06,baseline,Tratamiento,5
130,2025-03-07,baseline,Tratamiento,5
130,2025-03-10,baseline,Tratamiento,5
130,2025-03-11,baseline,Tratamiento,5
130,2025-03-12,baseline,Tratamiento,6
130,2025-03-13,baseline,Tratamiento,5
130,2025-03-14,baseline,Tratamiento,6
130,2025-03-17,baseline,Tratamiento,4
130,2025-03-18,baseline,Tratamiento,3
130,2025-03-19,baseline,Tratamiento,5
130,2025-03-20,baseline,Tratamiento,5
130,2025-03-21,baseline,Tratamiento,6
130,2025-03-24,baseline,Tratamiento,6
130,2025-03-25,baseline,Tratamiento,6
130,2025-03-26,baseline,Tratamiento,5
130,2025-03-27,baseline,Tratamiento,5
130,2025-03-28,baseline,Tratamiento,3
130,2025-03-31,intervencion,Tratamiento,5
130,2025-04-01,intervencion,Tratamiento,4
130,2025-04-02,intervencion,Tratamiento,5
130,2025-04-03,intervencion,Tratamiento,5
130,2025-04-04,intervencion,Tratamiento,5
130,2025-04-07,intervencion,Tratamiento,5
130,2025-04-08,intervencion,Tratamiento,6
130,2025-04-09,intervencion,Tratamiento,2
130,2025-04-10,intervencion,Tratamiento,5
130,2025-04-11,intervencion,Tratamiento,6
130,2025-04-14,intervencion,Tratamiento,7
130,2025-04-15,intervencion,Tratamiento,6
130,2025-04-16,intervencion,Tratamiento,6
130,2025-04-17,intervencion,Tratamiento,5
130,2025-04-18,intervencion,Tratamiento,5
130,2025-04-21,intervencion,Tratamiento,5
130,2025-04-22,intervencion,Tratamiento,5
130,2025-04-23,intervencion,Tratamiento,4
130,2025-04-24,intervencion,Tratamiento,4
130,2025-04-25,intervencion,Tratamiento,4
131,2025-03-03,baseline,Tratamiento,5
131,2025-03-04,baseline,Tratamiento,5
131,2025-03-05,baseline,Tratamiento,4
131,2025-03-06,baseline,Tratamiento,4
131,2025-03-07,baseline,Tratamiento,5
131,2025-03-10,baseline,Tratamiento,5
131,2025-03-11,baseline,Tratamiento,4
131,2025-03-12,baseline,Tratamiento,3
131,2025-03-13,baseline,Tratamiento,5
131,2025-03-14,baseline,Tratamiento,3
131,2025-03-17,baseline,Tratamiento,5
131,2025-03-18,baseline,Tratamiento,6
131,2025-03-19,baseline,Tratamiento,6
131,2025-03-20,baseline,Tratamiento,5
131,2025-03-21,baseline,Tratamiento,5
131,2025-03-24,baseline,Tratamiento,7
131,2025-03-25,baseline,Tratamiento,2
131,2025-03-26,baseline,Tratamiento,4
131,2025-03-27,baseline,Tratamiento,5
131,2025-03-28,baseline,Tratamiento,4
131,2025-03-31,intervencion,Tratamiento,6
131,2025-04-01,intervencion,Tratamiento,5
131,2025-04-02,intervencion,Tratamiento,5
131,2025-04-03,intervencion,Tratamiento,5
131,2025-04-04,intervencion,Tratamiento,4
131,2025-04-07,intervencion,Tratamiento,4
131,2025-04-08,intervencion,Tratamiento,5
131,2025-04-09,intervencion,Tratamiento,4
131,2025-04-10,intervencion,Tratamiento,6
131,2025-04-11,intervencion,Tratamiento,6
131,2025-04-14,intervencion,Tratamiento,6
131,2025-04-15,intervencion,Tratamiento,4
131,2025-04-16,intervencion,Tratamiento,3
131,2025-04-17,intervencion,Tratamiento,5
131,2025-04-18,intervencion,Tratamiento,7
131,2025-04-21,intervencion,Tratamiento,6
131,2025-04-22,intervencion,Tratamiento,4
131,2025-04-23,intervencion,Tratamiento,5
131,2025-04-24,intervencion,Tratamiento,6
131,2025-04-25,intervencion,Tratamiento,4
132,2025-03-03,baseline,Tratamiento,6
132,2025-03-04,baseline,Tratamiento,4
132,2025-03-05,baseline,Tratamiento,5
132,2025-03-06,baseline,Tratamiento,5
132,2025-03-07,baseline,Tratamiento,6
132,2025-03-10,baseline,Tratamiento,4
132,2025-03-11,baseline,Tratamiento,3
132,2025-03-12,baseline,Tratamiento,5
132,2025-03-13,baseline,Tratamiento,3
132,2025-03-14,baseline,Tratamiento,4
132,2025-03-17,baseline,Tratamiento,6
132,2025-03-18,baseline,Tratamiento,5
132,2025-03-19,baseline,Tratamiento,6
132,2025-03-20,baseline,Tratamiento,5
132,2025-03-21,baseline,Tratamiento,7
132,2025-03-24,baseline,Tratamiento,4
132,2025-03-25,baseline,Tratamiento,5
132,2025-03-26,baseline,Tratamiento,4
132,2025-03-27,baseline,Tratamiento,5
132,2025-03-28,baseline,Tratamiento,5
132,2025-03-31,intervencion,Tratamiento,6
132,2025-04-01,intervencion,Tratamiento,4
132,2025-04-02,intervencion,Tratamiento,6
132,2025-04-03,intervencion,Tratamiento,5
132,2025-04-04,intervencion,Tratamiento,5
132,2025-04-07,intervencion,Tratamiento,5
132,2025-04-08,intervencion,Tratamiento,5
132,2025-04-09,intervencion,Tratamiento,5
132,2025-04-10,intervencion,Tratamiento,5
132,2025-04-11,intervencion,Tratamiento,4
132,2025-04-14,intervencion,Tratamiento,5
132,2025-04-15,intervencion,Tratamiento,3
132,2025-04-16,intervencion,Tratamiento,6
132,2025-04-17,intervencion,Tratamiento,4
132,2025-04-18,intervencion,Tratamiento,5
132,2025-04-21,intervencion,Tratamiento,6
132,2025-04-22,intervencion,Tratamiento,6
132,2025-04-23,intervencion,Tratamiento,3
132,2025-04-24,intervencion,Tratamiento,5
132,2025-04-25,intervencion,Tratamiento,5
133,2025-03-03,baseline,Tratamiento,5
133,2025-03-04,baseline,Tratamiento,6
133,2025-03-05,baseline,Tratamiento,4
133,2025-03-06,baseline,Tratamiento,3
133,2025-03-07,baseline,Tratamiento,5
133,2025-03-10,baseline,Tratamiento,4
133,2025-03-11,baseline,Tratamiento,3
133,2025-03-12,baseline,Tratamiento,4
133,2025-03-13,baseline,Tratamiento,6
133,2025-03-14,baseline,Tratamiento,3
133,2025-03-17,baseline,Tratamiento,7
133,2025-03-18,baseline,Tratamiento,4
133,2025-03-19,baseline,Tratamiento,5
133,2025-03-20,baseline,Tratamiento,4
133,2025-03-21,baseline,Tratamiento,5
133,2025-03-24,baseline,Tratamiento,4
133,2025-03-25,baseline,Tratamiento,3
133,2025-03-26,baseline,Tratamiento,7
133,2025-03-27,baseline,Tratamiento,4
133,2025-03-28,baseline,Tratamiento,4
133,2025-03-31,intervencion,Tratamiento,6
133,2025-04-01,intervencion,Tratamiento,7
133,2025-04-02,intervencion,Tratamiento,6
133,2025-04-03,intervencion,Tratamiento,4
133,2025-04-04,intervencion,Tratamiento,5
133,2025-04-07,intervencion,Tratamiento,3
133,2025-04-08,intervencion,Tratamiento,6
133,2025-04-09,intervencion,Tratamiento,3
133,2025-04-10,intervencion,Tratamiento,4
133,2025-04-11,intervencion,Tratamiento,5
133,2025-04-14,intervencion,Tratamiento,5
133,2025-04-15,intervencion,Tratamiento,5
133,2025-04-16,intervencion,Tratamiento,6
133,2025-04-17,intervencion,Tratamiento,6
133,2025-04-18,intervencion,Tratamiento,6
133,2025-04-21,intervencion,Tratamiento,4
133,2025-04-22,intervencion,Tratamiento,6
133,2025-04-23,intervencion,Tratamiento,4
133,2025-04-24,intervencion,Tratamiento,7
133,2025-04-25,intervencion,Tratamiento,7
134,2025-03-03,baseline,Tratamiento,5
134,2025-03-04,baseline,Tratamiento,6
134,2025-03-05,baseline,Tratamiento,2
134,2025-03-06,baseline,Tratamiento,4
134,2025-03-07,baseline,Tratamiento,6
134,2025-03-10,baseline,Tratamiento,5
134,2025-03-11,baseline,Tratamiento,4
134,2025-03-12,baseline,Tratamiento,4
134,2025-03-13,baseline,Tratamiento,2
134,2025-03-14,baseline,Tratamiento,5
134,2025-03-17,baseline,Tratamiento,3
134,2025-03-18,baseline,Tratamiento,6
134,2025-03-19,baseline,Tratamiento,6
134,2025-03-20,baseline,Tratamiento,4
134,2025-03-21,baseline,Tratamiento,5
134,2025-03-24,baseline,Tratamiento,4
134,2025-03-25,baseline,Tratamiento,5
134,2025-03-26,baseline,Tratamiento,4
134,2025-03-27,baseline,Tratamiento,5
134,2025-03-28,baseline,Tratamiento,3
134,2025-03-31,intervencion,Tratamiento,3
134,2025-04-01,intervencion,Tratamiento,5
134,2025-04-02,intervencion,Tratamiento,5
134,2025-04-03,intervencion,Tratamiento,5
134,2025-04-04,intervencion,Tratamiento,4
134,2025-04-07,intervencion,Tratamiento,7
134,2025-04-08,intervencion,Tratamiento,5
134,2025-04-09,intervencion,Tratamiento,5
134,2025-04-10,intervencion,Tratamiento,5
134,2025-04-11,intervencion,Tratamiento,6
134,2025-04-14,intervencion,Tratamiento,5
134,2025-04-15,intervencion,Tratamiento,5
134,2025-04-16,intervencion,Tratamiento,6
134,2025-04-17,intervencion,Tratamiento,3
134,2025-04-18,intervencion,Tratamiento,3
134,2025-04-21,intervencion,Tratamiento,5
134,2025-04-22,intervencion,Tratamiento,5
134,2025-04-23,intervencion,Tratamiento,5
134,2025-04-24,intervencion,Tratamiento,5
134,2025-04-25,intervencion,Tratamiento,5
135,2025-03-03,baseline,Control,3
135,2025-03-04,baseline,Control,5
135,2025-03-05,baseline,Control,3
135,2025-03-06,baseline,Control,5
135,2025-03-07,baseline,Control,3
135,2025-03-10,baseline,Control,5
135,2025-03-11,baseline,Control,3
135,2025-03-12,baseline,Control,4
135,2025-03-13,baseline,Control,5
135,2025-03-14,baseline,Control,5
135,2025-03-17,baseline,Control,3
135,2025-03-18,baseline,Control,4
135,2025-03-19,baseline,Control,3
135,2025-03-20,baseline,Control,3
135,2025-03-21,baseline,Control,5
135,2025-03-24,baseline,Control,5
135,2025-03-25,baseline,Control,5
135,2025-03-26,baseline,Control,5
135,2025-03-27,baseline,Control,5
135,2025-03-28,baseline,Control,4
135,2025-03-31,intervencion,Control,4
135,2025-04-01,intervencion,Control,4
135,2025-04-02,intervencion,Control,3
135,2025-04-03,intervencion,Control,4
135,2025-04-04,intervencion,Control,5
135,2025-04-07,intervencion,Control,4
135,2025-04-08,intervencion,Control,7
135,2025-04-09,intervencion,Control,3
135,2025-04-10,intervencion,Control,4
135,2025-04-11,intervencion,Control,3
135,2025-04-14,intervencion,Control,4
135,2025-04-15,intervencion,Control,4
135,2025-04-16,intervencion,Control,5
135,2025-04-17,intervencion,Control,4
135,2025-04-18,intervencion,Control,4
135,2025-04-21,intervencion,Control,4
135,2025-04-22,intervencion,Control,3
135,2025-04-23,intervencion,Control,4
135,2025-04-24,intervencion,Control,4
135,2025-04-25,intervencion,Control,5
136,2025-03-03,baseline,Control,5
136,2025-03-04,baseline,Control,4
136,2025-03-05,baseline,Control,4
136,2025-03-06,baseline,Control,3
136,2025-03-07,baseline,Control,5
136,2025-03-10,baseline,Control,4
136,2025-03-11,baseline,Control,5
136,2025-03-12,baseline,Control,6
136,2025-03-13,baseline,Control,4
136,2025-03-14,baseline,Control,4
136,2025-03-17,baseline,Control,5
136,2025-03-18,baseline,Control,5
136,2025-03-19,baseline,Control,4
136,2025-03-20,baseline,Control,4
136,2025-03-21,baseline,Control,5
136,2025-03-24,baseline,Control,5
136,2025-03-25,baseline,Control,4
136,2025-03-26,baseline,Control,3
136,2025-03-27,baseline,Control,5
136,2025-03-28,baseline,Control,4
136,2025-03-31,intervencion,Control,5
136,2025-04-01,intervencion,Control,5
136,2025-04-02,intervencion,Control,3
136,2025-04-03,intervencion,Control,5
136,2025-04-04,intervencion,Control,5
136,2025-04-07,intervencion,Control,5
136,2025-04-08,intervencion,Control,5
136,2025-04-09,intervencion,Control,3
136,2025-04-10,intervencion,Control,6
136,2025-04-11,intervencion,Control,5
136,2025-04-14,intervencion,Control,4
136,2025-04-15,intervencion,Control,4
136,2025-04-16,intervencion,Control,5
136,2025-04-17,intervencion,Control,5
136,2025-04-18,intervencion,Control,4
136,2025-04-21,intervencion,Control,5
136,2025-04-22,intervencion,Control,3
136,2025-04-23,intervencion,Control,4
136,2025-04-24,intervencion,Control,3
136,2025-04-25,intervencion,Control,4
137,2025-03-03,baseline,Tratamiento,6
137,2025-03-04,baseline,Tratamiento,6
137,2025-03-05,baseline,Tratamiento,5
137,2025-03-06,baseline,Tratamiento,4
137,2025-03-07,baseline,Tratamiento,4
137,2025-03-10,baseline,Tratamiento,5
137,2025-03-11,baseline,Tratamiento,3
137,2025-03-12,baseline,Tratamiento,4
137,2025-03-13,baseline,Tratamiento,6
137,2025-03-14,baseline,Tratamiento,4
137,2025-03-17,baseline,Tratamiento,4
137,2025-03-18,baseline,Tratamiento,5
137,2025-03-19,baseline,Tratamiento,5
137,2025-03-20,baseline,Tratamiento,4
137,2025-03-21,baseline,Tratamiento,5
137,2025-03-24,baseline,Tratamiento,5
137,2025-03-25,baseline,Tratamiento,6
137,2025-03-26,baseline,Tratamiento,4
137,2025-03-27,baseline,Tratamiento,5
137,2025-03-28,baseline,Tratamiento,6
137,2025-03-31,intervencion,Tratamiento,4
137,2025-04-01,intervencion,Tratamiento,4
137,2025-04-02,intervencion,Tratamiento,5
137,2025-04-03,intervencion,Tratamiento,6
137,2025-04-04,intervencion,Tratamiento,5
137,2025-04-07,intervencion,Tratamiento,5
137,2025-04-08,intervencion,Tratamiento,4
137,2025-04-09,intervencion,Tratamiento,5
137,2025-04-10,intervencion,Tratamiento,6
137,2025-04-11,intervencion,Tratamiento,4
137,2025-04-14,intervencion,Tratamiento,5
137,2025-04-15,intervencion,Tratamiento,5
137,2025-04-16,intervencion,Tratamiento,4
137,2025-04-17,intervencion,Tratamiento,5
137,2025-04-18,intervencion,Tratamiento,5
137,2025-04-21,intervencion,Tratamiento,5
137,2025-04-22,intervencion,Tratamiento,4
137,2025-04-23,intervencion,Tratamiento,3
137,2025-04-24,intervencion,Tratamiento,5
137,2025-04-25,intervencion,Tratamiento,4
138,2025-03-03,baseline,Tratamiento,6
138,2025-03-04,baseline,Tratamiento,6
138,2025-03-05,baseline,Tratamiento,6
138,2025-03-06,baseline,Tratamiento,4
138,2025-03-07,baseline,Tratamiento,5
138,2025-03-10,baseline,Tratamiento,5
138,2025-03-11,baseline,Tratamiento,5
138,2025-03-12,baseline,Tratamiento,4
138,2025-03-13,baseline,Tratamiento,6
138,2025-03-14,baseline,Tratamiento,5
138,2025-03-17,baseline,Tratamiento,5
138,2025-03-18,baseline,Tratamiento,3
138,2025-03-19,baseline,Tratamiento,5
138,2025-03-20,baseline,Tratamiento,4
138,2025-03-21,baseline,Tratamiento,5
138,2025-03-24,baseline,Tratamiento,5
138,2025-03-25,baseline,Tratamiento,5
138,2025-03-26,baseline,Tratamiento,5
138,2025-03-27,baseline,Tratamiento,5
138,2025-03-28,baseline,Tratamiento,4
138,2025-03-31,intervencion,Tratamiento,4
138,2025-04-01,intervencion,Tratamiento,5
138,2025-04-02,intervencion,Tratamiento,4
138,2025-04-03,intervencion,Tratamiento,4
138,2025-04-04,intervencion,Tratamiento,4
138,2025-04-07,intervencion,Tratamiento,5
138,2025-04-08,intervencion,Tratamiento,5
138,2025-04-09,intervencion,Tratamiento,3
138,2025-04-10,intervencion,Tratamiento,5
138,2025-04-11,intervencion,Tratamiento,6
138,2025-04-14,intervencion,Tratamiento,5
138,2025-04-15,intervencion,Tratamiento,5
138,2025-04-16,intervencion,Tratamiento,6
138,2025-04-17,intervencion,Tratamiento,6
138,2025-04-18,intervencion,Tratamiento,6
138,2025-04-21,intervencion,Tratamiento,2
138,2025-04-22,intervencion,Tratamiento,7
138,2025-04-23,intervencion,Tratamiento,6
138,2025-04-24,intervencion,Tratamiento,7
138,2025-04-25,intervencion,Tratamiento,4
139,2025-03-03,baseline,Tratamiento,3
139,2025-03-04,baseline,Tratamiento,5
139,2025-03-05,baseline,Tratamiento,4
139,2025-03-06,baseline,Tratamiento,5
139,2025-03-07,baseline,Tratamiento,6
139,2025-03-10,baseline,Tratamiento,5
139,2025-03-11,baseline,Tratamiento,4
139,2025-03-12,baseline,Tratamiento,5
139,2025-03-13,baseline,Tratamiento,4
139,2025-03-14,baseline,Tratamiento,4
139,2025-03-17,baseline,Tratamiento,6
139,2025-03-18,baseline,Tratamiento,6
139,2025-03-19,baseline,Tratamiento,6
139,2025-03-20,baseline,Tratamiento,4
139,2025-03-21,baseline,Tratamiento,3
139,2025-03-24,baseline,Tratamiento,4
139,2025-03-25,baseline,Tratamiento,4
139,2025-03-26,baseline,Tratamiento,4
139,2025-03-27,baseline,Tratamiento,4
139,2025-03-28,baseline,Tratamiento,5
139,2025-03-31,intervencion,Tratamiento,4
139,2025-04-01,intervencion,Tratamiento,4
139,2025-04-02,intervencion,Tratamiento,6
139,2025-04-03,intervencion,Tratamiento,4
139,2025-04-04,intervencion,Tratamiento,5
139,2025-04-07,intervencion,Tratamiento,6
139,2025-04-08,intervencion,Tratamiento,6
139,2025-04-09,intervencion,Tratamiento,6
139,2025-04-10,intervencion,Tratamiento,5
139,2025-04-11,intervencion,Tratamiento,6
139,2025-04-14,intervencion,Tratamiento,6
139,2025-04-15,intervencion,Tratamiento,5
139,2025-04-16,intervencion,Tratamiento,3
139,2025-04-17,intervencion,Tratamiento,4
139,2025-04-18,intervencion,Tratamiento,6
139,2025-04-21,intervencion,Tratamiento,4
139,2025-04-22,intervencion,Tratamiento,6
139,2025-04-23,intervencion,Tratamiento,5
139,2025-04-24,intervencion,Tratamiento,5
139,2025-04-25,intervencion,Tratamiento,6
140,2025-03-03,baseline,Tratamiento,4
140,2025-03-04,baseline,Tratamiento,5
140,2025-03-05,baseline,Tratamiento,5
140,2025-03-06,baseline,Tratamiento,3
140,2025-03-07,baseline,Tratamiento,4
140,2025-03-10,baseline,Tratamiento,5
140,2025-03-11,baseline,Tratamiento,5
140,2025-03-12,baseline,Tratamiento,6
140,2025-03-13,baseline,Tratamiento,3
140,2025-03-14,baseline,Tratamiento,3
140,2025-03-17,baseline,Tratamiento,5
140,2025-03-18,baseline,Tratamiento,5
140,2025-03-19,baseline,Tratamiento,4
140,2025-03-20,baseline,Tratamiento,5
140,2025-03-21,baseline,Tratamiento,5
140,2025-03-24,baseline,Tratamiento,4
140,2025-03-25,baseline,Tratamiento,4
140,2025-03-26,baseline,Tratamiento,5
140,2025-03-27,baseline,Tratamiento,5
140,2025-03-28,baseline,Tratamiento,4
140,2025-03-31,intervencion,Tratamiento,5
140,2025-04-01,intervencion,Tratamiento,5
140,2025-04-02,intervencion,Tratamiento,5
140,2025-04-03,intervencion,Tratamiento,5
140,2025-04-04,intervencion,Tratamiento,4
140,2025-04-07,intervencion,Tratamiento,6
140,2025-04-08,intervencion,Tratamiento,4
140,2025-04-09,intervencion,Tratamiento,5
140,2025-04-10,intervencion,Tratamiento,4
140,2025-04-11,intervencion,Tratamiento,4
140,2025-04-14,intervencion,Tratamiento,5
140,2025-04-15,intervencion,Tratamiento,5
140,2025-04-16,intervencion,Tratamiento,5
140,2025-04-17,intervencion,Tratamiento,5
140,2025-04-18,intervencion,Tratamiento,7
140,2025-04-21,intervencion,Tratamiento,4
140,2025-04-22,intervencion,Tratamiento,3
140,2025-04-23,intervencion,Tratamiento,4
140,2025-04-24,intervencion,Tratamiento,4
140,2025-04-25,intervencion,Tratamiento,4
141,2025-03-03,baseline,Control,5
141,2025-03-04,baseline,Control,6
141,2025-03-05,baseline,Control,6
141,2025-03-06,baseline,Control,5
141,2025-03-07,baseline,Control,7
141,2025-03-10,baseline,Control,4
141,2025-03-11,baseline,Control,3
141,2025-03-12,baseline,Control,6
141,2025-03-13,baseline,Control,3
141,2025-03-14,baseline,Control,4
141,2025-03-17,baseline,Control,5
141,2025-03-18,baseline,Control,5
141,2025-03-19,baseline,Control,4
141,2025-03-20,baseline,Control,4
141,2025-03-21,baseline,Control,5
141,2025-03-24,baseline,Control,6
141,2025-03-25,baseline,Control,5
141,2025-03-26,baseline,Control,4
141,2025-03-27,baseline,Control,3
141,2025-03-28,baseline,Control,4
141,2025-03-31,intervencion,Control,5
141,2025-04-01,intervencion,Control,5
141,2025-04-02,intervencion,Control,4
141,2025-04-03,intervencion,Control,3
141,2025-04-04,intervencion,Control,5
141,2025-04-07,intervencion,Control,4
141,2025-04-08,intervencion,Control,5
141,2025-04-09,intervencion,Control,4
141,2025-04-10,intervencion,Control,4
141,2025-04-11,intervencion,Control,5
141,2025-04-14,intervencion,Control,7
141,2025-04-15,intervencion,Control,5
141,2025-04-16,intervencion,Control,5
141,2025-04-17,intervencion,Control,5
141,2025-04-18,intervencion,Control,3
141,2025-04-21,intervencion,Control,4
141,2025-04-22,intervencion,Control,2
141,2025-04-23,intervencion,Control,6
141,2025-04-24,intervencion,Control,6
141,2025-04-25,intervencion,Control,5
142,2025-03-03,baseline,Control,5
142,2025-03-04,baseline,Control,3
142,2025-03-05,baseline,Control,4
142,2025-03-06,baseline,Control,6
142,2025-03-07,baseline,Control,5
142,2025-03-10,baseline,Control,4
142,2025-03-11,baseline,Control,3
142,2025-03-12,baseline,Control,6
142,2025-03-13,baseline,Control,5
142,2025-03-14,baseline,Control,3
142,2025-03-17,baseline,Control,4
142,2025-03-18,baseline,Control,3
142,2025-03-19,baseline,Control,4
142,2025-03-20,baseline,Control,5
142,2025-03-21,baseline,Control,4
142,2025-03-24,baseline,Control,5
142,2025-03-25,baseline,Control,5
142,2025-03-26,baseline,Control,6
142,2025-03-27,baseline,Control,4
142,2025-03-28,baseline,Control,7
142,2025-03-31,intervencion,Control,4
142,2025-04-01,intervencion,Control,4
142,2025-04-02,intervencion,Control,4
142,2025-04-03,intervencion,Control,4
142,2025-04-04,intervencion,Control,3
142,2025-04-07,intervencion,Control,5
142,2025-04-08,intervencion,Control,3
142,2025-04-09,intervencion,Control,5
142,2025-04-10,intervencion,Control,3
142,2025-04-11,intervencion,Control,4
142,2025-04-14,intervencion,Control,5
142,2025-04-15,intervencion,Control,7
142,2025-04-16,intervencion,Control,4
142,2025-04-17,intervencion,Control,4
142,2025-04-18,intervencion,Control,4
142,2025-04-21,intervencion,Control,4
142,2025-04-22,intervencion,Control,4
142,2025-04-23,intervencion,Control,5
142,2025-04-24,intervencion,Control,4
142,2025-04-25,intervencion,Control,7
143,2025-03-03,baseline,Control,5
143,2025-03-04,baseline,Control,4
143,2025-03-05,baseline,Control,4
143,2025-03-06,baseline,Control,4
143,2025-03-07,baseline,Control,5
143,2025-03-10,baseline,Control,3
143,2025-03-11,baseline,Control,3
143,2025-03-12,baseline,Control,4
143,2025-03-13,baseline,Control,5
143,2025-03-14,baseline,Control,6
143,2025-03-17,baseline,Control,6
143,2025-03-18,baseline,Control,5
143,2025-03-19,baseline,Control,5
143,2025-03-20,baseline,Control,5
143,2025-03-21,baseline,Control,4
143,2025-03-24,baseline,Control,3
143,2025-03-25,baseline,Control,5
143,2025-03-26,baseline,Control,4
143,2025-03-27,baseline,Control,5
143,2025-03-28,baseline,Control,5
143,2025-03-31,intervencion,Control,5
143,2025-04-01,intervencion,Control,5
143,2025-04-02,intervencion,Control,5
143,2025-04-03,intervencion,Control,5
143,2025-04-04,intervencion,Control,4
143,2025-04-07,intervencion,Control,5
143,2025-04-08,intervencion,Control,4
143,2025-04-09,intervencion,Control,4
143,2025-04-10,intervencion,Control,7
143,2025-04-11,intervencion,Control,5
143,2025-04-14,intervencion,Control,5
143,2025-04-15,intervencion,Control,4
143,2025-04-16,intervencion,Control,6
143,2025-04-17,intervencion,Control,5
143,2025-04-18,intervencion,Control,5
143,2025-04-21,intervencion,Control,5
143,2025-04-22,intervencion,Control,6
143,2025-04-23,intervencion,Control,6
143,2025-04-24,intervencion,Control,5
143,2025-04-25,intervencion,Control,4
144,2025-03-03,baseline,Tratamiento,5
144,2025-03-04,baseline,Tratamiento,4
144,2025-03-05,baseline,Tratamiento,4
144,2025-03-06,baseline,Tratamiento,5
144,2025-03-07,baseline,Tratamiento,3
144,2025-03-10,baseline,Tratamiento,5
144,2025-03-11,baseline,Tratamiento,4
144,2025-03-12,baseline,Tratamiento,4
144,2025-03-13,baseline,Tratamiento,4
144,2025-03-14,baseline,Tratamiento,5
144,2025-03-17,baseline,Tratamiento,4
144,2025-03-18,baseline,Tratamiento,5
144,2025-03-19,baseline,Tratamiento,5
144,2025-03-20,baseline,Tratamiento,4
144,2025-03-21,baseline,Tratamiento,4
144,2025-03-24,baseline,Tratamiento,6
144,2025-03-25,baseline,Tratamiento,3
144,2025-03-26,baseline,Tratamiento,4
144,2025-03-27,baseline,Tratamiento,4
144,2025-03-28,baseline,Tratamiento,5
144,2025-03-31,intervencion,Tratamiento,4
144,2025-04-01,intervencion,Tratamiento,5
144,2025-04-02,intervencion,Tratamiento,5
144,2025-04-03,intervencion,Tratamiento,6
144,2025-04-04,intervencion,Tratamiento,5
144,2025-04-07,intervencion,Tratamiento,4
144,2025-04-08,intervencion,Tratamiento,5
144,2025-04-09,intervencion,Tratamiento,6
144,2025-04-10,intervencion,Tratamiento,4
144,2025-04-11,intervencion,Tratamiento,5
144,2025-04-14,intervencion,Tratamiento,5
144,2025-04-15,intervencion,Tratamiento,5
144,2025-04-16,intervencion,Tratamiento,7
144,2025-04-17,intervencion,Tratamiento,5
144,2025-04-18,intervencion,Tratamiento,5
144,2025-04-21,intervencion,Tratamiento,4
144,2025-04-22,intervencion,Tratamiento,5
144,2025-04-23,intervencion,Tratamiento,6
144,2025-04-24,intervencion,Tratamiento,4
144,2025-04-25,intervencion,Tratamiento,5
145,2025-03-03,baseline,Control,4
145,2025-03-04,baseline,Control,4
145,2025-03-05,baseline,Control,6
145,2025-03-06,baseline,Control,4
145,2025-03-07,baseline,Control,2
145,2025-03-10,baseline,Control,6
145,2025-03-11,baseline,Control,4
145,2025-03-12,baseline,Control,4
145,2025-03-13,baseline,Control,6
145,2025-03-14,baseline,Control,4
145,2025-03-17,baseline,Control,4
145,2025-03-18,baseline,Control,3
145,2025-03-19,baseline,Control,3
145,2025-03-20,baseline,Control,4
145,2025-03-21,baseline,Control,5
145,2025-03-24,baseline,Control,5
145,2025-03-25,baseline,Control,4
145,2025-03-26,baseline,Control,5
145,2025-03-27,baseline,Control,3
145,2025-03-28,baseline,Control,5
145,2025-03-31,intervencion,Control,5
145,2025-04-01,intervencion,Control,6
145,2025-04-02,intervencion,Control,5
145,2025-04-03,intervencion,Control,4
145,2025-04-04,intervencion,Control,5
145,2025-04-07,intervencion,Control,4
145,2025-04-08,intervencion,Control,5
145,2025-04-09,intervencion,Control,5
145,2025-04-10,intervencion,Control,3
145,2025-04-11,intervencion,Control,3
145,2025-04-14,intervencion,Control,5
145,2025-04-15,intervencion,Control,6
145,2025-04-16,intervencion,Control,5
145,2025-04-17,intervencion,Control,5
145,2025-04-18,intervencion,Control,6
145,2025-04-21,intervencion,Control,5
145,2025-04-22,intervencion,Control,4
145,2025-04-23,intervencion,Control,5
145,2025-04-24,intervencion,Control,6
145,2025-04-25,intervencion,Control,5
146,2025-03-03,baseline,Control,5
146,2025-03-04,baseline,Control,4
146,2025-03-05,baseline,Control,4
146,2025-03-06,baseline,Control,4
146,2025-03-07,baseline,Control,5
146,2025-03-10,baseline,Control,6
146,2025-03-11,baseline,Control,2
146,2025-03-12,baseline,Control,5
146,2025-03-13,baseline,Control,5
146,2025-03-14,baseline,Control,3
146,2025-03-17,baseline,Control,5
146,2025-03-18,baseline,Control,4
146,2025-03-19,baseline,Control,4
146,2025-03-20,baseline,Control,6
146,2025-03-21,baseline,Control,6
146,2025-03-24,baseline,Control,5
146,2025-03-25,baseline,Control,5
146,2025-03-26,baseline,Control,4
146,2025-03-27,baseline,Control,6
146,2025-03-28,baseline,Control,5
146,2025-03-31,intervencion,Control,4
146,2025-04-01,intervencion,Control,3
146,2025-04-02,intervencion,Control,5
146,2025-04-03,intervencion,Control,5
146,2025-04-04,intervencion,Control,3
146,2025-04-07,intervencion,Control,5
146,2025-04-08,intervencion,Control,4
146,2025-04-09,intervencion,Control,5
146,2025-04-10,intervencion,Control,5
146,2025-04-11,intervencion,Control,4
146,2025-04-14,intervencion,Control,5
146,2025-04-15,intervencion,Control,4
146,2025-04-16,intervencion,Control,4
146,2025-04-17,intervencion,Control,4
146,2025-04-18,intervencion,Control,6
146,2025-04-21,intervencion,Control,4
146,2025-04-22,intervencion,Control,6
146,2025-04-23,intervencion,Control,6
146,2025-04-24,intervencion,Control,4
146,2025-04-25,intervencion,Control,2
147,2025-03-03,baseline,Tratamiento,6
147,2025-03-04,baseline,Tratamiento,4
147,2025-03-05,baseline,Tratamiento,4
147,2025-03-06,baseline,Tratamiento,4
147,2025-03-07,baseline,Tratamiento,4
147,2025-03-10,baseline,Tratamiento,6
147,2025-03-11,baseline,Tratamiento,5
147,2025-03-12,baseline,Tratamiento,6
147,2025-03-13,baseline,Tratamiento,5
147,2025-03-14,baseline,Tratamiento,4
147,2025-03-17,baseline,Tratamiento,4
147,2025-03-18,baseline,Tratamiento,5
147,2025-03-19,baseline,Tratamiento,5
147,2025-03-20,baseline,Tratamiento,5
147,2025-03-21,baseline,Tratamiento,4
147,2025-03-24,baseline,Tratamiento,5
147,2025-03-25,baseline,Tratamiento,5
147,2025-03-26,baseline,Tratamiento,4
147,2025-03-27,baseline,Tratamiento,4
147,2025-03-28,baseline,Tratamiento,4
147,2025-03-31,intervencion,Tratamiento,5
147,2025-04-01,intervencion,Tratamiento,6
147,2025-04-02,intervencion,Tratamiento,6
147,2025-04-03,intervencion,Tratamiento,4
147,2025-04-04,intervencion,Tratamiento,4
147,2025-04-07,intervencion,Tratamiento,5
147,2025-04-08,intervencion,Tratamiento,6
147,2025-04-09,intervencion,Tratamiento,4
147,2025-04-10,intervencion,Tratamiento,5
147,2025-04-11,intervencion,Tratamiento,4
147,2025-04-14,intervencion,Tratamiento,5
147,2025-04-15,intervencion,Tratamiento,5
147,2025-04-16,intervencion,Tratamiento,4
147,2025-04-17,intervencion,Tratamiento,5
147,2025-04-18,intervencion,Tratamiento,6
147,2025-04-21,intervencion,Tratamiento,4
147,2025-04-22,intervencion,Tratamiento,4
147,2025-04-23,intervencion,Tratamiento,6
147,2025-04-24,intervencion,Tratamiento,5
147,2025-04-25,intervencion,Tratamiento,6
148,2025-03-03,baseline,Control,5
148,2025-03-04,baseline,Control,5
148,2025-03-05,baseline,Control,4
148,2025-03-06,baseline,Control,5
148,2025-03-07,baseline,Control,6
148,2025-03-10,baseline,Control,6
148,2025-03-11,baseline,Control,4
148,2025-03-12,baseline,Control,6
148,2025-03-13,baseline,Control,4
148,2025-03-14,baseline,Control,4
148,2025-03-17,baseline,Control,4
148,2025-03-18,baseline,Control,5
148,2025-03-19,baseline,Control,5
148,2025-03-20,baseline,Control,4
148,2025-03-21,baseline,Control,5
148,2025-03-24,baseline,Control,5
148,2025-03-25,baseline,Control,4
148,2025-03-26,baseline,Control,4
148,2025-03-27,baseline,Control,5
148,2025-03-28,baseline,Control,5
148,2025-03-31,intervencion,Control,3
148,2025-04-01,intervencion,Control,5
148,2025-04-02,intervencion,Control,4
148,2025-04-03,intervencion,Control,6
148,2025-04-04,intervencion,Control,3
148,2025-04-07,intervencion,Control,4
148,2025-04-08,intervencion,Control,4
148,2025-04-09,intervencion,Control,4
148,2025-04-10,intervencion,Control,4
148,2025-04-11,intervencion,Control,6
148,2025-04-14,intervencion,Control,5
148,2025-04-15,intervencion,Control,4
148,2025-04-16,intervencion,Control,3
148,2025-04-17,intervencion,Control,3
148,2025-04-18,intervencion,Control,4
148,2025-04-21,intervencion,Control,4
148,2025-04-22,intervencion,Control,4
148,2025-04-23,intervencion,Control,3
148,2025-04-24,intervencion,Control,5
148,2025-04-25,intervencion,Control,6
149,2025-03-03,baseline,Control,6
149,2025-03-04,baseline,Control,3
149,2025-03-05,baseline,Control,4
149,2025-03-06,baseline,Control,4
149,2025-03-07,baseline,Control,5
149,2025-03-10,baseline,Control,4
149,2025-03-11,baseline,Control,6
149,2025-03-12,baseline,Control,5
149,2025-03-13,baseline,Control,4
149,2025-03-14,baseline,Control,6
149,2025-03-17,baseline,Control,5
149,2025-03-18,baseline,Control,5
149,2025-03-19,baseline,Control,4
149,2025-03-20,baseline,Control,3
149,2025-03-21,baseline,Control,4
149,2025-03-24,baseline,Control,7
149,2025-03-25,baseline,Control,5
149,2025-03-26,baseline,Control,5
149,2025-03-27,baseline,Control,4
149,2025-03-28,baseline,Control,5
149,2025-03-31,intervencion,Control,3
149,2025-04-01,intervencion,Control,3
149,2025-04-02,intervencion,Control,4
149,2025-04-03,intervencion,Control,6
149,2025-04-04,intervencion,Control,6
149,2025-04-07,intervencion,Control,4
149,2025-04-08,intervencion,Control,4
149,2025-04-09,intervencion,Control,3
149,2025-04-10,intervencion,Control,5
149,2025-04-11,intervencion,Control,5
149,2025-04-14,intervencion,Control,5
149,2025-04-15,intervencion,Control,5
149,2025-04-16,intervencion,Control,4
149,2025-04-17,intervencion,Control,5
149,2025-04-18,intervencion,Control,4
149,2025-04-21,intervencion,Control,5
149,2025-04-22,intervencion,Control,4
149,2025-04-23,intervencion,Control,5
149,2025-04-24,intervencion,Control,5
149,2025-04-25,intervencion,Control,5
150,2025-03-03,baseline,Tratamiento,5
150,2025-03-04,baseline,Tratamiento,3
150,2025-03-05,baseline,Tratamiento,4
150,2025-03-06,baseline,Tratamiento,4
150,2025-03-07,baseline,Tratamiento,3
150,2025-03-10,baseline,Tratamiento,4
150,2025-03-11,baseline,Tratamiento,4
150,2025-03-12,baseline,Tratamiento,6
150,2025-03-13,baseline,Tratamiento,5
150,2025-03-14,baseline,Tratamiento,6
150,2025-03-17,baseline,Tratamiento,5
150,2025-03-18,baseline,Tratamiento,4
150,2025-03-19,baseline,Tratamiento,5
150,2025-03-20,baseline,Tratamiento,5
150,2025-03-21,baseline,Tratamiento,6
150,2025-03-24,baseline,Tratamiento,4
150,2025-03-25,baseline,Tratamiento,3
150,2025-03-26,baseline,Tratamiento,3
150,2025-03-27,baseline,Tratamiento,4
150,2025-03-28,baseline,Tratamiento,2
150,2025-03-31,intervencion,Tratamiento,7
150,2025-04-01,intervencion,Tratamiento,5
150,2025-04-02,intervencion,Tratamiento,4
150,2025-04-03,intervencion,Tratamiento,4
150,2025-04-04,intervencion,Tratamiento,6
150,2025-04-07,intervencion,Tratamiento,4
150,2025-04-08,intervencion,Tratamiento,4
150,2025-04-09,intervencion,Tratamiento,4
150,2025-04-10,intervencion,Tratamiento,5
150,2025-04-11,intervencion,Tratamiento,6
150,2025-04-14,intervencion,Tratamiento,6
150,2025-04-15,intervencion,Tratamiento,6
150,2025-04-16,intervencion,Tratamiento,5
150,2025-04-17,intervencion,Tratamiento,6
150,2025-04-18,intervencion,Tratamiento,4
150,2025-04-21,intervencion,Tratamiento,3
150,2025-04-22,intervencion,Tratamiento,4
150,2025-04-23,intervencion,Tratamiento,4
150,2025-04-24,intervencion,Tratamiento,4
150,2025-04-25,intervencion,Tratamiento,4
151,2025-03-03,baseline,Control,4
151,2025-03-04,baseline,Control,5
151,2025-03-05,baseline,Control,6
151,2025-03-06,baseline,Control,3
151,2025-03-07,baseline,Control,3
151,2025-03-10,baseline,Control,4
151,2025-03-11,baseline,Control,5
151,2025-03-12,baseline,Control,4
151,2025-03-13,baseline,Control,4
151,2025-03-14,baseline,Control,5
151,2025-03-17,baseline,Control,5
151,2025-03-18,baseline,Control,5
151,2025-03-19,baseline,Control,4
151,2025-03-20,baseline,Control,5
151,2025-03-21,baseline,Control,4
151,2025-03-24,baseline,Control,4
151,2025-03-25,baseline,Control,4
151,2025-03-26,baseline,Control,5
151,2025-03-27,baseline,Control,5
151,2025-03-28,baseline,Control,6
151,2025-03-31,intervencion,Control,6
151,2025-04-01,intervencion,Control,5
151,2025-04-02,intervencion,Control,4
151,2025-04-03,intervencion,Control,6
151,2025-04-04,intervencion,Control,5
151,2025-04-07,intervencion,Control,7
151,2025-04-08,intervencion,Control,5
151,2025-04-09,intervencion,Control,5
151,2025-04-10,intervencion,Control,5
151,2025-04-11,intervencion,Control,5
151,2025-04-14,intervencion,Control,4
151,2025-04-15,intervencion,Control,5
151,2025-04-16,intervencion,Control,5
151,2025-04-17,intervencion,Control,6
151,2025-04-18,intervencion,Control,5
151,2025-04-21,intervencion,Control,4
151,2025-04-22,intervencion,Control,4
151,2025-04-23,intervencion,Control,3
151,2025-04-24,intervencion,Control,6
151,2025-04-25,intervencion,Control,4
152,2025-03-03,baseline,Control,5
152,2025-03-04,baseline,Control,5
152,2025-03-05,baseline,Control,5
152,2025-03-06,baseline,Control,4
152,2025-03-07,baseline,Control,4
152,2025-03-10,baseline,Control,4
152,2025-03-11,baseline,Control,6
152,2025-03-12,baseline,Control,5
152,2025-03-13,baseline,Control,6
152,2025-03-14,baseline,Control,6
152,2025-03-17,baseline,Control,4
152,2025-03-18,baseline,Control,5
152,2025-03-19,baseline,Control,5
152,2025-03-20,baseline,Control,4
152,2025-03-21,baseline,Control,4
152,2025-03-24,baseline,Control,5
152,2025-03-25,baseline,Control,4
152,2025-03-26,baseline,Control,4
152,2025-03-27,baseline,Control,4
152,2025-03-28,baseline,Control,7
152,2025-03-31,intervencion,Control,3
152,2025-04-01,intervencion,Control,5
152,2025-04-02,intervencion,Control,4
152,2025-04-03,intervencion,Control,4
152,2025-04-04,intervencion,Control,4
152,2025-04-07,intervencion,Control,5
152,2025-04-08,intervencion,Control,5
152,2025-04-09,intervencion,Control,5
152,2025-04-10,intervencion,Control,6
152,2025-04-11,intervencion,Control,6
152,2025-04-14,intervencion,Control,5
152,2025-04-15,intervencion,Control,4
152,2025-04-16,intervencion,Control,5
152,2025-04-17,intervencion,Control,5
152,2025-04-18,intervencion,Control,4
152,2025-04-21,intervencion,Control,3
152,2025-04-22,intervencion,Control,3
152,2025-04-23,intervencion,Control,5
152,2025-04-24,intervencion,Control,5
152,2025-04-25,intervencion,Control,4
153,2025-03-03,baseline,Control,6
153,2025-03-04,baseline,Control,5
153,2025-03-05,baseline,Control,6
153,2025-03-06,baseline,Control,5
153,2025-03-07,baseline,Control,4
153,2025-03-10,baseline,Control,5
153,2025-03-11,baseline,Control,5
153,2025-03-12,baseline,Control,4
153,2025-03-13,baseline,Control,3
153,2025-03-14,baseline,Control,5
153,2025-03-17,baseline,Control,4
153,2025-03-18,baseline,Control,6
153,2025-03-19,baseline,Control,4
153,2025-03-20,baseline,Control,6
153,2025-03-21,baseline,Control,3
153,2025-03-24,baseline,Control,5
153,2025-03-25,baseline,Control,6
153,2025-03-26,baseline,Control,4
153,2025-03-27,baseline,Control,4
153,2025-03-28,baseline,Control,4
153,2025-03-31,intervencion,Control,4
153,2025-04-01,intervencion,Control,5
153,2025-04-02,intervencion,Control,3
153,2025-04-03,intervencion,Control,5
153,2025-04-04,intervencion,Control,5
153,2025-04-07,intervencion,Control,4
153,2025-04-08,intervencion,Control,4
153,2025-04-09,intervencion,Control,6
153,2025-04-10,intervencion,Control,5
153,2025-04-11,intervencion,Control,4
153,2025-04-14,intervencion,Control,3
153,2025-04-15,intervencion,Control,4
153,2025-04-16,intervencion,Control,5
153,2025-04-17,intervencion,Control,5
153,2025-04-18,intervencion,Control,5
153,2025-04-21,intervencion,Control,4
153,2025-04-22,intervencion,Control,4
153,2025-04-23,intervencion,Control,5
153,2025-04-24,intervencion,Control,4
153,2025-04-25,intervencion,Control,5
154,2025-03-03,baseline,Control,3
154,2025-03-04,baseline,Control,4
154,2025-03-05,baseline,Control,6
154,2025-03-06,baseline,Control,4
154,2025-03-07,baseline,Control,5
154,2025-03-10,baseline,Control,3
154,2025-03-11,baseline,Control,4
154,2025-03-12,baseline,Control,4
154,2025-03-13,baseline,Control,6
154,2025-03-14,baseline,Control,4
154,2025-03-17,baseline,Control,5
154,2025-03-18,baseline,Control,6
154,2025-03-19,baseline,Control,4
154,2025-03-20,baseline,Control,4
154,2025-03-21,baseline,Control,5
154,2025-03-24,baseline,Control,3
154,2025-03-25,baseline,Control,4
154,2025-03-26,baseline,Control,6
154,2025-03-27,baseline,Control,5
154,2025-03-28,baseline,Control,4
154,2025-03-31,intervencion,Control,5
154,2025-04-01,intervencion,Control,5
154,2025-04-02,intervencion,Control,5
154,2025-04-03,intervencion,Control,4
154,2025-04-04,intervencion,Control,6
154,2025-04-07,intervencion,Control,6
154,2025-04-08,intervencion,Control,5
154,2025-04-09,intervencion,Control,4
154,2025-04-10,intervencion,Control,4
154,2025-04-11,intervencion,Control,4
154,2025-04-14,intervencion,Control,5
154,2025-04-15,intervencion,Control,3
154,2025-04-16,intervencion,Control,5
154,2025-04-17,intervencion,Control,6
154,2025-04-18,intervencion,Control,5
154,2025-04-21,intervencion,Control,4
154,2025-04-22,intervencion,Control,4
154,2025-04-23,intervencion,Control,5
154,2025-04-24,intervencion,Control,4
154,2025-04-25,intervencion,Control,5
155,2025-03-03,baseline,Tratamiento,5
155,2025-03-04,baseline,Tratamiento,6
155,2025-03-05,baseline,Tratamiento,4
155,2025-03-06,baseline,Tratamiento,5
155,2025-03-07,baseline,Tratamiento,4
155,2025-03-10,baseline,Tratamiento,5
155,2025-03-11,baseline,Tratamiento,5
155,2025-03-12,baseline,Tratamiento,5
155,2025-03-13,baseline,Tratamiento,6
155,2025-03-14,baseline,Tratamiento,5
155,2025-03-17,baseline,Tratamiento,5
155,2025-03-18,baseline,Tratamiento,4
155,2025-03-19,baseline,Tratamiento,3
155,2025-03-20,baseline,Tratamiento,6
155,2025-03-21,baseline,Tratamiento,4
155,2025-03-24,baseline,Tratamiento,5
155,2025-03-25,baseline,Tratamiento,5
155,2025-03-26,baseline,Tratamiento,3
155,2025-03-27,baseline,Tratamiento,4
155,2025-03-28,baseline,Tratamiento,6
155,2025-03-31,intervencion,Tratamiento,5
155,2025-04-01,intervencion,Tratamiento,4
155,2025-04-02,intervencion,Tratamiento,5
155,2025-04-03,intervencion,Tratamiento,6
155,2025-04-04,intervencion,Tratamiento,6
155,2025-04-07,intervencion,Tratamiento,4
155,2025-04-08,intervencion,Tratamiento,6
155,2025-04-09,intervencion,Tratamiento,6
155,2025-04-10,intervencion,Tratamiento,5
155,2025-04-11,intervencion,Tratamiento,4
155,2025-04-14,intervencion,Tratamiento,6
155,2025-04-15,intervencion,Tratamiento,5
155,2025-04-16,intervencion,Tratamiento,4
155,2025-04-17,intervencion,Tratamiento,5
155,2025-04-18,intervencion,Tratamiento,7
155,2025-04-21,intervencion,Tratamiento,5
155,2025-04-22,intervencion,Tratamiento,4
155,2025-04-23,intervencion,Tratamiento,4
155,2025-04-24,intervencion,Tratamiento,7
155,2025-04-25,intervencion,Tratamiento,6
156,2025-03-03,baseline,Tratamiento,6
156,2025-03-04,baseline,Tratamiento,5
156,2025-03-05,baseline,Tratamiento,6
156,2025-03-06,baseline,Tratamiento,4
156,2025-03-07,baseline,Tratamiento,5
156,2025-03-10,baseline,Tratamiento,5
156,2025-03-11,baseline,Tratamiento,6
156,2025-03-12,baseline,Tratamiento,5
156,2025-03-13,baseline,Tratamiento,4
156,2025-03-14,baseline,Tratamiento,5
156,2025-03-17,baseline,Tratamiento,3
156,2025-03-18,baseline,Tratamiento,3
156,2025-03-19,baseline,Tratamiento,5
156,2025-03-20,baseline,Tratamiento,4
156,2025-03-21,baseline,Tratamiento,4
156,2025-03-24,baseline,Tratamiento,5
156,2025-03-25,baseline,Tratamiento,6
156,2025-03-26,baseline,Tratamiento,5
156,2025-03-27,baseline,Tratamiento,6
156,2025-03-28,baseline,Tratamiento,5
156,2025-03-31,intervencion,Tratamiento,5
156,2025-04-01,intervencion,Tratamiento,5
156,2025-04-02,intervencion,Tratamiento,4
156,2025-04-03,intervencion,Tratamiento,6
156,2025-04-04,intervencion,Tratamiento,3
156,2025-04-07,intervencion,Tratamiento,4
156,2025-04-08,intervencion,Tratamiento,5
156,2025-04-09,intervencion,Tratamiento,4
156,2025-04-10,intervencion,Tratamiento,5
156,2025-04-11,intervencion,Tratamiento,7
156,2025-04-14,intervencion,Tratamiento,6
156,2025-04-15,intervencion,Tratamiento,4
156,2025-04-16,intervencion,Tratamiento,5
156,2025-04-17,intervencion,Tratamiento,4
156,2025-04-18,intervencion,Tratamiento,6
156,2025-04-21,intervencion,Tratamiento,5
156,2025-04-22,intervencion,Tratamiento,3
156,2025-04-23,intervencion,Tratamiento,5
156,2025-04-24,intervencion,Tratamiento,5
156,2025-04-25,intervencion,Tratamiento,6
157,2025-03-03,baseline,Tratamiento,5
157,2025-03-04,baseline,Tratamiento,4
157,2025-03-05,baseline,Tratamiento,6
157,2025-03-06,baseline,Tratamiento,5
157,2025-03-07,baseline,Tratamiento,5
157,2025-03-10,baseline,Tratamiento,4
157,2025-03-11,baseline,Tratamiento,5
157,2025-03-12,baseline,Tratamiento,3
157,2025-03-13,baseline,Tratamiento,4
157,2025-03-14,baseline,Tratamiento,4
157,2025-03-17,baseline,Tratamiento,4
157,2025-03-18,baseline,Tratamiento,6
157,2025-03-19,baseline,Tratamiento,4
157,2025-03-20,baseline,Tratamiento,5
157,2025-03-21,baseline,Tratamiento,6
157,2025-03-24,baseline,Tratamiento,5
157,2025-03-25,baseline,Tratamiento,5
157,2025-03-26,baseline,Tratamiento,5
157,2025-03-27,baseline,Tratamiento,5
157,2025-03-28,baseline,Tratamiento,5
157,2025-03-31,intervencion,Tratamiento,7
157,2025-04-01,intervencion,Tratamiento,4
157,2025-04-02,intervencion,Tratamiento,4
157,2025-04-03,intervencion,Tratamiento,4
157,2025-04-04,intervencion,Tratamiento,6
157,2025-04-07,intervencion,Tratamiento,6
157,2025-04-08,intervencion,Tratamiento,4
157,2025-04-09,intervencion,Tratamiento,3
157,2025-04-10,intervencion,Tratamiento,4
157,2025-04-11,intervencion,Tratamiento,5
157,2025-04-14,intervencion,Tratamiento,5
157,2025-04-15,intervencion,Tratamiento,5
157,2025-04-16,intervencion,Tratamiento,4
157,2025-04-17,intervencion,Tratamiento,6
157,2025-04-18,intervencion,Tratamiento,5
157,2025-04-21,intervencion,Tratamiento,5
157,2025-04-22,intervencion,Tratamiento,5
157,2025-04-23,intervencion,Tratamiento,5
157,2025-04-24,intervencion,Tratamiento,5
157,2025-04-25,intervencion,Tratamiento,4
158,2025-03-03,baseline,Tratamiento,5
158,2025-03-04,baseline,Tratamiento,5
158,2025-03-05,baseline,Tratamiento,6
158,2025-03-06,baseline,Tratamiento,5
158,2025-03-07,baseline,Tratamiento,4
158,2025-03-10,baseline,Tratamiento,4
158,2025-03-11,baseline,Tratamiento,4
158,2025-03-12,baseline,Tratamiento,5
158,2025-03-13,baseline,Tratamiento,4
158,2025-03-14,baseline,Tratamiento,4
158,2025-03-17,baseline,Tratamiento,4
158,2025-03-18,baseline,Tratamiento,3
158,2025-03-19,baseline,Tratamiento,2
158,2025-03-20,baseline,Tratamiento,4
158,2025-03-21,baseline,Tratamiento,7
158,2025-03-24,baseline,Tratamiento,6
158,2025-03-25,baseline,Tratamiento,4
158,2025-03-26,baseline,Tratamiento,5
158,2025-03-27,baseline,Tratamiento,3
158,2025-03-28,baseline,Tratamiento,3
158,2025-03-31,intervencion,Tratamiento,4
158,2025-04-01,intervencion,Tratamiento,5
158,2025-04-02,intervencion,Tratamiento,5
158,2025-04-03,intervencion,Tratamiento,5
158,2025-04-04,intervencion,Tratamiento,6
158,2025-04-07,intervencion,Tratamiento,5
158,2025-04-08,intervencion,Tratamiento,5
158,2025-04-09,intervencion,Tratamiento,4
158,2025-04-10,intervencion,Tratamiento,4
158,2025-04-11,intervencion,Tratamiento,4
158,2025-04-14,intervencion,Tratamiento,6
158,2025-04-15,intervencion,Tratamiento,5
158,2025-04-16,intervencion,Tratamiento,3
158,2025-04-17,intervencion,Tratamiento,5
158,2025-04-18,intervencion,Tratamiento,4
158,2025-04-21,intervencion,Tratamiento,6
158,2025-04-22,intervencion,Tratamiento,4
158,2025-04-23,intervencion,Tratamiento,6
158,2025-04-24,intervencion,Tratamiento,6
158,2025-04-25,intervencion,Tratamiento,4
159,2025-03-03,baseline,Tratamiento,5
159,2025-03-04,baseline,Tratamiento,5
159,2025-03-05,baseline,Tratamiento,5
159,2025-03-06,baseline,Tratamiento,5
159,2025-03-07,baseline,Tratamiento,3
159,2025-03-10,baseline,Tratamiento,5
159,2025-03-11,baseline,Tratamiento,4
159,2025-03-12,baseline,Tratamiento,5
159,2025-03-13,baseline,Tratamiento,5
159,2025-03-14,baseline,Tratamiento,5
159,2025-03-17,baseline,Tratamiento,5
159,2025-03-18,baseline,Tratamiento,5
159,2025-03-19,baseline,Tratamiento,5
159,2025-03-20,baseline,Tratamiento,6
159,2025-03-21,baseline,Tratamiento,5
159,2025-03-24,baseline,Tratamiento,5
159,2025-03-25,baseline,Tratamiento,5
159,2025-03-26,baseline,Tratamiento,4
159,2025-03-27,baseline,Tratamiento,3
159,2025-03-28,baseline,Tratamiento,5
159,2025-03-31,intervencion,Tratamiento,5
159,2025-04-01,intervencion,Tratamiento,4
159,2025-04-02,intervencion,Tratamiento,5
159,2025-04-03,intervencion,Tratamiento,6
159,2025-04-04,intervencion,Tratamiento,3
159,2025-04-07,intervencion,Tratamiento,6
159,2025-04-08,intervencion,Tratamiento,3
159,2025-04-09,intervencion,Tratamiento,5
159,2025-04-10,intervencion,Tratamiento,7
159,2025-04-11,intervencion,Tratamiento,5
159,2025-04-14,intervencion,Tratamiento,5
159,2025-04-15,intervencion,Tratamiento,6
159,2025-04-16,intervencion,Tratamiento,3
159,2025-04-17,intervencion,Tratamiento,5
159,2025-04-18,intervencion,Tratamiento,5
159,2025-04-21,intervencion,Tratamiento,7
159,2025-04-22,intervencion,Tratamiento,4
159,2025-04-23,intervencion,Tratamiento,5
159,2025-04-24,intervencion,Tratamiento,4
159,2025-04-25,intervencion,Tratamiento,4
160,2025-03-03,baseline,Control,6
160,2025-03-04,baseline,Control,5
160,2025-03-05,baseline,Control,4
160,2025-03-06,baseline,Control,4
160,2025-03-07,baseline,Control,4
160,2025-03-10,baseline,Control,4
160,2025-03-11,baseline,Control,3
160,2025-03-12,baseline,Control,4
160,2025-03-13,baseline,Control,4
160,2025-03-14,baseline,Control,4
160,2025-03-17,baseline,Control,5
160,2025-03-18,baseline,Control,5
160,2025-03-19,baseline,Control,4
160,2025-03-20,baseline,Control,4
160,2025-03-21,baseline,Control,7
160,2025-03-24,baseline,Control,7
160,2025-03-25,baseline,Control,4
160,2025-03-26,baseline,Control,4
160,2025-03-27,baseline,Control,4
160,2025-03-28,baseline,Control,6
160,2025-03-31,intervencion,Control,4
160,2025-04-01,intervencion,Control,5
160,2025-04-02,intervencion,Control,6
160,2025-04-03,intervencion,Control,5
160,2025-04-04,intervencion,Control,5
160,2025-04-07,intervencion,Control,5
160,2025-04-08,intervencion,Control,4
160,2025-04-09,intervencion,Control,6
160,2025-04-10,intervencion,Control,4
160,2025-04-11,intervencion,Control,6
160,2025-04-14,intervencion,Control,4
160,2025-04-15,intervencion,Control,4
160,2025-04-16,intervencion,Control,4
160,2025-04-17,intervencion,Control,4
160,2025-04-18,intervencion,Control,4
160,2025-04-21,intervencion,Control,2
160,2025-04-22,intervencion,Control,4
160,2025-04-23,intervencion,Control,4
160,2025-04-24,intervencion,Control,5
160,2025-04-25,intervencion,Control,5
161,2025-03-03,baseline,Control,4
161,2025-03-04,baseline,Control,4
161,2025-03-05,baseline,Control,4
161,2025-03-06,baseline,Control,6
161,2025-03-07,baseline,Control,4
161,2025-03-10,baseline,Control,4
161,2025-03-11,baseline,Control,4
161,2025-03-12,baseline,Control,3
161,2025-03-13,baseline,Control,5
161,2025-03-14,baseline,Control,5
161,2025-03-17,baseline,Control,6
161,2025-03-18,baseline,Control,6
161,2025-03-19,baseline,Control,7
161,2025-03-20,baseline,Control,5
161,2025-03-21,baseline,Control,4
161,2025-03-24,baseline,Control,3
161,2025-03-25,baseline,Control,5
161,2025-03-26,baseline,Control,5
161,2025-03-27,baseline,Control,5
161,2025-03-28,baseline,Control,4
161,2025-03-31,intervencion,Control,5
161,2025-04-01,intervencion,Control,5
161,2025-04-02,intervencion,Control,5
161,2025-04-03,intervencion,Control,4
161,2025-04-04,intervencion,Control,6
161,2025-04-07,intervencion,Control,6
161,2025-04-08,intervencion,Control,4
161,2025-04-09,intervencion,Control,5
161,2025-04-10,intervencion,Control,2
161,2025-04-11,intervencion,Control,5
161,2025-04-14,intervencion,Control,3
161,2025-04-15,intervencion,Control,4
161,2025-04-16,intervencion,Control,3
161,2025-04-17,intervencion,Control,4
161,2025-04-18,intervencion,Control,5
161,2025-04-21,intervencion,Control,3
161,2025-04-22,intervencion,Control,4
161,2025-04-23,intervencion,Control,4
161,2025-04-24,intervencion,Control,6
161,2025-04-25,intervencion,Control,5
162,2025-03-03,baseline,Tratamiento,4
162,2025-03-04,baseline,Tratamiento,4
162,2025-03-05,baseline,Tratamiento,6
162,2025-03-06,baseline,Tratamiento,5
162,2025-03-07,baseline,Tratamiento,4
162,2025-03-10,baseline,Tratamiento,4
162,2025-03-11,baseline,Tratamiento,4
162,2025-03-12,baseline,Tratamiento,4
162,2025-03-13,baseline,Tratamiento,3
162,2025-03-14,baseline,Tratamiento,4
162,2025-03-17,baseline,Tratamiento,6
162,2025-03-18,baseline,Tratamiento,4
162,2025-03-19,baseline,Tratamiento,5
162,2025-03-20,baseline,Tratamiento,5
162,2025-03-21,baseline,Tratamiento,7
162,2025-03-24,baseline,Tratamiento,5
162,2025-03-25,baseline,Tratamiento,6
162,2025-03-26,baseline,Tratamiento,4
162,2025-03-27,baseline,Tratamiento,4
162,2025-03-28,baseline,Tratamiento,5
162,2025-03-31,intervencion,Tratamiento,4
162,2025-04-01,intervencion,Tratamiento,5
162,2025-04-02,intervencion,Tratamiento,6
162,2025-04-03,intervencion,Tratamiento,4
162,2025-04-04,intervencion,Tratamiento,5
162,2025-04-07,intervencion,Tratamiento,6
162,2025-04-08,intervencion,Tratamiento,4
162,2025-04-09,intervencion,Tratamiento,6
162,2025-04-10,intervencion,Tratamiento,5
162,2025-04-11,intervencion,Tratamiento,5
162,2025-04-14,intervencion,Tratamiento,3
162,2025-04-15,intervencion,Tratamiento,5
162,2025-04-16,intervencion,Tratamiento,5
162,2025-04-17,intervencion,Tratamiento,7
162,2025-04-18,intervencion,Tratamiento,5
162,2025-04-21,intervencion,Tratamiento,6
162,2025-04-22,intervencion,Tratamiento,4
162,2025-04-23,intervencion,Tratamiento,5
162,2025-04-24,intervencion,Tratamiento,6
162,2025-04-25,intervencion,Tratamiento,4
163,2025-03-03,baseline,Tratamiento,5
163,2025-03-04,baseline,Tratamiento,5
163,2025-03-05,baseline,Tratamiento,5
163,2025-03-06,baseline,Tratamiento,4
163,2025-03-07,baseline,Tratamiento,4
163,2025-03-10,baseline,Tratamiento,6
163,2025-03-11,baseline,Tratamiento,5
163,2025-03-12,baseline,Tratamiento,5
163,2025-03-13,baseline,Tratamiento,4
163,2025-03-14,baseline,Tratamiento,5
163,2025-03-17,baseline,Tratamiento,5
163,2025-03-18,baseline,Tratamiento,5
163,2025-03-19,baseline,Tratamiento,5
163,2025-03-20,baseline,Tratamiento,4
163,2025-03-21,baseline,Tratamiento,3
163,2025-03-24,baseline,Tratamiento,5
163,2025-03-25,baseline,Tratamiento,3
163,2025-03-26,baseline,Tratamiento,4
163,2025-03-27,baseline,Tratamiento,4
163,2025-03-28,baseline,Tratamiento,5
163,2025-03-31,intervencion,Tratamiento,7
163,2025-04-01,intervencion,Tratamiento,3
163,2025-04-02,intervencion,Tratamiento,7
163,2025-04-03,intervencion,Tratamiento,5
163,2025-04-04,intervencion,Tratamiento,5
163,2025-04-07,intervencion,Tratamiento,4
163,2025-04-08,intervencion,Tratamiento,6
163,2025-04-09,intervencion,Tratamiento,5
163,2025-04-10,intervencion,Tratamiento,5
163,2025-04-11,intervencion,Tratamiento,3
163,2025-04-14,intervencion,Tratamiento,5
163,2025-04-15,intervencion,Tratamiento,6
163,2025-04-16,intervencion,Tratamiento,5
163,2025-04-17,intervencion,Tratamiento,6
163,2025-04-18,intervencion,Tratamiento,6
163,2025-04-21,intervencion,Tratamiento,4
163,2025-04-22,intervencion,Tratamiento,6
163,2025-04-23,intervencion,Tratamiento,5
163,2025-04-24,intervencion,Tratamiento,5
163,2025-04-25,intervencion,Tratamiento,5
164,2025-03-03,baseline,Tratamiento,5
164,2025-03-04,baseline,Tratamiento,2
164,2025-03-05,baseline,Tratamiento,4
164,2025-03-06,baseline,Tratamiento,3
164,2025-03-07,baseline,Tratamiento,6
164,2025-03-10,baseline,Tratamiento,6
164,2025-03-11,baseline,Tratamiento,5
164,2025-03-12,baseline,Tratamiento,4
164,2025-03-13,baseline,Tratamiento,4
164,2025-03-14,baseline,Tratamiento,4
164,2025-03-17,baseline,Tratamiento,6
164,2025-03-18,baseline,Tratamiento,4
164,2025-03-19,baseline,Tratamiento,2
164,2025-03-20,baseline,Tratamiento,6
164,2025-03-21,baseline,Tratamiento,6
164,2025-03-24,baseline,Tratamiento,6
164,2025-03-25,baseline,Tratamiento,6
164,2025-03-26,baseline,Tratamiento,6
164,2025-03-27,baseline,Tratamiento,5
164,2025-03-28,baseline,Tratamiento,3
164,2025-03-31,intervencion,Tratamiento,5
164,2025-04-01,intervencion,Tratamiento,6
164,2025-04-02,intervencion,Tratamiento,5
164,2025-04-03,intervencion,Tratamiento,5
164,2025-04-04,intervencion,Tratamiento,4
164,2025-04-07,intervencion,Tratamiento,4
164,2025-04-08,intervencion,Tratamiento,7
164,2025-04-09,intervencion,Tratamiento,7
164,2025-04-10,intervencion,Tratamiento,5
164,2025-04-11,intervencion,Tratamiento,5
164,2025-04-14,intervencion,Tratamiento,4
164,2025-04-15,intervencion,Tratamiento,6
164,2025-04-16,intervencion,Tratamiento,7
164,2025-04-17,intervencion,Tratamiento,4
164,2025-04-18,intervencion,Tratamiento,5
164,2025-04-21,intervencion,Tratamiento,5
164,2025-04-22,intervencion,Tratamiento,5
164,2025-04-23,intervencion,Tratamiento,6
164,2025-04-24,intervencion,Tratamiento,7
164,2025-04-25,intervencion,Tratamiento,5
165,2025-03-03,baseline,Tratamiento,5
165,2025-03-04,baseline,Tratamiento,5
165,2025-03-05,baseline,Tratamiento,4
165,2025-03-06,baseline,Tratamiento,5
165,2025-03-07,baseline,Tratamiento,5
165,2025-03-10,baseline,Tratamiento,5
165,2025-03-11,baseline,Tratamiento,4
165,2025-03-12,baseline,Tratamiento,4
165,2025-03-13,baseline,Tratamiento,4
165,2025-03-14,baseline,Tratamiento,4
165,2025-03-17,baseline,Tratamiento,5
165,2025-03-18,baseline,Tratamiento,5
165,2025-03-19,baseline,Tratamiento,5
165,2025-03-20,baseline,Tratamiento,4
165,2025-03-21,baseline,Tratamiento,4
165,2025-03-24,baseline,Tratamiento,6
165,2025-03-25,baseline,Tratamiento,4
165,2025-03-26,baseline,Tratamiento,5
165,2025-03-27,baseline,Tratamiento,4
165,2025-03-28,baseline,Tratamiento,6
165,2025-03-31,intervencion,Tratamiento,6
165,2025-04-01,intervencion,Tratamiento,6
165,2025-04-02,intervencion,Tratamiento,5
165,2025-04-03,intervencion,Tratamiento,4
165,2025-04-04,intervencion,Tratamiento,7
165,2025-04-07,intervencion,Tratamiento,6
165,2025-04-08,intervencion,Tratamiento,5
165,2025-04-09,intervencion,Tratamiento,6
165,2025-04-10,intervencion,Tratamiento,4
165,2025-04-11,intervencion,Tratamiento,6
165,2025-04-14,intervencion,Tratamiento,6
165,2025-04-15,intervencion,Tratamiento,4
165,2025-04-16,intervencion,Tratamiento,5
165,2025-04-17,intervencion,Tratamiento,6
165,2025-04-18,intervencion,Tratamiento,7
165,2025-04-21,intervencion,Tratamiento,4
165,2025-04-22,intervencion,Tratamiento,6
165,2025-04-23,intervencion,Tratamiento,5
165,2025-04-24,intervencion,Tratamiento,4
165,2025-04-25,intervencion,Tratamiento,5
166,2025-03-03,baseline,Control,5
166,2025-03-04,baseline,Control,4
166,2025-03-05,baseline,Control,5
166,2025-03-06,baseline,Control,5
166,2025-03-07,baseline,Control,5
166,2025-03-10,baseline,Control,4
166,2025-03-11,baseline,Control,4
166,2025-03-12,baseline,Control,5
166,2025-03-13,baseline,Control,5
166,2025-03-14,baseline,Control,6
166,2025-03-17,baseline,Control,5
166,2025-03-18,baseline,Control,3
166,2025-03-19,baseline,Control,4
166,2025-03-20,baseline,Control,5
166,2025-03-21,baseline,Control,6
166,2025-03-24,baseline,Control,6
166,2025-03-25,baseline,Control,6
166,2025-03-26,baseline,Control,5
166,2025-03-27,baseline,Control,5
166,2025-03-28,baseline,Control,3
166,2025-03-31,intervencion,Control,5
166,2025-04-01,intervencion,Control,4
166,2025-04-02,intervencion,Control,5
166,2025-04-03,intervencion,Control,7
166,2025-04-04,intervencion,Control,5
166,2025-04-07,intervencion,Control,4
166,2025-04-08,intervencion,Control,5
166,2025-04-09,intervencion,Control,4
166,2025-04-10,intervencion,Control,4
166,2025-04-11,intervencion,Control,6
166,2025-04-14,intervencion,Control,6
166,2025-04-15,intervencion,Control,5
166,2025-04-16,intervencion,Control,4
166,2025-04-17,intervencion,Control,4
166,2025-04-18,intervencion,Control,6
166,2025-04-21,intervencion,Control,5
166,2025-04-22,intervencion,Control,2
166,2025-04-23,intervencion,Control,7
166,2025-04-24,intervencion,Control,5
166,2025-04-25,intervencion,Control,5
167,2025-03-03,baseline,Control,6
167,2025-03-04,baseline,Control,5
167,2025-03-05,baseline,Control,5
167,2025-03-06,baseline,Control,4
167,2025-03-07,baseline,Control,3
167,2025-03-10,baseline,Control,5
167,2025-03-11,baseline,Control,6
167,2025-03-12,baseline,Control,4
167,2025-03-13,baseline,Control,4
167,2025-03-14,baseline,Control,6
167,2025-03-17,baseline,Control,4
167,2025-03-18,baseline,Control,4
167,2025-03-19,baseline,Control,4
167,2025-03-20,baseline,Control,5
167,2025-03-21,baseline,Control,3
167,2025-03-24,baseline,Control,4
167,2025-03-25,baseline,Control,5
167,2025-03-26,baseline,Control,5
167,2025-03-27,baseline,Control,6
167,2025-03-28,baseline,Control,6
167,2025-03-31,intervencion,Control,6
167,2025-04-01,intervencion,Control,5
167,2025-04-02,intervencion,Control,4
167,2025-04-03,intervencion,Control,4
167,2025-04-04,intervencion,Control,5
167,2025-04-07,intervencion,Control,5
167,2025-04-08,intervencion,Control,5
167,2025-04-09,intervencion,Control,5
167,2025-04-10,intervencion,Control,4
167,2025-04-11,intervencion,Control,5
167,2025-04-14,intervencion,Control,6
167,2025-04-15,intervencion,Control,5
167,2025-04-16,intervencion,Control,5
167,2025-04-17,intervencion,Control,4
167,2025-04-18,intervencion,Control,4
167,2025-04-21,intervencion,Control,4
167,2025-04-22,intervencion,Control,5
167,2025-04-23,intervencion,Control,5
167,2025-04-24,intervencion,Control,3
167,2025-04-25,intervencion,Control,4
168,2025-03-03,baseline,Control,5
168,2025-03-04,baseline,Control,4
168,2025-03-05,baseline,Control,5
168,2025-03-06,baseline,Control,4
168,2025-03-07,baseline,Control,4
168,2025-03-10,baseline,Control,5
168,2025-03-11,baseline,Control,5
168,2025-03-12,baseline,Control,4
168,2025-03-13,baseline,Control,4
168,2025-03-14,baseline,Control,5
168,2025-03-17,baseline,Control,4
168,2025-03-18,baseline,Control,3
168,2025-03-19,baseline,Control,3
168,2025-03-20,baseline,Control,4
168,2025-03-21,baseline,Control,3
168,2025-03-24,baseline,Control,4
168,2025-03-25,baseline,Control,6
168,2025-03-26,baseline,Control,3
168,2025-03-27,baseline,Control,4
168,2025-03-28,baseline,Control,7
168,2025-03-31,intervencion,Control,5
168,2025-04-01,intervencion,Control,4
168,2025-04-02,intervencion,Control,4
168,2025-04-03,intervencion,Control,5
168,2025-04-04,intervencion,Control,6
168,2025-04-07,intervencion,Control,4
168,2025-04-08,intervencion,Control,4
168,2025-04-09,intervencion,Control,3
168,2025-04-10,intervencion,Control,5
168,2025-04-11,intervencion,Control,3
168,2025-04-14,intervencion,Control,4
168,2025-04-15,intervencion,Control,4
168,2025-04-16,intervencion,Control,6
168,2025-04-17,intervencion,Control,4
168,2025-04-18,intervencion,Control,5
168,2025-04-21,intervencion,Control,3
168,2025-04-22,intervencion,Control,5
168,2025-04-23,intervencion,Control,4
168,2025-04-24,intervencion,Control,4
168,2025-04-25,intervencion,Control,7
169,2025-03-03,baseline,Tratamiento,5
169,2025-03-04,baseline,Tratamiento,4
169,2025-03-05,baseline,Tratamiento,7
169,2025-03-06,baseline,Tratamiento,4
169,2025-03-07,baseline,Tratamiento,6
169,2025-03-10,baseline,Tratamiento,3
169,2025-03-11,baseline,Tratamiento,4
169,2025-03-12,baseline,Tratamiento,3
169,2025-03-13,baseline,Tratamiento,5
169,2025-03-14,baseline,Tratamiento,5
169,2025-03-17,baseline,Tratamiento,4
169,2025-03-18,baseline,Tratamiento,6
169,2025-03-19,baseline,Tratamiento,4
169,2025-03-20,baseline,Tratamiento,5
169,2025-03-21,baseline,Tratamiento,5
169,2025-03-24,baseline,Tratamiento,3
169,2025-03-25,baseline,Tratamiento,4
169,2025-03-26,baseline,Tratamiento,5
169,2025-03-27,baseline,Tratamiento,5
169,2025-03-28,baseline,Tratamiento,6
169,2025-03-31,intervencion,Tratamiento,5
169,2025-04-01,intervencion,Tratamiento,5
169,2025-04-02,intervencion,Tratamiento,4
169,2025-04-03,intervencion,Tratamiento,5
169,2025-04-04,intervencion,Tratamiento,5
169,2025-04-07,intervencion,Tratamiento,5
169,2025-04-08,intervencion,Tratamiento,5
169,2025-04-09,intervencion,Tratamiento,5
169,2025-04-10,intervencion,Tratamiento,4
169,2025-04-11,intervencion,Tratamiento,4
169,2025-04-14,intervencion,Tratamiento,5
169,2025-04-15,intervencion,Tratamiento,2
169,2025-04-16,intervencion,Tratamiento,4
169,2025-04-17,intervencion,Tratamiento,4
169,2025-04-18,intervencion,Tratamiento,6
169,2025-04-21,intervencion,Tratamiento,5
169,2025-04-22,intervencion,Tratamiento,4
169,2025-04-23,intervencion,Tratamiento,5
169,2025-04-24,intervencion,Tratamiento,4
169,2025-04-25,intervencion,Tratamiento,5
170,2025-03-03,baseline,Tratamiento,5
170,2025-03-04,baseline,Tratamiento,4
170,2025-03-05,baseline,Tratamiento,4
170,2025-03-06,baseline,Tratamiento,4
170,2025-03-07,baseline,Tratamiento,4
170,2025-03-10,baseline,Tratamiento,5
170,2025-03-11,baseline,Tratamiento,5
170,2025-03-12,baseline,Tratamiento,3
170,2025-03-13,baseline,Tratamiento,5
170,2025-03-14,baseline,Tratamiento,5
170,2025-03-17,baseline,Tratamiento,5
170,2025-03-18,baseline,Tratamiento,5
170,2025-03-19,baseline,Tratamiento,5
170,2025-03-20,baseline,Tratamiento,7
170,2025-03-21,baseline,Tratamiento,4
170,2025-03-24,baseline,Tratamiento,4
170,2025-03-25,baseline,Tratamiento,3
170,2025-03-26,baseline,Tratamiento,6
170,2025-03-27,baseline,Tratamiento,6
170,2025-03-28,baseline,Tratamiento,4
170,2025-03-31,intervencion,Tratamiento,4
170,2025-04-01,intervencion,Tratamiento,5
170,2025-04-02,intervencion,Tratamiento,6
170,2025-04-03,intervencion,Tratamiento,4
170,2025-04-04,intervencion,Tratamiento,3
170,2025-04-07,intervencion,Tratamiento,7
170,2025-04-08,intervencion,Tratamiento,5
170,2025-04-09,intervencion,Tratamiento,5
170,2025-04-10,intervencion,Tratamiento,5
170,2025-04-11,intervencion,Tratamiento,5
170,2025-04-14,intervencion,Tratamiento,4
170,2025-04-15,intervencion,Tratamiento,4
170,2025-04-16,intervencion,Tratamiento,5
170,2025-04-17,intervencion,Tratamiento,3
170,2025-04-18,intervencion,Tratamiento,5
170,2025-04-21,intervencion,Tratamiento,5
170,2025-04-22,intervencion,Tratamiento,5
170,2025-04-23,intervencion,Tratamiento,4
170,2025-04-24,intervencion,Tratamiento,4
170,2025-04-25,intervencion,Tratamiento,3
171,2025-03-03,baseline,Tratamiento,5
171,2025-03-04,baseline,Tratamiento,4
171,2025-03-05,baseline,Tratamiento,3
171,2025-03-06,baseline,Tratamiento,5
171,2025-03-07,baseline,Tratamiento,4
171,2025-03-10,baseline,Tratamiento,4
171,2025-03-11,baseline,Tratamiento,3
171,2025-03-12,baseline,Tratamiento,5
171,2025-03-13,baseline,Tratamiento,3
171,2025-03-14,baseline,Tratamiento,5
171,2025-03-17,baseline,Tratamiento,4
171,2025-03-18,baseline,Tratamiento,4
171,2025-03-19,baseline,Tratamiento,6
171,2025-03-20,baseline,Tratamiento,5
171,2025-03-21,baseline,Tratamiento,6
171,2025-03-24,baseline,Tratamiento,5
171,2025-03-25,baseline,Tratamiento,5
171,2025-03-26,baseline,Tratamiento,3
171,2025-03-27,baseline,Tratamiento,4
171,2025-03-28,baseline,Tratamiento,4
171,2025-03-31,intervencion,Tratamiento,6
171,2025-04-01,intervencion,Tratamiento,4
171,2025-04-02,intervencion,Tratamiento,5
171,2025-04-03,intervencion,Tratamiento,5
171,2025-04-04,intervencion,Tratamiento,6
171,2025-04-07,intervencion,Tratamiento,5
171,2025-04-08,intervencion,Tratamiento,6
171,2025-04-09,intervencion,Tratamiento,3
171,2025-04-10,intervencion,Tratamiento,3
171,2025-04-11,intervencion,Tratamiento,3
171,2025-04-14,intervencion,Tratamiento,6
171,2025-04-15,intervencion,Tratamiento,6
171,2025-04-16,intervencion,Tratamiento,6
171,2025-04-17,intervencion,Tratamiento,4
171,2025-04-18,intervencion,Tratamiento,4
171,2025-04-21,intervencion,Tratamiento,5
171,2025-04-22,intervencion,Tratamiento,6
171,2025-04-23,intervencion,Tratamiento,6
171,2025-04-24,intervencion,Tratamiento,6
171,2025-04-25,intervencion,Tratamiento,5
172,2025-03-03,baseline,Tratamiento,6
172,2025-03-04,baseline,Tratamiento,4
172,2025-03-05,baseline,Tratamiento,4
172,2025-03-06,baseline,Tratamiento,4
172,2025-03-07,baseline,Tratamiento,4
172,2025-03-10,baseline,Tratamiento,4
172,2025-03-11,baseline,Tratamiento,4
172,2025-03-12,baseline,Tratamiento,6
172,2025-03-13,baseline,Tratamiento,5
172,2025-03-14,baseline,Tratamiento,6
172,2025-03-17,baseline,Tratamiento,3
172,2025-03-18,baseline,Tratamiento,6
172,2025-03-19,baseline,Tratamiento,3
172,2025-03-20,baseline,Tratamiento,4
172,2025-03-21,baseline,Tratamiento,4
172,2025-03-24,baseline,Tratamiento,6
172,2025-03-25,baseline,Tratamiento,5
172,2025-03-26,baseline,Tratamiento,4
172,2025-03-27,baseline,Tratamiento,4
172,2025-03-28,baseline,Tratamiento,3
172,2025-03-31,intervencion,Tratamiento,6
172,2025-04-01,intervencion,Tratamiento,6
172,2025-04-02,intervencion,Tratamiento,6
172,2025-04-03,intervencion,Tratamiento,5
172,2025-04-04,intervencion,Tratamiento,3
172,2025-04-07,intervencion,Tratamiento,4
172,2025-04-08,intervencion,Tratamiento,5
172,2025-04-09,intervencion,Tratamiento,5
172,2025-04-10,intervencion,Tratamiento,4
172,2025-04-11,intervencion,Tratamiento,4
172,2025-04-14,intervencion,Tratamiento,6
172,2025-04-15,intervencion,Tratamiento,5
172,2025-04-16,intervencion,Tratamiento,5
172,2025-04-17,intervencion,Tratamiento,4
172,2025-04-18,intervencion,Tratamiento,5
172,2025-04-21,intervencion,Tratamiento,4
172,2025-04-22,intervencion,Tratamiento,5
172,2025-04-23,intervencion,Tratamiento,3
172,2025-04-24,intervencion,Tratamiento,4
172,2025-04-25,intervencion,Tratamiento,5
173,2025-03-03,baseline,Control,7
173,2025-03-04,baseline,Control,3
173,2025-03-05,baseline,Control,3
173,2025-03-06,baseline,Control,5
173,2025-03-07,baseline,Control,6
173,2025-03-10,baseline,Control,5
173,2025-03-11,baseline,Control,5
173,2025-03-12,baseline,Control,4
173,2025-03-13,baseline,Control,4
173,2025-03-14,baseline,Control,5
173,2025-03-17,baseline,Control,4
173,2025-03-18,baseline,Control,5
173,2025-03-19,baseline,Control,3
173,2025-03-20,baseline,Control,5
173,2025-03-21,baseline,Control,5
173,2025-03-24,baseline,Control,4
173,2025-03-25,baseline,Control,3
173,2025-03-26,baseline,Control,4
173,2025-03-27,baseline,Control,6
173,2025-03-28,baseline,Control,4
173,2025-03-31,intervencion,Control,5
173,2025-04-01,intervencion,Control,4
173,2025-04-02,intervencion,Control,5
173,2025-04-03,intervencion,Control,3
173,2025-04-04,intervencion,Control,5
173,2025-04-07,intervencion,Control,5
173,2025-04-08,intervencion,Control,5
173,2025-04-09,intervencion,Control,4
173,2025-04-10,intervencion,Control,4
173,2025-04-11,intervencion,Control,5
173,2025-04-14,intervencion,Control,4
173,2025-04-15,intervencion,Control,4
173,2025-04-16,intervencion,Control,6
173,2025-04-17,intervencion,Control,4
173,2025-04-18,intervencion,Control,6
173,2025-04-21,intervencion,Control,4
173,2025-04-22,intervencion,Control,5
173,2025-04-23,intervencion,Control,5
173,2025-04-24,intervencion,Control,4
173,2025-04-25,intervencion,Control,4
174,2025-03-03,baseline,Control,3
174,2025-03-04,baseline,Control,4
174,2025-03-05,baseline,Control,5
174,2025-03-06,baseline,Control,4
174,2025-03-07,baseline,Control,5
174,2025-03-10,baseline,Control,3
174,2025-03-11,baseline,Control,4
174,2025-03-12,baseline,Control,4
174,2025-03-13,baseline,Control,5
174,2025-03-14,baseline,Control,4
174,2025-03-17,baseline,Control,4
174,2025-03-18,baseline,Control,4
174,2025-03-19,baseline,Control,4
174,2025-03-20,baseline,Control,3
174,2025-03-21,baseline,Control,6
174,2025-03-24,baseline,Control,4
174,2025-03-25,baseline,Control,3
174,2025-03-26,baseline,Control,4
174,2025-03-27,baseline,Control,5
174,2025-03-28,baseline,Control,4
174,2025-03-31,intervencion,Control,6
174,2025-04-01,intervencion,Control,4
174,2025-04-02,intervencion,Control,5
174,2025-04-03,intervencion,Control,6
174,2025-04-04,intervencion,Control,5
174,2025-04-07,intervencion,Control,3
174,2025-04-08,intervencion,Control,4
174,2025-04-09,intervencion,Control,6
174,2025-04-10,intervencion,Control,4
174,2025-04-11,intervencion,Control,5
174,2025-04-14,intervencion,Control,4
174,2025-04-15,intervencion,Control,5
174,2025-04-16,intervencion,Control,3
174,2025-04-17,intervencion,Control,4
174,2025-04-18,intervencion,Control,4
174,2025-04-21,intervencion,Control,5
174,2025-04-22,intervencion,Control,5
174,2025-04-23,intervencion,Control,5
174,2025-04-24,intervencion,Control,4
174,2025-04-25,intervencion,Control,4
175,2025-03-03,baseline,Control,5
175,2025-03-04,baseline,Control,4
175,2025-03-05,baseline,Control,6
175,2025-03-06,baseline,Control,4
175,2025-03-07,baseline,Control,4
175,2025-03-10,baseline,Control,5
175,2025-03-11,baseline,Control,5
175,2025-03-12,baseline,Control,3
175,2025-03-13,baseline,Control,4
175,2025-03-14,baseline,Control,6
175,2025-03-17,baseline,Control,5
175,2025-03-18,baseline,Control,3
175,2025-03-19,baseline,Control,5
175,2025-03-20,baseline,Control,4
175,2025-03-21,baseline,Control,4
175,2025-03-24,baseline,Control,4
175,2025-03-25,baseline,Control,5
175,2025-03-26,baseline,Control,3
175,2025-03-27,baseline,Control,4
175,2025-03-28,baseline,Control,5
175,2025-03-31,intervencion,Control,6
175,2025-04-01,intervencion,Control,5
175,2025-04-02,intervencion,Control,4
175,2025-04-03,intervencion,Control,6
175,2025-04-04,intervencion,Control,3
175,2025-04-07,intervencion,Control,5
175,2025-04-08,intervencion,Control,5
175,2025-04-09,intervencion,Control,4
175,2025-04-10,intervencion,Control,5
175,2025-04-11,intervencion,Control,4
175,2025-04-14,intervencion,Control,5
175,2025-04-15,intervencion,Control,3
175,2025-04-16,intervencion,Control,5
175,2025-04-17,intervencion,Control,4
175,2025-04-18,intervencion,Control,6
175,2025-04-21,intervencion,Control,5
175,2025-04-22,intervencion,Control,6
175,2025-04-23,intervencion,Control,5
175,2025-04-24,intervencion,Control,4
175,2025-04-25,intervencion,Control,5
176,2025-03-03,baseline,Tratamiento,5
176,2025-03-04,baseline,Tratamiento,5
176,2025-03-05,baseline,Tratamiento,3
176,2025-03-06,baseline,Tratamiento,4
176,2025-03-07,baseline,Tratamiento,6
176,2025-03-10,baseline,Tratamiento,3
176,2025-03-11,baseline,Tratamiento,5
176,2025-03-12,baseline,Tratamiento,5
176,2025-03-13,baseline,Tratamiento,4
176,2025-03-14,baseline,Tratamiento,3
176,2025-03-17,baseline,Tratamiento,4
176,2025-03-18,baseline,Tratamiento,6
176,2025-03-19,baseline,Tratamiento,4
176,2025-03-20,baseline,Tratamiento,4
176,2025-03-21,baseline,Tratamiento,4
176,2025-03-24,baseline,Tratamiento,6
176,2025-03-25,baseline,Tratamiento,4
176,2025-03-26,baseline,Tratamiento,4
176,2025-03-27,baseline,Tratamiento,6
176,2025-03-28,baseline,Tratamiento,5
176,2025-03-31,intervencion,Tratamiento,4
176,2025-04-01,intervencion,Tratamiento,4
176,2025-04-02,intervencion,Tratamiento,6
176,2025-04-03,intervencion,Tratamiento,5
176,2025-04-04,intervencion,Tratamiento,4
176,2025-04-07,intervencion,Tratamiento,3
176,2025-04-08,intervencion,Tratamiento,4
176,2025-04-09,intervencion,Tratamiento,4
176,2025-04-10,intervencion,Tratamiento,3
176,2025-04-11,intervencion,Tratamiento,4
176,2025-04-14,intervencion,Tratamiento,4
176,2025-04-15,intervencion,Tratamiento,5
176,2025-04-16,intervencion,Tratamiento,6
176,2025-04-17,intervencion,Tratamiento,5
176,2025-04-18,intervencion,Tratamiento,5
176,2025-04-21,intervencion,Tratamiento,5
176,2025-04-22,intervencion,Tratamiento,5
176,2025-04-23,intervencion,Tratamiento,5
176,2025-04-24,intervencion,Tratamiento,5
176,2025-04-25,intervencion,Tratamiento,5
177,2025-03-03,baseline,Control,7
177,2025-03-04,baseline,Control,5
177,2025-03-05,baseline,Control,4
177,2025-03-06,baseline,Control,5
177,2025-03-07,baseline,Control,4
177,2025-03-10,baseline,Control,5
177,2025-03-11,baseline,Control,3
177,2025-03-12,baseline,Control,4
177,2025-03-13,baseline,Control,5
177,2025-03-14,baseline,Control,5
177,2025-03-17,baseline,Control,5
177,2025-03-18,baseline,Control,5
177,2025-03-19,baseline,Control,5
177,2025-03-20,baseline,Control,5
177,2025-03-21,baseline,Control,4
177,2025-03-24,baseline,Control,5
177,2025-03-25,baseline,Control,6
177,2025-03-26,baseline,Control,5
177,2025-03-27,baseline,Control,4
177,2025-03-28,baseline,Control,6
177,2025-03-31,intervencion,Control,5
177,2025-04-01,intervencion,Control,5
177,2025-04-02,intervencion,Control,5
177,2025-04-03,intervencion,Control,5
177,2025-04-04,intervencion,Control,4
177,2025-04-07,intervencion,Control,5
177,2025-04-08,intervencion,Control,5
177,2025-04-09,intervencion,Control,6
177,2025-04-10,intervencion,Control,5
177,2025-04-11,intervencion,Control,4
177,2025-04-14,intervencion,Control,5
177,2025-04-15,intervencion,Control,5
177,2025-04-16,intervencion,Control,6
177,2025-04-17,intervencion,Control,4
177,2025-04-18,intervencion,Control,5
177,2025-04-21,intervencion,Control,5
177,2025-04-22,intervencion,Control,5
177,2025-04-23,intervencion,Control,4
177,2025-04-24,intervencion,Control,5
177,2025-04-25,intervencion,Control,5
178,2025-03-03,baseline,Tratamiento,6
178,2025-03-04,baseline,Tratamiento,5
178,2025-03-05,baseline,Tratamiento,4
178,2025-03-06,baseline,Tratamiento,5
178,2025-03-07,baseline,Tratamiento,4
178,2025-03-10,baseline,Tratamiento,6
178,2025-03-11,baseline,Tratamiento,6
178,2025-03-12,baseline,Tratamiento,6
178,2025-03-13,baseline,Tratamiento,5
178,2025-03-14,baseline,Tratamiento,4
178,2025-03-17,baseline,Tratamiento,5
178,2025-03-18,baseline,Tratamiento,5
178,2025-03-19,baseline,Tratamiento,4
178,2025-03-20,baseline,Tratamiento,6
178,2025-03-21,baseline,Tratamiento,5
178,2025-03-24,baseline,Tratamiento,4
178,2025-03-25,baseline,Tratamiento,6
178,2025-03-26,baseline,Tratamiento,5
178,2025-03-27,baseline,Tratamiento,4
178,2025-03-28,baseline,Tratamiento,4
178,2025-03-31,intervencion,Tratamiento,6
178,2025-04-01,intervencion,Tratamiento,7
178,2025-04-02,intervencion,Tratamiento,6
178,2025-04-03,intervencion,Tratamiento,6
178,2025-04-04,intervencion,Tratamiento,6
178,2025-04-07,intervencion,Tratamiento,5
178,2025-04-08,intervencion,Tratamiento,5
178,2025-04-09,intervencion,Tratamiento,5
178,2025-04-10,intervencion,Tratamiento,6
178,2025-04-11,intervencion,Tratamiento,4
178,2025-04-14,intervencion,Tratamiento,6
178,2025-04-15,intervencion,Tratamiento,6
178,2025-04-16,intervencion,Tratamiento,5
178,2025-04-17,intervencion,Tratamiento,5
178,2025-04-18,intervencion,Tratamiento,5
178,2025-04-21,intervencion,Tratamiento,4
178,2025-04-22,intervencion,Tratamiento,4
178,2025-04-23,intervencion,Tratamiento,6
178,2025-04-24,intervencion,Tratamiento,5
178,2025-04-25,intervencion,Tratamiento,5
179,2025-03-03,baseline,Control,4
179,2025-03-04,baseline,Control,6
179,2025-03-05,baseline,Control,5
179,2025-03-06,baseline,Control,4
179,2025-03-07,baseline,Control,4
179,2025-03-10,baseline,Control,4
179,2025-03-11,baseline,Control,5
179,2025-03-12,baseline,Control,5
179,2025-03-13,baseline,Control,5
179,2025-03-14,baseline,Control,5
179,2025-03-17,baseline,Control,5
179,2025-03-18,baseline,Control,5
179,2025-03-19,baseline,Control,5
179,2025-03-20,baseline,Control,4
179,2025-03-21,baseline,Control,7
179,2025-03-24,baseline,Control,4
179,2025-03-25,baseline,Control,5
179,2025-03-26,baseline,Control,5
179,2025-03-27,baseline,Control,4
179,2025-03-28,baseline,Control,5
179,2025-03-31,intervencion,Control,5
179,2025-04-01,intervencion,Control,4
179,2025-04-02,intervencion,Control,5
179,2025-04-03,intervencion,Control,3
179,2025-04-04,intervencion,Control,6
179,2025-04-07,intervencion,Control,5
179,2025-04-08,intervencion,Control,5
179,2025-04-09,intervencion,Control,3
179,2025-04-10,intervencion,Control,4
179,2025-04-11,intervencion,Control,6
179,2025-04-14,intervencion,Control,7
179,2025-04-15,intervencion,Control,6
179,2025-04-16,intervencion,Control,6
179,2025-04-17,intervencion,Control,5
179,2025-04-18,intervencion,Control,4
179,2025-04-21,intervencion,Control,5
179,2025-04-22,intervencion,Control,4
179,2025-04-23,intervencion,Control,4
179,2025-04-24,intervencion,Control,3
179,2025-04-25,intervencion,Control,5
180,2025-03-03,baseline,Tratamiento,5
180,2025-03-04,baseline,Tratamiento,5
180,2025-03-05,baseline,Tratamiento,5
180,2025-03-06,baseline,Tratamiento,4
180,2025-03-07,baseline,Tratamiento,4
180,2025-03-10,baseline,Tratamiento,4
180,2025-03-11,baseline,Tratamiento,3
180,2025-03-12,baseline,Tratamiento,4
180,2025-03-13,baseline,Tratamiento,4
180,2025-03-14,baseline,Tratamiento,5
180,2025-03-17,baseline,Tratamiento,5
180,2025-03-18,baseline,Tratamiento,3
180,2025-03-19,baseline,Tratamiento,4
180,2025-03-20,baseline,Tratamiento,6
180,2025-03-21,baseline,Tratamiento,4
180,2025-03-24,baseline,Tratamiento,5
180,2025-03-25,baseline,Tratamiento,5
180,2025-03-26,baseline,Tratamiento,6
180,2025-03-27,baseline,Tratamiento,5
180,2025-03-28,baseline,Tratamiento,4
180,2025-03-31,intervencion,Tratamiento,5
180,2025-04-01,intervencion,Tratamiento,5
180,2025-04-02,intervencion,Tratamiento,5
180,2025-04-03,intervencion,Tratamiento,4
180,2025-04-04,intervencion,Tratamiento,6
180,2025-04-07,intervencion,Tratamiento,6
180,2025-04-08,intervencion,Tratamiento,4
180,2025-04-09,intervencion,Tratamiento,5
180,2025-04-10,intervencion,Tratamiento,5
180,2025-04-11,intervencion,Tratamiento,4
180,2025-04-14,intervencion,Tratamiento,3
180,2025-04-15,intervencion,Tratamiento,4
180,2025-04-16,intervencion,Tratamiento,5
180,2025-04-17,intervencion,Tratamiento,4
180,2025-04-18,intervencion,Tratamiento,5
180,2025-04-21,intervencion,Tratamiento,6
180,2025-04-22,intervencion,Tratamiento,6
180,2025-04-23,intervencion,Tratamiento,5
180,2025-04-24,intervencion,Tratamiento,3
180,2025-04-25,intervencion,Tratamiento,6
181,2025-03-03,baseline,Control,5
181,2025-03-04,baseline,Control,5
181,2025-03-05,baseline,Control,6
181,2025-03-06,baseline,Control,4
181,2025-03-07,baseline,Control,2
181,2025-03-10,baseline,Control,4
181,2025-03-11,baseline,Control,5
181,2025-03-12,baseline,Control,5
181,2025-03-13,baseline,Control,4
181,2025-03-14,baseline,Control,3
181,2025-03-17,baseline,Control,4
181,2025-03-18,baseline,Control,3
181,2025-03-19,baseline,Control,5
181,2025-03-20,baseline,Control,4
181,2025-03-21,baseline,Control,4
181,2025-03-24,baseline,Control,4
181,2025-03-25,baseline,Control,5
181,2025-03-26,baseline,Control,5
181,2025-03-27,baseline,Control,5
181,2025-03-28,baseline,Control,5
181,2025-03-31,intervencion,Control,5
181,2025-04-01,intervencion,Control,4
181,2025-04-02,intervencion,Control,4
181,2025-04-03,intervencion,Control,4
181,2025-04-04,intervencion,Control,6
181,2025-04-07,intervencion,Control,3
181,2025-04-08,intervencion,Control,4
181,2025-04-09,intervencion,Control,5
181,2025-04-10,intervencion,Control,4
181,2025-04-11,intervencion,Control,6
181,2025-04-14,intervencion,Control,4
181,2025-04-15,intervencion,Control,4
181,2025-04-16,intervencion,Control,5
181,2025-04-17,intervencion,Control,6
181,2025-04-18,intervencion,Control,6
181,2025-04-21,intervencion,Control,4
181,2025-04-22,intervencion,Control,5
181,2025-04-23,intervencion,Control,5
181,2025-04-24,intervencion,Control,5
181,2025-04-25,intervencion,Control,4
182,2025-03-03,baseline,Tratamiento,5
182,2025-03-04,baseline,Tratamiento,5
182,2025-03-05,baseline,Tratamiento,5
182,2025-03-06,baseline,Tratamiento,3
182,2025-03-07,baseline,Tratamiento,5
182,2025-03-10,baseline,Tratamiento,3
182,2025-03-11,baseline,Tratamiento,4
182,2025-03-12,baseline,Tratamiento,4
182,2025-03-13,baseline,Tratamiento,5
182,2025-03-14,baseline,Tratamiento,6
182,2025-03-17,baseline,Tratamiento,5
182,2025-03-18,baseline,Tratamiento,6
182,2025-03-19,baseline,Tratamiento,5
182,2025-03-20,baseline,Tratamiento,6
182,2025-03-21,baseline,Tratamiento,6
182,2025-03-24,baseline,Tratamiento,4
182,2025-03-25,baseline,Tratamiento,4
182,2025-03-26,baseline,Tratamiento,5
182,2025-03-27,baseline,Tratamiento,5
182,2025-03-28,baseline,Tratamiento,5
182,2025-03-31,intervencion,Tratamiento,5
182,2025-04-01,intervencion,Tratamiento,4
182,2025-04-02,intervencion,Tratamiento,6
182,2025-04-03,intervencion,Tratamiento,4
182,2025-04-04,intervencion,Tratamiento,6
182,2025-04-07,intervencion,Tratamiento,5
182,2025-04-08,intervencion,Tratamiento,4
182,2025-04-09,intervencion,Tratamiento,4
182,2025-04-10,intervencion,Tratamiento,4
182,2025-04-11,intervencion,Tratamiento,5
182,2025-04-14,intervencion,Tratamiento,5
182,2025-04-15,intervencion,Tratamiento,5
182,2025-04-16,intervencion,Tratamiento,4
182,2025-04-17,intervencion,Tratamiento,7
182,2025-04-18,intervencion,Tratamiento,5
182,2025-04-21,intervencion,Tratamiento,5
182,2025-04-22,intervencion,Tratamiento,4
182,2025-04-23,intervencion,Tratamiento,4
182,2025-04-24,intervencion,Tratamiento,7
182,2025-04-25,intervencion,Tratamiento,3
183,2025-03-03,baseline,Tratamiento,5
183,2025-03-04,baseline,Tratamiento,4
183,2025-03-05,baseline,Tratamiento,4
183,2025-03-06,baseline,Tratamiento,4
183,2025-03-07,baseline,Tratamiento,4
183,2025-03-10,baseline,Tratamiento,5
183,2025-03-11,baseline,Tratamiento,2
183,2025-03-12,baseline,Tratamiento,4
183,2025-03-13,baseline,Tratamiento,5
183,2025-03-14,baseline,Tratamiento,3
183,2025-03-17,baseline,Tratamiento,6
183,2025-03-18,baseline,Tratamiento,4
183,2025-03-19,baseline,Tratamiento,4
183,2025-03-20,baseline,Tratamiento,4
183,2025-03-21,baseline,Tratamiento,5
183,2025-03-24,baseline,Tratamiento,6
183,2025-03-25,baseline,Tratamiento,7
183,2025-03-26,baseline,Tratamiento,5
183,2025-03-27,baseline,Tratamiento,6
183,2025-03-28,baseline,Tratamiento,6
183,2025-03-31,intervencion,Tratamiento,5
183,2025-04-01,intervencion,Tratamiento,6
183,2025-04-02,intervencion,Tratamiento,6
183,2025-04-03,intervencion,Tratamiento,5
183,2025-04-04,intervencion,Tratamiento,5
183,2025-04-07,intervencion,Tratamiento,3
183,2025-04-08,intervencion,Tratamiento,5
183,2025-04-09,intervencion,Tratamiento,4
183,2025-04-10,intervencion,Tratamiento,3
183,2025-04-11,intervencion,Tratamiento,5
183,2025-04-14,intervencion,Tratamiento,4
183,2025-04-15,intervencion,Tratamiento,5
183,2025-04-16,intervencion,Tratamiento,5
183,2025-04-17,intervencion,Tratamiento,5
183,2025-04-18,intervencion,Tratamiento,4
183,2025-04-21,intervencion,Tratamiento,6
183,2025-04-22,intervencion,Tratamiento,5
183,2025-04-23,intervencion,Tratamiento,5
183,2025-04-24,intervencion,Tratamiento,4
183,2025-04-25,intervencion,Tratamiento,5
184,2025-03-03,baseline,Control,6
184,2025-03-04,baseline,Control,5
184,2025-03-05,baseline,Control,4
184,2025-03-06,baseline,Control,4
184,2025-03-07,baseline,Control,4
184,2025-03-10,baseline,Control,4
184,2025-03-11,baseline,Control,3
184,2025-03-12,baseline,Control,4
184,2025-03-13,baseline,Control,5
184,2025-03-14,baseline,Control,4
184,2025-03-17,baseline,Control,5
184,2025-03-18,baseline,Control,4
184,2025-03-19,baseline,Control,6
184,2025-03-20,baseline,Control,4
184,2025-03-21,baseline,Control,4
184,2025-03-24,baseline,Control,4
184,2025-03-25,baseline,Control,4
184,2025-03-26,baseline,Control,5
184,2025-03-27,baseline,Control,4
184,2025-03-28,baseline,Control,5
184,2025-03-31,intervencion,Control,6
184,2025-04-01,intervencion,Control,6
184,2025-04-02,intervencion,Control,3
184,2025-04-03,intervencion,Control,5
184,2025-04-04,intervencion,Control,5
184,2025-04-07,intervencion,Control,4
184,2025-04-08,intervencion,Control,5
184,2025-04-09,intervencion,Control,3
184,2025-04-10,intervencion,Control,6
184,2025-04-11,intervencion,Control,5
184,2025-04-14,intervencion,Control,4
184,2025-04-15,intervencion,Control,4
184,2025-04-16,intervencion,Control,3
184,2025-04-17,intervencion,Control,4
184,2025-04-18,intervencion,Control,4
184,2025-04-21,intervencion,Control,3
184,2025-04-22,intervencion,Control,5
184,2025-04-23,intervencion,Control,6
184,2025-04-24,intervencion,Control,5
184,2025-04-25,intervencion,Control,4
185,2025-03-03,baseline,Tratamiento,5
185,2025-03-04,baseline,Tratamiento,5
185,2025-03-05,baseline,Tratamiento,4
185,2025-03-06,baseline,Tratamiento,4
185,2025-03-07,baseline,Tratamiento,4
185,2025-03-10,baseline,Tratamiento,5
185,2025-03-11,baseline,Tratamiento,5
185,2025-03-12,baseline,Tratamiento,5
185,2025-03-13,baseline,Tratamiento,3
185,2025-03-14,baseline,Tratamiento,5
185,2025-03-17,baseline,Tratamiento,5
185,2025-03-18,baseline,Tratamiento,7
185,2025-03-19,baseline,Tratamiento,4
185,2025-03-20,baseline,Tratamiento,5
185,2025-03-21,baseline,Tratamiento,7
185,2025-03-24,baseline,Tratamiento,5
185,2025-03-25,baseline,Tratamiento,5
185,2025-03-26,baseline,Tratamiento,4
185,2025-03-27,baseline,Tratamiento,6
185,2025-03-28,baseline,Tratamiento,4
185,2025-03-31,intervencion,Tratamiento,5
185,2025-04-01,intervencion,Tratamiento,5
185,2025-04-02,intervencion,Tratamiento,5
185,2025-04-03,intervencion,Tratamiento,4
185,2025-04-04,intervencion,Tratamiento,6
185,2025-04-07,intervencion,Tratamiento,5
185,2025-04-08,intervencion,Tratamiento,4
185,2025-04-09,intervencion,Tratamiento,6
185,2025-04-10,intervencion,Tratamiento,4
185,2025-04-11,intervencion,Tratamiento,5
185,2025-04-14,intervencion,Tratamiento,6
185,2025-04-15,intervencion,Tratamiento,5
185,2025-04-16,intervencion,Tratamiento,3
185,2025-04-17,intervencion,Tratamiento,6
185,2025-04-18,intervencion,Tratamiento,5
185,2025-04-21,intervencion,Tratamiento,5
185,2025-04-22,intervencion,Tratamiento,5
185,2025-04-23,intervencion,Tratamiento,4
185,2025-04-24,intervencion,Tratamiento,5
185,2025-04-25,intervencion,Tratamiento,4
186,2025-03-03,baseline,Tratamiento,4
186,2025-03-04,baseline,Tratamiento,5
186,2025-03-05,baseline,Tratamiento,6
186,2025-03-06,baseline,Tratamiento,4
186,2025-03-07,baseline,Tratamiento,6
186,2025-03-10,baseline,Tratamiento,5
186,2025-03-11,baseline,Tratamiento,4
186,2025-03-12,baseline,Tratamiento,4
186,2025-03-13,baseline,Tratamiento,3
186,2025-03-14,baseline,Tratamiento,5
186,2025-03-17,baseline,Tratamiento,4
186,2025-03-18,baseline,Tratamiento,6
186,2025-03-19,baseline,Tratamiento,4
186,2025-03-20,baseline,Tratamiento,4
186,2025-03-21,baseline,Tratamiento,5
186,2025-03-24,baseline,Tratamiento,4
186,2025-03-25,baseline,Tratamiento,5
186,2025-03-26,baseline,Tratamiento,5
186,2025-03-27,baseline,Tratamiento,5
186,2025-03-28,baseline,Tratamiento,5
186,2025-03-31,intervencion,Tratamiento,5
186,2025-04-01,intervencion,Tratamiento,3
186,2025-04-02,intervencion,Tratamiento,5
186,2025-04-03,intervencion,Tratamiento,5
186,2025-04-04,intervencion,Tratamiento,6
186,2025-04-07,intervencion,Tratamiento,5
186,2025-04-08,intervencion,Tratamiento,5
186,2025-04-09,intervencion,Tratamiento,6
186,2025-04-10,intervencion,Tratamiento,5
186,2025-04-11,intervencion,Tratamiento,5
186,2025-04-14,intervencion,Tratamiento,5
186,2025-04-15,intervencion,Tratamiento,5
186,2025-04-16,intervencion,Tratamiento,5
186,2025-04-17,intervencion,Tratamiento,6
186,2025-04-18,intervencion,Tratamiento,7
186,2025-04-21,intervencion,Tratamiento,6
186,2025-04-22,intervencion,Tratamiento,6
186,2025-04-23,intervencion,Tratamiento,4
186,2025-04-24,intervencion,Tratamiento,4
186,2025-04-25,intervencion,Tratamiento,5
187,2025-03-03,baseline,Tratamiento,5
187,2025-03-04,baseline,Tratamiento,4
187,2025-03-05,baseline,Tratamiento,3
187,2025-03-06,baseline,Tratamiento,6
187,2025-03-07,baseline,Tratamiento,7
187,2025-03-10,baseline,Tratamiento,6
187,2025-03-11,baseline,Tratamiento,6
187,2025-03-12,baseline,Tratamiento,5
187,2025-03-13,baseline,Tratamiento,4
187,2025-03-14,baseline,Tratamiento,5
187,2025-03-17,baseline,Tratamiento,6
187,2025-03-18,baseline,Tratamiento,4
187,2025-03-19,baseline,Tratamiento,4
187,2025-03-20,baseline,Tratamiento,6
187,2025-03-21,baseline,Tratamiento,6
187,2025-03-24,baseline,Tratamiento,4
187,2025-03-25,baseline,Tratamiento,4
187,2025-03-26,baseline,Tratamiento,4
187,2025-03-27,baseline,Tratamiento,5
187,2025-03-28,baseline,Tratamiento,6
187,2025-03-31,intervencion,Tratamiento,4
187,2025-04-01,intervencion,Tratamiento,6
187,2025-04-02,intervencion,Tratamiento,5
187,2025-04-03,intervencion,Tratamiento,7
187,2025-04-04,intervencion,Tratamiento,5
187,2025-04-07,intervencion,Tratamiento,5
187,2025-04-08,intervencion,Tratamiento,5
187,2025-04-09,intervencion,Tratamiento,5
187,2025-04-10,intervencion,Tratamiento,3
187,2025-04-11,intervencion,Tratamiento,5
187,2025-04-14,intervencion,Tratamiento,5
187,2025-04-15,intervencion,Tratamiento,4
187,2025-04-16,intervencion,Tratamiento,5
187,2025-04-17,intervencion,Tratamiento,3
187,2025-04-18,intervencion,Tratamiento,5
187,2025-04-21,intervencion,Tratamiento,5
187,2025-04-22,intervencion,Tratamiento,5
187,2025-04-23,intervencion,Tratamiento,5
187,2025-04-24,intervencion,Tratamiento,5
187,2025-04-25,intervencion,Tratamiento,4
188,2025-03-03,baseline,Tratamiento,5
188,2025-03-04,baseline,Tratamiento,5
188,2025-03-05,baseline,Tratamiento,4
188,2025-03-06,baseline,Tratamiento,5
188,2025-03-07,baseline,Tratamiento,5
188,2025-03-10,baseline,Tratamiento,4
188,2025-03-11,baseline,Tratamiento,7
188,2025-03-12,baseline,Tratamiento,4
188,2025-03-13,baseline,Tratamiento,4
188,2025-03-14,baseline,Tratamiento,4
188,2025-03-17,baseline,Tratamiento,4
188,2025-03-18,baseline,Tratamiento,5
188,2025-03-19,baseline,Tratamiento,4
188,2025-03-20,baseline,Tratamiento,4
188,2025-03-21,baseline,Tratamiento,4
188,2025-03-24,baseline,Tratamiento,4
188,2025-03-25,baseline,Tratamiento,3
188,2025-03-26,baseline,Tratamiento,4
188,2025-03-27,baseline,Tratamiento,5
188,2025-03-28,baseline,Tratamiento,5
188,2025-03-31,intervencion,Tratamiento,6
188,2025-04-01,intervencion,Tratamiento,6
188,2025-04-02,intervencion,Tratamiento,5
188,2025-04-03,intervencion,Tratamiento,7
188,2025-04-04,intervencion,Tratamiento,5
188,2025-04-07,intervencion,Tratamiento,5
188,2025-04-08,intervencion,Tratamiento,5
188,2025-04-09,intervencion,Tratamiento,6
188,2025-04-10,intervencion,Tratamiento,5
188,2025-04-11,intervencion,Tratamiento,4
188,2025-04-14,intervencion,Tratamiento,5
188,2025-04-15,intervencion,Tratamiento,4
188,2025-04-16,intervencion,Tratamiento,5
188,2025-04-17,intervencion,Tratamiento,5
188,2025-04-18,intervencion,Tratamiento,5
188,2025-04-21,intervencion,Tratamiento,5
188,2025-04-22,intervencion,Tratamiento,4
188,2025-04-23,intervencion,Tratamiento,5
188,2025-04-24,intervencion,Tratamiento,5
188,2025-04-25,intervencion,Tratamiento,7
189,2025-03-03,baseline,Control,5
189,2025-03-04,baseline,Control,4
189,2025-03-05,baseline,Control,3
189,2025-03-06,baseline,Control,6
189,2025-03-07,baseline,Control,4
189,2025-03-10,baseline,Control,4
189,2025-03-11,baseline,Control,5
189,2025-03-12,baseline,Control,5
189,2025-03-13,baseline,Control,5
189,2025-03-14,baseline,Control,5
189,2025-03-17,baseline,Control,5
189,2025-03-18,baseline,Control,5
189,2025-03-19,baseline,Control,5
189,2025-03-20,baseline,Control,5
189,2025-03-21,baseline,Control,6
189,2025-03-24,baseline,Control,5
189,2025-03-25,baseline,Control,4
189,2025-03-26,baseline,Control,4
189,2025-03-27,baseline,Control,5
189,2025-03-28,baseline,Control,3
189,2025-03-31,intervencion,Control,3
189,2025-04-01,intervencion,Control,5
189,2025-04-02,intervencion,Control,6
189,2025-04-03,intervencion,Control,3
189,2025-04-04,intervencion,Control,5
189,2025-04-07,intervencion,Control,4
189,2025-04-08,intervencion,Control,4
189,2025-04-09,intervencion,Control,5
189,2025-04-10,intervencion,Control,3
189,2025-04-11,intervencion,Control,4
189,2025-04-14,intervencion,Control,4
189,2025-04-15,intervencion,Control,4
189,2025-04-16,intervencion,Control,4
189,2025-04-17,intervencion,Control,5
189,2025-04-18,intervencion,Control,4
189,2025-04-21,intervencion,Control,4
189,2025-04-22,intervencion,Control,5
189,2025-04-23,intervencion,Control,4
189,2025-04-24,intervencion,Control,5
189,2025-04-25,intervencion,Control,4
190,2025-03-03,baseline,Control,3
190,2025-03-04,baseline,Control,4
190,2025-03-05,baseline,Control,5
190,2025-03-06,baseline,Control,3
190,2025-03-07,baseline,Control,3
190,2025-03-10,baseline,Control,5
190,2025-03-11,baseline,Control,4
190,2025-03-12,baseline,Control,3
190,2025-03-13,baseline,Control,5
190,2025-03-14,baseline,Control,4
190,2025-03-17,baseline,Control,6
190,2025-03-18,baseline,Control,5
190,2025-03-19,baseline,Control,5
190,2025-03-20,baseline,Control,4
190,2025-03-21,baseline,Control,2
190,2025-03-24,baseline,Control,4
190,2025-03-25,baseline,Control,4
190,2025-03-26,baseline,Control,5
190,2025-03-27,baseline,Control,3
190,2025-03-28,baseline,Control,5
190,2025-03-31,intervencion,Control,4
190,2025-04-01,intervencion,Control,5
190,2025-04-02,intervencion,Control,5
190,2025-04-03,intervencion,Control,5
190,2025-04-04,intervencion,Control,6
190,2025-04-07,intervencion,Control,5
190,2025-04-08,intervencion,Control,5
190,2025-04-09,intervencion,Control,4
190,2025-04-10,intervencion,Control,7
190,2025-04-11,intervencion,Control,4
190,2025-04-14,intervencion,Control,4
190,2025-04-15,intervencion,Control,5
190,2025-04-16,intervencion,Control,5
190,2025-04-17,intervencion,Control,5
190,2025-04-18,intervencion,Control,5
190,2025-04-21,intervencion,Control,3
190,2025-04-22,intervencion,Control,6
190,2025-04-23,intervencion,Control,4
190,2025-04-24,intervencion,Control,6
190,2025-04-25,intervencion,Control,3
191,2025-03-03,baseline,Control,5
191,2025-03-04,baseline,Control,4
191,2025-03-05,baseline,Control,5
191,2025-03-06,baseline,Control,5
191,2025-03-07,baseline,Control,5
191,2025-03-10,baseline,Control,4
191,2025-03-11,baseline,Control,5
191,2025-03-12,baseline,Control,4
191,2025-03-13,baseline,Control,5
191,2025-03-14,baseline,Control,5
191,2025-03-17,baseline,Control,5
191,2025-03-18,baseline,Control,3
191,2025-03-19,baseline,Control,5
191,2025-03-20,baseline,Control,7
191,2025-03-21,baseline,Control,6
191,2025-03-24,baseline,Control,2
191,2025-03-25,baseline,Control,5
191,2025-03-26,baseline,Control,5
191,2025-03-27,baseline,Control,4
191,2025-03-28,baseline,Control,4
191,2025-03-31,intervencion,Control,4
191,2025-04-01,intervencion,Control,5
191,2025-04-02,intervencion,Control,4
191,2025-04-03,intervencion,Control,6
191,2025-04-04,intervencion,Control,5
191,2025-04-07,intervencion,Control,4
191,2025-04-08,intervencion,Control,6
191,2025-04-09,intervencion,Control,3
191,2025-04-10,intervencion,Control,4
191,2025-04-11,intervencion,Control,4
191,2025-04-14,intervencion,Control,7
191,2025-04-15,intervencion,Control,4
191,2025-04-16,intervencion,Control,3
191,2025-04-17,intervencion,Control,4
191,2025-04-18,intervencion,Control,5
191,2025-04-21,intervencion,Control,5
191,2025-04-22,intervencion,Control,7
191,2025-04-23,intervencion,Control,6
191,2025-04-24,intervencion,Control,5
191,2025-04-25,intervencion,Control,4
192,2025-03-03,baseline,Tratamiento,6
192,2025-03-04,baseline,Tratamiento,4
192,2025-03-05,baseline,Tratamiento,4
192,2025-03-06,baseline,Tratamiento,4
192,2025-03-07,baseline,Tratamiento,3
192,2025-03-10,baseline,Tratamiento,4
192,2025-03-11,baseline,Tratamiento,4
192,2025-03-12,baseline,Tratamiento,5
192,2025-03-13,baseline,Tratamiento,4
192,2025-03-14,baseline,Tratamiento,3
192,2025-03-17,baseline,Tratamiento,3
192,2025-03-18,baseline,Tratamiento,5
192,2025-03-19,baseline,Tratamiento,5
192,2025-03-20,baseline,Tratamiento,4
192,2025-03-21,baseline,Tratamiento,4
192,2025-03-24,baseline,Tratamiento,5
192,2025-03-25,baseline,Tratamiento,6
192,2025-03-26,baseline,Tratamiento,4
192,2025-03-27,baseline,Tratamiento,5
192,2025-03-28,baseline,Tratamiento,5
192,2025-03-31,intervencion,Tratamiento,4
192,2025-04-01,intervencion,Tratamiento,5
192,2025-04-02,intervencion,Tratamiento,5
192,2025-04-03,intervencion,Tratamiento,4
192,2025-04-04,intervencion,Tratamiento,5
192,2025-04-07,intervencion,Tratamiento,5
192,2025-04-08,intervencion,Tratamiento,5
192,2025-04-09,intervencion,Tratamiento,4
192,2025-04-10,intervencion,Tratamiento,5
192,2025-04-11,intervencion,Tratamiento,6
192,2025-04-14,intervencion,Tratamiento,7
192,2025-04-15,intervencion,Tratamiento,6
192,2025-04-16,intervencion,Tratamiento,4
192,2025-04-17,intervencion,Tratamiento,5
192,2025-04-18,intervencion,Tratamiento,5
192,2025-04-21,intervencion,Tratamiento,5
192,2025-04-22,intervencion,Tratamiento,4
192,2025-04-23,intervencion,Tratamiento,3
192,2025-04-24,intervencion,Tratamiento,5
192,2025-04-25,intervencion,Tratamiento,6
193,2025-03-03,baseline,Tratamiento,5
193,2025-03-04,baseline,Tratamiento,5
193,2025-03-05,baseline,Tratamiento,5
193,2025-03-06,baseline,Tratamiento,5
193,2025-03-07,baseline,Tratamiento,5
193,2025-03-10,baseline,Tratamiento,4
193,2025-03-11,baseline,Tratamiento,5
193,2025-03-12,baseline,Tratamiento,6
193,2025-03-13,baseline,Tratamiento,5
193,2025-03-14,baseline,Tratamiento,5
193,2025-03-17,baseline,Tratamiento,5
193,2025-03-18,baseline,Tratamiento,4
193,2025-03-19,baseline,Tratamiento,4
193,2025-03-20,baseline,Tratamiento,5
193,2025-03-21,baseline,Tratamiento,4
193,2025-03-24,baseline,Tratamiento,4
193,2025-03-25,baseline,Tratamiento,4
193,2025-03-26,baseline,Tratamiento,5
193,2025-03-27,baseline,Tratamiento,5
193,2025-03-28,baseline,Tratamiento,4
193,2025-03-31,intervencion,Tratamiento,3
193,2025-04-01,intervencion,Tratamiento,5
193,2025-04-02,intervencion,Tratamiento,5
193,2025-04-03,intervencion,Tratamiento,4
193,2025-04-04,intervencion,Tratamiento,6
193,2025-04-07,intervencion,Tratamiento,4
193,2025-04-08,intervencion,Tratamiento,6
193,2025-04-09,intervencion,Tratamiento,5
193,2025-04-10,intervencion,Tratamiento,3
193,2025-04-11,intervencion,Tratamiento,5
193,2025-04-14,intervencion,Tratamiento,5
193,2025-04-15,intervencion,Tratamiento,4
193,2025-04-16,intervencion,Tratamiento,4
193,2025-04-17,intervencion,Tratamiento,5
193,2025-04-18,intervencion,Tratamiento,5
193,2025-04-21,intervencion,Tratamiento,3
193,2025-04-22,intervencion,Tratamiento,6
193,2025-04-23,intervencion,Tratamiento,5
193,2025-04-24,intervencion,Tratamiento,4
193,2025-04-25,intervencion,Tratamiento,4
194,2025-03-03,baseline,Tratamiento,5
194,2025-03-04,baseline,Tratamiento,3
194,2025-03-05,baseline,Tratamiento,5
194,2025-03-06,baseline,Tratamiento,4
194,2025-03-07,baseline,Tratamiento,4
194,2025-03-10,baseline,Tratamiento,4
194,2025-03-11,baseline,Tratamiento,4
194,2025-03-12,baseline,Tratamiento,5
194,2025-03-13,baseline,Tratamiento,5
194,2025-03-14,baseline,Tratamiento,4
194,2025-03-17,baseline,Tratamiento,5
194,2025-03-18,baseline,Tratamiento,5
194,2025-03-19,baseline,Tratamiento,3
194,2025-03-20,baseline,Tratamiento,5
194,2025-03-21,baseline,Tratamiento,4
194,2025-03-24,baseline,Tratamiento,4
194,2025-03-25,baseline,Tratamiento,5
194,2025-03-26,baseline,Tratamiento,4
194,2025-03-27,baseline,Tratamiento,4
194,2025-03-28,baseline,Tratamiento,6
194,2025-03-31,intervencion,Tratamiento,6
194,2025-04-01,intervencion,Tratamiento,3
194,2025-04-02,intervencion,Tratamiento,4
194,2025-04-03,intervencion,Tratamiento,5
194,2025-04-04,intervencion,Tratamiento,5
194,2025-04-07,intervencion,Tratamiento,6
194,2025-04-08,intervencion,Tratamiento,6
194,2025-04-09,intervencion,Tratamiento,5
194,2025-04-10,intervencion,Tratamiento,4
194,2025-04-11,intervencion,Tratamiento,5
194,2025-04-14,intervencion,Tratamiento,4
194,2025-04-15,intervencion,Tratamiento,6
194,2025-04-16,intervencion,Tratamiento,5
194,2025-04-17,intervencion,Tratamiento,4
194,2025-04-18,intervencion,Tratamiento,6
194,2025-04-21,intervencion,Tratamiento,7
194,2025-04-22,intervencion,Tratamiento,5
194,2025-04-23,intervencion,Tratamiento,5
194,2025-04-24,intervencion,Tratamiento,5
194,2025-04-25,intervencion,Tratamiento,5
195,2025-03-03,baseline,Control,3
195,2025-03-04,baseline,Control,5
195,2025-03-05,baseline,Control,5
195,2025-03-06,baseline,Control,6
195,2025-03-07,baseline,Control,3
195,2025-03-10,baseline,Control,4
195,2025-03-11,baseline,Control,6
195,2025-03-12,baseline,Control,4
195,2025-03-13,baseline,Control,4
195,2025-03-14,baseline,Control,4
195,2025-03-17,baseline,Control,4
195,2025-03-18,baseline,Control,3
195,2025-03-19,baseline,Control,4
195,2025-03-20,baseline,Control,4
195,2025-03-21,baseline,Control,5
195,2025-03-24,baseline,Control,4
195,2025-03-25,baseline,Control,4
195,2025-03-26,baseline,Control,4
195,2025-03-27,baseline,Control,5
195,2025-03-28,baseline,Control,4
195,2025-03-31,intervencion,Control,4
195,2025-04-01,intervencion,Control,5
195,2025-04-02,intervencion,Control,6
195,2025-04-03,intervencion,Control,5
195,2025-04-04,intervencion,Control,4
195,2025-04-07,intervencion,Control,4
195,2025-04-08,intervencion,Control,3
195,2025-04-09,intervencion,Control,4
195,2025-04-10,intervencion,Control,4
195,2025-04-11,intervencion,Control,4
195,2025-04-14,intervencion,Control,4
195,2025-04-15,intervencion,Control,4
195,2025-04-16,intervencion,Control,5
195,2025-04-17,intervencion,Control,6
195,2025-04-18,intervencion,Control,4
195,2025-04-21,intervencion,Control,4
195,2025-04-22,intervencion,Control,4
195,2025-04-23,intervencion,Control,5
195,2025-04-24,intervencion,Control,5
195,2025-04-25,intervencion,Control,5
196,2025-03-03,baseline,Tratamiento,5
196,2025-03-04,baseline,Tratamiento,4
196,2025-03-05,baseline,Tratamiento,6
196,2025-03-06,baseline,Tratamiento,5
196,2025-03-07,baseline,Tratamiento,4
196,2025-03-10,baseline,Tratamiento,4
196,2025-03-11,baseline,Tratamiento,6
196,2025-03-12,baseline,Tratamiento,4
196,2025-03-13,baseline,Tratamiento,5
196,2025-03-14,baseline,Tratamiento,4
196,2025-03-17,baseline,Tratamiento,4
196,2025-03-18,baseline,Tratamiento,5
196,2025-03-19,baseline,Tratamiento,4
196,2025-03-20,baseline,Tratamiento,5
196,2025-03-21,baseline,Tratamiento,5
196,2025-03-24,baseline,Tratamiento,4
196,2025-03-25,baseline,Tratamiento,5
196,2025-03-26,baseline,Tratamiento,4
196,2025-03-27,baseline,Tratamiento,5
196,2025-03-28,baseline,Tratamiento,6
196,2025-03-31,intervencion,Tratamiento,5
196,2025-04-01,intervencion,Tratamiento,5
196,2025-04-02,intervencion,Tratamiento,5
196,2025-04-03,intervencion,Tratamiento,5
196,2025-04-04,intervencion,Tratamiento,5
196,2025-04-07,intervencion,Tratamiento,4
196,2025-04-08,intervencion,Tratamiento,5
196,2025-04-09,intervencion,Tratamiento,5
196,2025-04-10,intervencion,Tratamiento,4
196,2025-04-11,intervencion,Tratamiento,6
196,2025-04-14,intervencion,Tratamiento,5
196,2025-04-15,intervencion,Tratamiento,5
196,2025-04-16,intervencion,Tratamiento,6
196,2025-04-17,intervencion,Tratamiento,3
196,2025-04-18,intervencion,Tratamiento,6
196,2025-04-21,intervencion,Tratamiento,4
196,2025-04-22,intervencion,Tratamiento,5
196,2025-04-23,intervencion,Tratamiento,4
196,2025-04-24,intervencion,Tratamiento,4
196,2025-04-25,intervencion,Tratamiento,6
197,2025-03-03,baseline,Tratamiento,6
197,2025-03-04,baseline,Tratamiento,4
197,2025-03-05,baseline,Tratamiento,5
197,2025-03-06,baseline,Tratamiento,5
197,2025-03-07,baseline,Tratamiento,6
197,2025-03-10,baseline,Tratamiento,3
197,2025-03-11,baseline,Tratamiento,5
197,2025-03-12,baseline,Tratamiento,4
197,2025-03-13,baseline,Tratamiento,2
197,2025-03-14,baseline,Tratamiento,4
197,2025-03-17,baseline,Tratamiento,6
197,2025-03-18,baseline,Tratamiento,4
197,2025-03-19,baseline,Tratamiento,5
197,2025-03-20,baseline,Tratamiento,6
197,2025-03-21,baseline,Tratamiento,5
197,2025-03-24,baseline,Tratamiento,5
197,2025-03-25,baseline,Tratamiento,3
197,2025-03-26,baseline,Tratamiento,4
197,2025-03-27,baseline,Tratamiento,5
197,2025-03-28,baseline,Tratamiento,5
197,2025-03-31,intervencion,Tratamiento,5
197,2025-04-01,intervencion,Tratamiento,5
197,2025-04-02,intervencion,Tratamiento,7
197,2025-04-03,intervencion,Tratamiento,5
197,2025-04-04,intervencion,Tratamiento,6
197,2025-04-07,intervencion,Tratamiento,5
197,2025-04-08,intervencion,Tratamiento,6
197,2025-04-09,intervencion,Tratamiento,4
197,2025-04-10,intervencion,Tratamiento,5
197,2025-04-11,intervencion,Tratamiento,5
197,2025-04-14,intervencion,Tratamiento,5
197,2025-04-15,intervencion,Tratamiento,6
197,2025-04-16,intervencion,Tratamiento,5
197,2025-04-17,intervencion,Tratamiento,6
197,2025-04-18,intervencion,Tratamiento,4
197,2025-04-21,intervencion,Tratamiento,4
197,2025-04-22,intervencion,Tratamiento,5
197,2025-04-23,intervencion,Tratamiento,5
197,2025-04-24,intervencion,Tratamiento,5
197,2025-04-25,intervencion,Tratamiento,4
198,2025-03-03,baseline,Tratamiento,6
198,2025-03-04,baseline,Tratamiento,4
198,2025-03-05,baseline,Tratamiento,6
198,2025-03-06,baseline,Tratamiento,5
198,2025-03-07,baseline,Tratamiento,5
198,2025-03-10,baseline,Tratamiento,5
198,2025-03-11,baseline,Tratamiento,4
198,2025-03-12,baseline,Tratamiento,5
198,2025-03-13,baseline,Tratamiento,6
198,2025-03-14,baseline,Tratamiento,5
198,2025-03-17,baseline,Tratamiento,5
198,2025-03-18,baseline,Tratamiento,5
198,2025-03-19,baseline,Tratamiento,5
198,2025-03-20,baseline,Tratamiento,5
198,2025-03-21,baseline,Tratamiento,5
198,2025-03-24,baseline,Tratamiento,5
198,2025-03-25,baseline,Tratamiento,3
198,2025-03-26,baseline,Tratamiento,5
198,2025-03-27,baseline,Tratamiento,4
198,2025-03-28,baseline,Tratamiento,4
198,2025-03-31,intervencion,Tratamiento,6
198,2025-04-01,intervencion,Tratamiento,4
198,2025-04-02,intervencion,Tratamiento,4
198,2025-04-03,intervencion,Tratamiento,6
198,2025-04-04,intervencion,Tratamiento,4
198,2025-04-07,intervencion,Tratamiento,3
198,2025-04-08,intervencion,Tratamiento,6
198,2025-04-09,intervencion,Tratamiento,5
198,2025-04-10,intervencion,Tratamiento,5
198,2025-04-11,intervencion,Tratamiento,5
198,2025-04-14,intervencion,Tratamiento,4
198,2025-04-15,intervencion,Tratamiento,4
198,2025-04-16,intervencion,Tratamiento,5
198,2025-04-17,intervencion,Tratamiento,4
198,2025-04-18,intervencion,Tratamiento,5
198,2025-04-21,intervencion,Tratamiento,5
198,2025-04-22,intervencion,Tratamiento,5
198,2025-04-23,intervencion,Tratamiento,5
198,2025-04-24,intervencion,Tratamiento,5
198,2025-04-25,intervencion,Tratamiento,5
199,2025-03-03,baseline,Tratamiento,4
199,2025-03-04,baseline,Tratamiento,5
199,2025-03-05,baseline,Tratamiento,5
199,2025-03-06,baseline,Tratamiento,2
199,2025-03-07,baseline,Tratamiento,5
199,2025-03-10,baseline,Tratamiento,5
199,2025-03-11,baseline,Tratamiento,5
199,2025-03-12,baseline,Tratamiento,3
199,2025-03-13,baseline,Tratamiento,4
199,2025-03-14,baseline,Tratamiento,4
199,2025-03-17,baseline,Tratamiento,5
199,2025-03-18,baseline,Tratamiento,3
199,2025-03-19,baseline,Tratamiento,4
199,2025-03-20,baseline,Tratamiento,5
199,2025-03-21,baseline,Tratamiento,4
199,2025-03-24,baseline,Tratamiento,4
199,2025-03-25,baseline,Tratamiento,5
199,2025-03-26,baseline,Tratamiento,5
199,2025-03-27,baseline,Tratamiento,5
199,2025-03-28,baseline,Tratamiento,5
199,2025-03-31,intervencion,Tratamiento,5
199,2025-04-01,intervencion,Tratamiento,5
199,2025-04-02,intervencion,Tratamiento,4
199,2025-04-03,intervencion,Tratamiento,5
199,2025-04-04,intervencion,Tratamiento,4
199,2025-04-07,intervencion,Tratamiento,5
199,2025-04-08,intervencion,Tratamiento,5
199,2025-04-09,intervencion,Tratamiento,6
199,2025-04-10,intervencion,Tratamiento,5
199,2025-04-11,intervencion,Tratamiento,7
199,2025-04-14,intervencion,Tratamiento,4
199,2025-04-15,intervencion,Tratamiento,3
199,2025-04-16,intervencion,Tratamiento,6
199,2025-04-17,intervencion,Tratamiento,4
199,2025-04-18,intervencion,Tratamiento,5
199,2025-04-21,intervencion,Tratamiento,3
199,2025-04-22,intervencion,Tratamiento,4
199,2025-04-23,intervencion,Tratamiento,4
199,2025-04-24,intervencion,Tratamiento,5
199,2025-04-25,intervencion,Tratamiento,5
200,2025-03-03,baseline,Control,5
200,2025-03-04,baseline,Control,6
200,2025-03-05,baseline,Control,5
200,2025-03-06,baseline,Control,3
200,2025-03-07,baseline,Control,5
200,2025-03-10,baseline,Control,5
200,2025-03-11,baseline,Control,5
200,2025-03-12,baseline,Control,5
200,2025-03-13,baseline,Control,5
200,2025-03-14,baseline,Control,4
200,2025-03-17,baseline,Control,4
200,2025-03-18,baseline,Control,6
200,2025-03-19,baseline,Control,4
200,2025-03-20,baseline,Control,4
200,2025-03-21,baseline,Control,5
200,2025-03-24,baseline,Control,4
200,2025-03-25,baseline,Control,3
200,2025-03-26,baseline,Control,4
200,2025-03-27,baseline,Control,6
200,2025-03-28,baseline,Control,5
200,2025-03-31,intervencion,Control,5
200,2025-04-01,intervencion,Control,3
200,2025-04-02,intervencion,Control,5
200,2025-04-03,intervencion,Control,5
200,2025-04-04,intervencion,Control,4
200,2025-04-07,intervencion,Control,5
200,2025-04-08,intervencion,Control,5
200,2025-04-09,intervencion,Control,4
200,2025-04-10,intervencion,Control,5
200,2025-04-11,intervencion,Control,6
200,2025-04-14,intervencion,Control,4
200,2025-04-15,intervencion,Control,4
200,2025-04-16,intervencion,Control,4
200,2025-04-17,intervencion,Control,5
200,2025-04-18,intervencion,Control,3
200,2025-04-21,intervencion,Control,5
200,2025-04-22,intervencion,Control,4
200,2025-04-23,intervencion,Control,5
200,2025-04-24,intervencion,Control,4
200,2025-04-25,intervencion,Control,4
201,2025-03-03,baseline,Tratamiento,6
201,2025-03-04,baseline,Tratamiento,3
201,2025-03-05,baseline,Tratamiento,5
201,2025-03-06,baseline,Tratamiento,6
201,2025-03-07,baseline,Tratamiento,5
201,2025-03-10,baseline,Tratamiento,3
201,2025-03-11,baseline,Tratamiento,3
201,2025-03-12,baseline,Tratamiento,4
201,2025-03-13,baseline,Tratamiento,5
201,2025-03-14,baseline,Tratamiento,5
201,2025-03-17,baseline,Tratamiento,3
201,2025-03-18,baseline,Tratamiento,4
201,2025-03-19,baseline,Tratamiento,4
201,2025-03-20,baseline,Tratamiento,4
201,2025-03-21,baseline,Tratamiento,6
201,2025-03-24,baseline,Tratamiento,4
201,2025-03-25,baseline,Tratamiento,4
201,2025-03-26,baseline,Tratamiento,4
201,2025-03-27,baseline,Tratamiento,5
201,2025-03-28,baseline,Tratamiento,5
201,2025-03-31,intervencion,Tratamiento,4
201,2025-04-01,intervencion,Tratamiento,5
201,2025-04-02,intervencion,Tratamiento,4
201,2025-04-03,intervencion,Tratamiento,5
201,2025-04-04,intervencion,Tratamiento,7
201,2025-04-07,intervencion,Tratamiento,5
201,2025-04-08,intervencion,Tratamiento,5
201,2025-04-09,intervencion,Tratamiento,4
201,2025-04-10,intervencion,Tratamiento,4
201,2025-04-11,intervencion,Tratamiento,6
201,2025-04-14,intervencion,Tratamiento,6
201,2025-04-15,intervencion,Tratamiento,5
201,2025-04-16,intervencion,Tratamiento,6
201,2025-04-17,intervencion,Tratamiento,5
201,2025-04-18,intervencion,Tratamiento,6
201,2025-04-21,intervencion,Tratamiento,5
201,2025-04-22,intervencion,Tratamiento,5
201,2025-04-23,intervencion,Tratamiento,4
201,2025-04-24,intervencion,Tratamiento,5
201,2025-04-25,intervencion,Tratamiento,6
202,2025-03-03,baseline,Control,4
202,2025-03-04,baseline,Control,5
202,2025-03-05,baseline,Control,4
202,2025-03-06,baseline,Control,5
202,2025-03-07,baseline,Control,5
202,2025-03-10,baseline,Control,4
202,2025-03-11,baseline,Control,4
202,2025-03-12,baseline,Control,5
202,2025-03-13,baseline,Control,3
202,2025-03-14,baseline,Control,4
202,2025-03-17,baseline,Control,5
202,2025-03-18,baseline,Control,7
202,2025-03-19,baseline,Control,4
202,2025-03-20,baseline,Control,5
202,2025-03-21,baseline,Control,5
202,2025-03-24,baseline,Control,4
202,2025-03-25,baseline,Control,5
202,2025-03-26,baseline,Control,4
202,2025-03-27,baseline,Control,4
202,2025-03-28,baseline,Control,3
202,2025-03-31,intervencion,Control,5
202,2025-04-01,intervencion,Control,5
202,2025-04-02,intervencion,Control,5
202,2025-04-03,intervencion,Control,6
202,2025-04-04,intervencion,Control,5
202,2025-04-07,intervencion,Control,5
202,2025-04-08,intervencion,Control,4
202,2025-04-09,intervencion,Control,4
202,2025-04-10,intervencion,Control,3
202,2025-04-11,intervencion,Control,4
202,2025-04-14,intervencion,Control,5
202,2025-04-15,intervencion,Control,6
202,2025-04-16,intervencion,Control,5
202,2025-04-17,intervencion,Control,4
202,2025-04-18,intervencion,Control,3
202,2025-04-21,intervencion,Control,4
202,2025-04-22,intervencion,Control,5
202,2025-04-23,intervencion,Control,4
202,2025-04-24,intervencion,Control,5
202,2025-04-25,intervencion,Control,4
203,2025-03-03,baseline,Tratamiento,5
203,2025-03-04,baseline,Tratamiento,3
203,2025-03-05,baseline,Tratamiento,6
203,2025-03-06,baseline,Tratamiento,4
203,2025-03-07,baseline,Tratamiento,5
203,2025-03-10,baseline,Tratamiento,4
203,2025-03-11,baseline,Tratamiento,4
203,2025-03-12,baseline,Tratamiento,4
203,2025-03-13,baseline,Tratamiento,5
203,2025-03-14,baseline,Tratamiento,5
203,2025-03-17,baseline,Tratamiento,6
203,2025-03-18,baseline,Tratamiento,6
203,2025-03-19,baseline,Tratamiento,5
203,2025-03-20,baseline,Tratamiento,6
203,2025-03-21,baseline,Tratamiento,5
203,2025-03-24,baseline,Tratamiento,6
203,2025-03-25,baseline,Tratamiento,5
203,2025-03-26,baseline,Tratamiento,4
203,2025-03-27,baseline,Tratamiento,5
203,2025-03-28,baseline,Tratamiento,5
203,2025-03-31,intervencion,Tratamiento,5
203,2025-04-01,intervencion,Tratamiento,5
203,2025-04-02,intervencion,Tratamiento,6
203,2025-04-03,intervencion,Tratamiento,5
203,2025-04-04,intervencion,Tratamiento,2
203,2025-04-07,intervencion,Tratamiento,6
203,2025-04-08,intervencion,Tratamiento,5
203,2025-04-09,intervencion,Tratamiento,4
203,2025-04-10,intervencion,Tratamiento,4
203,2025-04-11,intervencion,Tratamiento,5
203,2025-04-14,intervencion,Tratamiento,4
203,2025-04-15,intervencion,Tratamiento,4
203,2025-04-16,intervencion,Tratamiento,4
203,2025-04-17,intervencion,Tratamiento,5
203,2025-04-18,intervencion,Tratamiento,7
203,2025-04-21,intervencion,Tratamiento,6
203,2025-04-22,intervencion,Tratamiento,6
203,2025-04-23,intervencion,Tratamiento,5
203,2025-04-24,intervencion,Tratamiento,5
203,2025-04-25,intervencion,Tratamiento,5
204,2025-03-03,baseline,Control,4
204,2025-03-04,baseline,Control,4
204,2025-03-05,baseline,Control,5
204,2025-03-06,baseline,Control,6
204,2025-03-07,baseline,Control,5
204,2025-03-10,baseline,Control,4
204,2025-03-11,baseline,Control,4
204,2025-03-12,baseline,Control,3
204,2025-03-13,baseline,Control,5
204,2025-03-14,baseline,Control,5
204,2025-03-17,baseline,Control,4
204,2025-03-18,baseline,Control,5
204,2025-03-19,baseline,Control,5
204,2025-03-20,baseline,Control,5
204,2025-03-21,baseline,Control,4
204,2025-03-24,baseline,Control,4
204,2025-03-25,baseline,Control,5
204,2025-03-26,baseline,Control,6
204,2025-03-27,baseline,Control,4
204,2025-03-28,baseline,Control,5
204,2025-03-31,intervencion,Control,5
204,2025-04-01,intervencion,Control,4
204,2025-04-02,intervencion,Control,6
204,2025-04-03,intervencion,Control,6
204,2025-04-04,intervencion,Control,6
204,2025-04-07,intervencion,Control,5
204,2025-04-08,intervencion,Control,7
204,2025-04-09,intervencion,Control,4
204,2025-04-10,intervencion,Control,7
204,2025-04-11,intervencion,Control,5
204,2025-04-14,intervencion,Control,6
204,2025-04-15,intervencion,Control,4
204,2025-04-16,intervencion,Control,5
204,2025-04-17,intervencion,Control,6
204,2025-04-18,intervencion,Control,4
204,2025-04-21,intervencion,Control,4
204,2025-04-22,intervencion,Control,3
204,2025-04-23,intervencion,Control,4
204,2025-04-24,intervencion,Control,4
204,2025-04-25,intervencion,Control,4
205,2025-03-03,baseline,Tratamiento,7
205,2025-03-04,baseline,Tratamiento,6
205,2025-03-05,baseline,Tratamiento,3
205,2025-03-06,baseline,Tratamiento,5
205,2025-03-07,baseline,Tratamiento,5
205,2025-03-10,baseline,Tratamiento,4
205,2025-03-11,baseline,Tratamiento,5
205,2025-03-12,baseline,Tratamiento,5
205,2025-03-13,baseline,Tratamiento,3
205,2025-03-14,baseline,Tratamiento,4
205,2025-03-17,baseline,Tratamiento,5
205,2025-03-18,baseline,Tratamiento,5
205,2025-03-19,baseline,Tratamiento,4
205,2025-03-20,baseline,Tratamiento,4
205,2025-03-21,baseline,Tratamiento,5
205,2025-03-24,baseline,Tratamiento,5
205,2025-03-25,baseline,Tratamiento,5
205,2025-03-26,baseline,Tratamiento,6
205,2025-03-27,baseline,Tratamiento,4
205,2025-03-28,baseline,Tratamiento,5
205,2025-03-31,intervencion,Tratamiento,5
205,2025-04-01,intervencion,Tratamiento,5
205,2025-04-02,intervencion,Tratamiento,4
205,2025-04-03,intervencion,Tratamiento,7
205,2025-04-04,intervencion,Tratamiento,3
205,2025-04-07,intervencion,Tratamiento,6
205,2025-04-08,intervencion,Tratamiento,5
205,2025-04-09,intervencion,Tratamiento,5
205,2025-04-10,intervencion,Tratamiento,6
205,2025-04-11,intervencion,Tratamiento,6
205,2025-04-14,intervencion,Tratamiento,4
205,2025-04-15,intervencion,Tratamiento,5
205,2025-04-16,intervencion,Tratamiento,7
205,2025-04-17,intervencion,Tratamiento,4
205,2025-04-18,intervencion,Tratamiento,7
205,2025-04-21,intervencion,Tratamiento,5
205,2025-04-22,intervencion,Tratamiento,5
205,2025-04-23,intervencion,Tratamiento,4
205,2025-04-24,intervencion,Tratamiento,5
205,2025-04-25,intervencion,Tratamiento,3
206,2025-03-03,baseline,Control,4
206,2025-03-04,baseline,Control,4
206,2025-03-05,baseline,Control,4
206,2025-03-06,baseline,Control,5
206,2025-03-07,baseline,Control,4
206,2025-03-10,baseline,Control,4
206,2025-03-11,baseline,Control,4
206,2025-03-12,baseline,Control,5
206,2025-03-13,baseline,Control,5
206,2025-03-14,baseline,Control,4
206,2025-03-17,baseline,Control,5
206,2025-03-18,baseline,Control,5
206,2025-03-19,baseline,Control,4
206,2025-03-20,baseline,Control,4
206,2025-03-21,baseline,Control,5
206,2025-03-24,baseline,Control,5
206,2025-03-25,baseline,Control,4
206,2025-03-26,baseline,Control,5
206,2025-03-27,baseline,Control,4
206,2025-03-28,baseline,Control,4
206,2025-03-31,intervencion,Control,4
206,2025-04-01,intervencion,Control,6
206,2025-04-02,intervencion,Control,5
206,2025-04-03,intervencion,Control,4
206,2025-04-04,intervencion,Control,6
206,2025-04-07,intervencion,Control,4
206,2025-04-08,intervencion,Control,7
206,2025-04-09,intervencion,Control,4
206,2025-04-10,intervencion,Control,4
206,2025-04-11,intervencion,Control,4
206,2025-04-14,intervencion,Control,4
206,2025-04-15,intervencion,Control,4
206,2025-04-16,intervencion,Control,7
206,2025-04-17,intervencion,Control,5
206,2025-04-18,intervencion,Control,5
206,2025-04-21,intervencion,Control,4
206,2025-04-22,intervencion,Control,4
206,2025-04-23,intervencion,Control,6
206,2025-04-24,intervencion,Control,3
206,2025-04-25,intervencion,Control,4
207,2025-03-03,baseline,Control,4
207,2025-03-04,baseline,Control,6
207,2025-03-05,baseline,Control,4
207,2025-03-06,baseline,Control,5
207,2025-03-07,baseline,Control,5
207,2025-03-10,baseline,Control,6
207,2025-03-11,baseline,Control,3
207,2025-03-12,baseline,Control,5
207,2025-03-13,baseline,Control,4
207,2025-03-14,baseline,Control,5
207,2025-03-17,baseline,Control,4
207,2025-03-18,baseline,Control,5
207,2025-03-19,baseline,Control,5
207,2025-03-20,baseline,Control,4
207,2025-03-21,baseline,Control,3
207,2025-03-24,baseline,Control,4
207,2025-03-25,baseline,Control,5
207,2025-03-26,baseline,Control,4
207,2025-03-27,baseline,Control,4
207,2025-03-28,baseline,Control,3
207,2025-03-31,intervencion,Control,4
207,2025-04-01,intervencion,Control,6
207,2025-04-02,intervencion,Control,5
207,2025-04-03,intervencion,Control,5
207,2025-04-04,intervencion,Control,5
207,2025-04-07,intervencion,Control,4
207,2025-04-08,intervencion,Control,6
207,2025-04-09,intervencion,Control,6
207,2025-04-10,intervencion,Control,5
207,2025-04-11,intervencion,Control,7
207,2025-04-14,intervencion,Control,4
207,2025-04-15,intervencion,Control,3
207,2025-04-16,intervencion,Control,4
207,2025-04-17,intervencion,Control,4
207,2025-04-18,intervencion,Control,7
207,2025-04-21,intervencion,Control,4
207,2025-04-22,intervencion,Control,4
207,2025-04-23,intervencion,Control,4
207,2025-04-24,intervencion,Control,6
207,2025-04-25,intervencion,Control,5
208,2025-03-03,baseline,Control,4
208,2025-03-04,baseline,Control,3
208,2025-03-05,baseline,Control,4
208,2025-03-06,baseline,Control,6
208,2025-03-07,baseline,Control,5
208,2025-03-10,baseline,Control,5
208,2025-03-11,baseline,Control,6
208,2025-03-12,baseline,Control,6
208,2025-03-13,baseline,Control,5
208,2025-03-14,baseline,Control,5
208,2025-03-17,baseline,Control,4
208,2025-03-18,baseline,Control,4
208,2025-03-19,baseline,Control,3
208,2025-03-20,baseline,Control,3
208,2025-03-21,baseline,Control,3
208,2025-03-24,baseline,Control,6
208,2025-03-25,baseline,Control,3
208,2025-03-26,baseline,Control,6
208,2025-03-27,baseline,Control,4
208,2025-03-28,baseline,Control,6
208,2025-03-31,intervencion,Control,4
208,2025-04-01,intervencion,Control,3
208,2025-04-02,intervencion,Control,6
208,2025-04-03,intervencion,Control,6
208,2025-04-04,intervencion,Control,4
208,2025-04-07,intervencion,Control,4
208,2025-04-08,intervencion,Control,4
208,2025-04-09,intervencion,Control,4
208,2025-04-10,intervencion,Control,5
208,2025-04-11,intervencion,Control,4
208,2025-04-14,intervencion,Control,3
208,2025-04-15,intervencion,Control,4
208,2025-04-16,intervencion,Control,5
208,2025-04-17,intervencion,Control,4
208,2025-04-18,intervencion,Control,4
208,2025-04-21,intervencion,Control,4
208,2025-04-22,intervencion,Control,4
208,2025-04-23,intervencion,Control,6
208,2025-04-24,intervencion,Control,4
208,2025-04-25,intervencion,Control,5
209,2025-03-03,baseline,Control,5
209,2025-03-04,baseline,Control,5
209,2025-03-05,baseline,Control,4
209,2025-03-06,baseline,Control,4
209,2025-03-07,baseline,Control,5
209,2025-03-10,baseline,Control,4
209,2025-03-11,baseline,Control,5
209,2025-03-12,baseline,Control,5
209,2025-03-13,baseline,Control,7
209,2025-03-14,baseline,Control,5
209,2025-03-17,baseline,Control,3
209,2025-03-18,baseline,Control,6
209,2025-03-19,baseline,Control,4
209,2025-03-20,baseline,Control,6
209,2025-03-21,baseline,Control,6
209,2025-03-24,baseline,Control,4
209,2025-03-25,baseline,Control,5
209,2025-03-26,baseline,Control,4
209,2025-03-27,baseline,Control,5
209,2025-03-28,baseline,Control,5
209,2025-03-31,intervencion,Control,6
209,2025-04-01,intervencion,Control,5
209,2025-04-02,intervencion,Control,5
209,2025-04-03,intervencion,Control,7
209,2025-04-04,intervencion,Control,4
209,2025-04-07,intervencion,Control,3
209,2025-04-08,intervencion,Control,3
209,2025-04-09,intervencion,Control,6
209,2025-04-10,intervencion,Control,5
209,2025-04-11,intervencion,Control,5
209,2025-04-14,intervencion,Control,4
209,2025-04-15,intervencion,Control,4
209,2025-04-16,intervencion,Control,4
209,2025-04-17,intervencion,Control,5
209,2025-04-18,intervencion,Control,5
209,2025-04-21,intervencion,Control,5
209,2025-04-22,intervencion,Control,5
209,2025-04-23,intervencion,Control,4
209,2025-04-24,intervencion,Control,3
209,2025-04-25,intervencion,Control,3
210,2025-03-03,baseline,Control,7
210,2025-03-04,baseline,Control,6
210,2025-03-05,baseline,Control,6
210,2025-03-06,baseline,Control,4
210,2025-03-07,baseline,Control,5
210,2025-03-10,baseline,Control,4
210,2025-03-11,baseline,Control,3
210,2025-03-12,baseline,Control,4
210,2025-03-13,baseline,Control,6
210,2025-03-14,baseline,Control,5
210,2025-03-17,baseline,Control,4
210,2025-03-18,baseline,Control,4
210,2025-03-19,baseline,Control,5
210,2025-03-20,baseline,Control,4
210,2025-03-21,baseline,Control,5
210,2025-03-24,baseline,Control,5
210,2025-03-25,baseline,Control,5
210,2025-03-26,baseline,Control,5
210,2025-03-27,baseline,Control,4
210,2025-03-28,baseline,Control,4
210,2025-03-31,intervencion,Control,4
210,2025-04-01,intervencion,Control,3
210,2025-04-02,intervencion,Control,4
210,2025-04-03,intervencion,Control,5
210,2025-04-04,intervencion,Control,3
210,2025-04-07,intervencion,Control,5
210,2025-04-08,intervencion,Control,5
210,2025-04-09,intervencion,Control,3
210,2025-04-10,intervencion,Control,4
210,2025-04-11,intervencion,Control,6
210,2025-04-14,intervencion,Control,5
210,2025-04-15,intervencion,Control,3
210,2025-04-16,intervencion,Control,5
210,2025-04-17,intervencion,Control,4
210,2025-04-18,intervencion,Control,5
210,2025-04-21,intervencion,Control,4
210,2025-04-22,intervencion,Control,5
210,2025-04-23,intervencion,Control,4
210,2025-04-24,intervencion,Control,5
210,2025-04-25,intervencion,Control,4
211,2025-03-03,baseline,Control,4
211,2025-03-04,baseline,Control,4
211,2025-03-05,baseline,Control,5
211,2025-03-06,baseline,Control,5
211,2025-03-07,baseline,Control,3
211,2025-03-10,baseline,Control,5
211,2025-03-11,baseline,Control,4
211,2025-03-12,baseline,Control,5
211,2025-03-13,baseline,Control,5
211,2025-03-14,baseline,Control,5
211,2025-03-17,baseline,Control,6
211,2025-03-18,baseline,Control,4
211,2025-03-19,baseline,Control,6
211,2025-03-20,baseline,Control,5
211,2025-03-21,baseline,Control,5
211,2025-03-24,baseline,Control,5
211,2025-03-25,baseline,Control,6
211,2025-03-26,baseline,Control,5
211,2025-03-27,baseline,Control,4
211,2025-03-28,baseline,Control,4
211,2025-03-31,intervencion,Control,5
211,2025-04-01,intervencion,Control,4
211,2025-04-02,intervencion,Control,4
211,2025-04-03,intervencion,Control,3
211,2025-04-04,intervencion,Control,3
211,2025-04-07,intervencion,Control,6
211,2025-04-08,intervencion,Control,4
211,2025-04-09,intervencion,Control,6
211,2025-04-10,intervencion,Control,5
211,2025-04-11,intervencion,Control,5
211,2025-04-14,intervencion,Control,3
211,2025-04-15,intervencion,Control,5
211,2025-04-16,intervencion,Control,6
211,2025-04-17,intervencion,Control,6
211,2025-04-18,intervencion,Control,5
211,2025-04-21,intervencion,Control,4
211,2025-04-22,intervencion,Control,4
211,2025-04-23,intervencion,Control,4
211,2025-04-24,intervencion,Control,6
211,2025-04-25,intervencion,Control,6
212,2025-03-03,baseline,Control,5
212,2025-03-04,baseline,Control,4
212,2025-03-05,baseline,Control,6
212,2025-03-06,baseline,Control,4
212,2025-03-07,baseline,Control,5
212,2025-03-10,baseline,Control,5
212,2025-03-11,baseline,Control,4
212,2025-03-12,baseline,Control,4
212,2025-03-13,baseline,Control,4
212,2025-03-14,baseline,Control,6
212,2025-03-17,baseline,Control,6
212,2025-03-18,baseline,Control,5
212,2025-03-19,baseline,Control,4
212,2025-03-20,baseline,Control,4
212,2025-03-21,baseline,Control,5
212,2025-03-24,baseline,Control,4
212,2025-03-25,baseline,Control,5
212,2025-03-26,baseline,Control,5
212,2025-03-27,baseline,Control,4
212,2025-03-28,baseline,Control,4
212,2025-03-31,intervencion,Control,4
212,2025-04-01,intervencion,Control,4
212,2025-04-02,intervencion,Control,4
212,2025-04-03,intervencion,Control,5
212,2025-04-04,intervencion,Control,3
212,2025-04-07,intervencion,Control,6
212,2025-04-08,intervencion,Control,5
212,2025-04-09,intervencion,Control,5
212,2025-04-10,intervencion,Control,5
212,2025-04-11,intervencion,Control,4
212,2025-04-14,intervencion,Control,4
212,2025-04-15,intervencion,Control,4
212,2025-04-16,intervencion,Control,4
212,2025-04-17,intervencion,Control,5
212,2025-04-18,intervencion,Control,4
212,2025-04-21,intervencion,Control,5
212,2025-04-22,intervencion,Control,2
212,2025-04-23,intervencion,Control,4
212,2025-04-24,intervencion,Control,6
212,2025-04-25,intervencion,Control,4
213,2025-03-03,baseline,Control,4
213,2025-03-04,baseline,Control,4
213,2025-03-05,baseline,Control,2
213,2025-03-06,baseline,Control,4
213,2025-03-07,baseline,Control,6
213,2025-03-10,baseline,Control,4
213,2025-03-11,baseline,Control,4
213,2025-03-12,baseline,Control,3
213,2025-03-13,baseline,Control,3
213,2025-03-14,baseline,Control,6
213,2025-03-17,baseline,Control,5
213,2025-03-18,baseline,Control,3
213,2025-03-19,baseline,Control,4
213,2025-03-20,baseline,Control,5
213,2025-03-21,baseline,Control,4
213,2025-03-24,baseline,Control,3
213,2025-03-25,baseline,Control,4
213,2025-03-26,baseline,Control,5
213,2025-03-27,baseline,Control,5
213,2025-03-28,baseline,Control,5
213,2025-03-31,intervencion,Control,3
213,2025-04-01,intervencion,Control,5
213,2025-04-02,intervencion,Control,4
213,2025-04-03,intervencion,Control,5
213,2025-04-04,intervencion,Control,4
213,2025-04-07,intervencion,Control,4
213,2025-04-08,intervencion,Control,2
213,2025-04-09,intervencion,Control,6
213,2025-04-10,intervencion,Control,5
213,2025-04-11,intervencion,Control,3
213,2025-04-14,intervencion,Control,5
213,2025-04-15,intervencion,Control,4
213,2025-04-16,intervencion,Control,4
213,2025-04-17,intervencion,Control,4
213,2025-04-18,intervencion,Control,5
213,2025-04-21,intervencion,Control,4
213,2025-04-22,intervencion,Control,4
213,2025-04-23,intervencion,Control,6
213,2025-04-24,intervencion,Control,4
213,2025-04-25,intervencion,Control,4
214,2025-03-03,baseline,Tratamiento,5
214,2025-03-04,baseline,Tratamiento,4
214,2025-03-05,baseline,Tratamiento,4
214,2025-03-06,baseline,Tratamiento,5
214,2025-03-07,baseline,Tratamiento,3
214,2025-03-10,baseline,Tratamiento,5
214,2025-03-11,baseline,Tratamiento,4
214,2025-03-12,baseline,Tratamiento,5
214,2025-03-13,baseline,Tratamiento,5
214,2025-03-14,baseline,Tratamiento,5
214,2025-03-17,baseline,Tratamiento,3
214,2025-03-18,baseline,Tratamiento,5
214,2025-03-19,baseline,Tratamiento,4
214,2025-03-20,baseline,Tratamiento,5
214,2025-03-21,baseline,Tratamiento,3
214,2025-03-24,baseline,Tratamiento,3
214,2025-03-25,baseline,Tratamiento,6
214,2025-03-26,baseline,Tratamiento,5
214,2025-03-27,baseline,Tratamiento,4
214,2025-03-28,baseline,Tratamiento,4
214,2025-03-31,intervencion,Tratamiento,4
214,2025-04-01,intervencion,Tratamiento,5
214,2025-04-02,intervencion,Tratamiento,5
214,2025-04-03,intervencion,Tratamiento,6
214,2025-04-04,intervencion,Tratamiento,5
214,2025-04-07,intervencion,Tratamiento,5
214,2025-04-08,intervencion,Tratamiento,4
214,2025-04-09,intervencion,Tratamiento,5
214,2025-04-10,intervencion,Tratamiento,5
214,2025-04-11,intervencion,Tratamiento,5
214,2025-04-14,intervencion,Tratamiento,5
214,2025-04-15,intervencion,Tratamiento,5
214,2025-04-16,intervencion,Tratamiento,6
214,2025-04-17,intervencion,Tratamiento,5
214,2025-04-18,intervencion,Tratamiento,6
214,2025-04-21,intervencion,Tratamiento,6
214,2025-04-22,intervencion,Tratamiento,6
214,2025-04-23,intervencion,Tratamiento,4
214,2025-04-24,intervencion,Tratamiento,5
214,2025-04-25,intervencion,Tratamiento,5
215,2025-03-03,baseline,Control,5
215,2025-03-04,baseline,Control,5
215,2025-03-05,baseline,Control,5
215,2025-03-06,baseline,Control,5
215,2025-03-07,baseline,Control,4
215,2025-03-10,baseline,Control,5
215,2025-03-11,baseline,Control,6
215,2025-03-12,baseline,Control,5
215,2025-03-13,baseline,Control,5
215,2025-03-14,baseline,Control,5
215,2025-03-17,baseline,Control,4
215,2025-03-18,baseline,Control,5
215,2025-03-19,baseline,Control,5
215,2025-03-20,baseline,Control,3
215,2025-03-21,baseline,Control,5
215,2025-03-24,baseline,Control,3
215,2025-03-25,baseline,Control,4
215,2025-03-26,baseline,Control,5
215,2025-03-27,baseline,Control,4
215,2025-03-28,baseline,Control,5
215,2025-03-31,intervencion,Control,5
215,2025-04-01,intervencion,Control,4
215,2025-04-02,intervencion,Control,5
215,2025-04-03,intervencion,Control,4
215,2025-04-04,intervencion,Control,7
215,2025-04-07,intervencion,Control,5
215,2025-04-08,intervencion,Control,4
215,2025-04-09,intervencion,Control,4
215,2025-04-10,intervencion,Control,6
215,2025-04-11,intervencion,Control,4
215,2025-04-14,intervencion,Control,3
215,2025-04-15,intervencion,Control,5
215,2025-04-16,intervencion,Control,4
215,2025-04-17,intervencion,Control,5
215,2025-04-18,intervencion,Control,5
215,2025-04-21,intervencion,Control,5
215,2025-04-22,intervencion,Control,7
215,2025-04-23,intervencion,Control,3
215,2025-04-24,intervencion,Control,4
215,2025-04-25,intervencion,Control,4
216,2025-03-03,baseline,Control,7
216,2025-03-04,baseline,Control,6
216,2025-03-05,baseline,Control,6
216,2025-03-06,baseline,Control,4
216,2025-03-07,baseline,Control,4
216,2025-03-10,baseline,Control,4
216,2025-03-11,baseline,Control,4
216,2025-03-12,baseline,Control,6
216,2025-03-13,baseline,Control,4
216,2025-03-14,baseline,Control,4
216,2025-03-17,baseline,Control,5
216,2025-03-18,baseline,Control,3
216,2025-03-19,baseline,Control,5
216,2025-03-20,baseline,Control,4
216,2025-03-21,baseline,Control,4
216,2025-03-24,baseline,Control,4
216,2025-03-25,baseline,Control,4
216,2025-03-26,baseline,Control,5
216,2025-03-27,baseline,Control,5
216,2025-03-28,baseline,Control,4
216,2025-03-31,intervencion,Control,5
216,2025-04-01,intervencion,Control,4
216,2025-04-02,intervencion,Control,5
216,2025-04-03,intervencion,Control,4
216,2025-04-04,intervencion,Control,4
216,2025-04-07,intervencion,Control,4
216,2025-04-08,intervencion,Control,4
216,2025-04-09,intervencion,Control,6
216,2025-04-10,intervencion,Control,5
216,2025-04-11,intervencion,Control,4
216,2025-04-14,intervencion,Control,5
216,2025-04-15,intervencion,Control,4
216,2025-04-16,intervencion,Control,5
216,2025-04-17,intervencion,Control,4
216,2025-04-18,intervencion,Control,6
216,2025-04-21,intervencion,Control,4
216,2025-04-22,intervencion,Control,6
216,2025-04-23,intervencion,Control,4
216,2025-04-24,intervencion,Control,4
216,2025-04-25,intervencion,Control,6
217,2025-03-03,baseline,Tratamiento,5
217,2025-03-04,baseline,Tratamiento,7
217,2025-03-05,baseline,Tratamiento,4
217,2025-03-06,baseline,Tratamiento,5
217,2025-03-07,baseline,Tratamiento,6
217,2025-03-10,baseline,Tratamiento,3
217,2025-03-11,baseline,Tratamiento,3
217,2025-03-12,baseline,Tratamiento,4
217,2025-03-13,baseline,Tratamiento,5
217,2025-03-14,baseline,Tratamiento,3
217,2025-03-17,baseline,Tratamiento,5
217,2025-03-18,baseline,Tratamiento,5
217,2025-03-19,baseline,Tratamiento,6
217,2025-03-20,baseline,Tratamiento,6
217,2025-03-21,baseline,Tratamiento,5
217,2025-03-24,baseline,Tratamiento,6
217,2025-03-25,baseline,Tratamiento,5
217,2025-03-26,baseline,Tratamiento,4
217,2025-03-27,baseline,Tratamiento,4
217,2025-03-28,baseline,Tratamiento,4
217,2025-03-31,intervencion,Tratamiento,5
217,2025-04-01,intervencion,Tratamiento,5
217,2025-04-02,intervencion,Tratamiento,3
217,2025-04-03,intervencion,Tratamiento,5
217,2025-04-04,intervencion,Tratamiento,5
217,2025-04-07,intervencion,Tratamiento,5
217,2025-04-08,intervencion,Tratamiento,6
217,2025-04-09,intervencion,Tratamiento,5
217,2025-04-10,intervencion,Tratamiento,4
217,2025-04-11,intervencion,Tratamiento,3
217,2025-04-14,intervencion,Tratamiento,6
217,2025-04-15,intervencion,Tratamiento,4
217,2025-04-16,intervencion,Tratamiento,6
217,2025-04-17,intervencion,Tratamiento,6
217,2025-04-18,intervencion,Tratamiento,4
217,2025-04-21,intervencion,Tratamiento,5
217,2025-04-22,intervencion,Tratamiento,6
217,2025-04-23,intervencion,Tratamiento,6
217,2025-04-24,intervencion,Tratamiento,3
217,2025-04-25,intervencion,Tratamiento,4
218,2025-03-03,baseline,Tratamiento,3
218,2025-03-04,baseline,Tratamiento,5
218,2025-03-05,baseline,Tratamiento,5
218,2025-03-06,baseline,Tratamiento,2
218,2025-03-07,baseline,Tratamiento,4
218,2025-03-10,baseline,Tratamiento,5
218,2025-03-11,baseline,Tratamiento,5
218,2025-03-12,baseline,Tratamiento,5
218,2025-03-13,baseline,Tratamiento,4
218,2025-03-14,baseline,Tratamiento,4
218,2025-03-17,baseline,Tratamiento,5
218,2025-03-18,baseline,Tratamiento,5
218,2025-03-19,baseline,Tratamiento,5
218,2025-03-20,baseline,Tratamiento,5
218,2025-03-21,baseline,Tratamiento,5
218,2025-03-24,baseline,Tratamiento,6
218,2025-03-25,baseline,Tratamiento,4
218,2025-03-26,baseline,Tratamiento,3
218,2025-03-27,baseline,Tratamiento,5
218,2025-03-28,baseline,Tratamiento,5
218,2025-03-31,intervencion,Tratamiento,5
218,2025-04-01,intervencion,Tratamiento,4
218,2025-04-02,intervencion,Tratamiento,7
218,2025-04-03,intervencion,Tratamiento,6
218,2025-04-04,intervencion,Tratamiento,5
218,2025-04-07,intervencion,Tratamiento,4
218,2025-04-08,intervencion,Tratamiento,6
218,2025-04-09,intervencion,Tratamiento,4
218,2025-04-10,intervencion,Tratamiento,7
218,2025-04-11,intervencion,Tratamiento,4
218,2025-04-14,intervencion,Tratamiento,6
218,2025-04-15,intervencion,Tratamiento,5
218,2025-04-16,intervencion,Tratamiento,6
218,2025-04-17,intervencion,Tratamiento,4
218,2025-04-18,intervencion,Tratamiento,5
218,2025-04-21,intervencion,Tratamiento,6
218,2025-04-22,intervencion,Tratamiento,6
218,2025-04-23,intervencion,Tratamiento,6
218,2025-04-24,intervencion,Tratamiento,5
218,2025-04-25,intervencion,Tratamiento,5
219,2025-03-03,baseline,Tratamiento,6
219,2025-03-04,baseline,Tratamiento,4
219,2025-03-05,baseline,Tratamiento,5
219,2025-03-06,baseline,Tratamiento,4
219,2025-03-07,baseline,Tratamiento,5
219,2025-03-10,baseline,Tratamiento,5
219,2025-03-11,baseline,Tratamiento,4
219,2025-03-12,baseline,Tratamiento,4
219,2025-03-13,baseline,Tratamiento,5
219,2025-03-14,baseline,Tratamiento,5
219,2025-03-17,baseline,Tratamiento,6
219,2025-03-18,baseline,Tratamiento,6
219,2025-03-19,baseline,Tratamiento,5
219,2025-03-20,baseline,Tratamiento,4
219,2025-03-21,baseline,Tratamiento,4
219,2025-03-24,baseline,Tratamiento,6
219,2025-03-25,baseline,Tratamiento,4
219,2025-03-26,baseline,Tratamiento,5
219,2025-03-27,baseline,Tratamiento,5
219,2025-03-28,baseline,Tratamiento,4
219,2025-03-31,intervencion,Tratamiento,4
219,2025-04-01,intervencion,Tratamiento,4
219,2025-04-02,intervencion,Tratamiento,4
219,2025-04-03,intervencion,Tratamiento,4
219,2025-04-04,intervencion,Tratamiento,6
219,2025-04-07,intervencion,Tratamiento,5
219,2025-04-08,intervencion,Tratamiento,4
219,2025-04-09,intervencion,Tratamiento,5
219,2025-04-10,intervencion,Tratamiento,6
219,2025-04-11,intervencion,Tratamiento,5
219,2025-04-14,intervencion,Tratamiento,6
219,2025-04-15,intervencion,Tratamiento,4
219,2025-04-16,intervencion,Tratamiento,6
219,2025-04-17,intervencion,Tratamiento,5
219,2025-04-18,intervencion,Tratamiento,5
219,2025-04-21,intervencion,Tratamiento,4
219,2025-04-22,intervencion,Tratamiento,4
219,2025-04-23,intervencion,Tratamiento,3
219,2025-04-24,intervencion,Tratamiento,4
219,2025-04-25,intervencion,Tratamiento,5
220,2025-03-03,baseline,Control,4
220,2025-03-04,baseline,Control,3
220,2025-03-05,baseline,Control,4
220,2025-03-06,baseline,Control,4
220,2025-03-07,baseline,Control,4
220,2025-03-10,baseline,Control,4
220,2025-03-11,baseline,Control,6
220,2025-03-12,baseline,Control,6
220,2025-03-13,baseline,Control,6
220,2025-03-14,baseline,Control,3
220,2025-03-17,baseline,Control,4
220,2025-03-18,baseline,Control,5
220,2025-03-19,baseline,Control,4
220,2025-03-20,baseline,Control,5
220,2025-03-21,baseline,Control,5
220,2025-03-24,baseline,Control,6
220,2025-03-25,baseline,Control,6
220,2025-03-26,baseline,Control,6
220,2025-03-27,baseline,Control,4
220,2025-03-28,baseline,Control,5
220,2025-03-31,intervencion,Control,4
220,2025-04-01,intervencion,Control,3
220,2025-04-02,intervencion,Control,6
220,2025-04-03,intervencion,Control,5
220,2025-04-04,intervencion,Control,4
220,2025-04-07,intervencion,Control,6
220,2025-04-08,intervencion,Control,4
220,2025-04-09,intervencion,Control,3
220,2025-04-10,intervencion,Control,6
220,2025-04-11,intervencion,Control,3
220,2025-04-14,intervencion,Control,4
220,2025-04-15,intervencion,Control,5
220,2025-04-16,intervencion,Control,5
220,2025-04-17,intervencion,Control,5
220,2025-04-18,intervencion,Control,5
220,2025-04-21,intervencion,Control,5
220,2025-04-22,intervencion,Control,4
220,2025-04-23,intervencion,Control,5
220,2025-04-24,intervencion,Control,3
220,2025-04-25,intervencion,Control,6
221,2025-03-03,baseline,Tratamiento,3
221,2025-03-04,baseline,Tratamiento,4
221,2025-03-05,baseline,Tratamiento,3
221,2025-03-06,baseline,Tratamiento,4
221,2025-03-07,baseline,Tratamiento,5
221,2025-03-10,baseline,Tratamiento,4
221,2025-03-11,baseline,Tratamiento,6
221,2025-03-12,baseline,Tratamiento,5
221,2025-03-13,baseline,Tratamiento,4
221,2025-03-14,baseline,Tratamiento,4
221,2025-03-17,baseline,Tratamiento,6
221,2025-03-18,baseline,Tratamiento,5
221,2025-03-19,baseline,Tratamiento,4
221,2025-03-20,baseline,Tratamiento,4
221,2025-03-21,baseline,Tratamiento,5
221,2025-03-24,baseline,Tratamiento,5
221,2025-03-25,baseline,Tratamiento,4
221,2025-03-26,baseline,Tratamiento,5
221,2025-03-27,baseline,Tratamiento,4
221,2025-03-28,baseline,Tratamiento,6
221,2025-03-31,intervencion,Tratamiento,5
221,2025-04-01,intervencion,Tratamiento,4
221,2025-04-02,intervencion,Tratamiento,4
221,2025-04-03,intervencion,Tratamiento,4
221,2025-04-04,intervencion,Tratamiento,5
221,2025-04-07,intervencion,Tratamiento,5
221,2025-04-08,intervencion,Tratamiento,4
221,2025-04-09,intervencion,Tratamiento,4
221,2025-04-10,intervencion,Tratamiento,5
221,2025-04-11,intervencion,Tratamiento,5
221,2025-04-14,intervencion,Tratamiento,5
221,2025-04-15,intervencion,Tratamiento,5
221,2025-04-16,intervencion,Tratamiento,4
221,2025-04-17,intervencion,Tratamiento,5
221,2025-04-18,intervencion,Tratamiento,7
221,2025-04-21,intervencion,Tratamiento,6
221,2025-04-22,intervencion,Tratamiento,5
221,2025-04-23,intervencion,Tratamiento,4
221,2025-04-24,intervencion,Tratamiento,2
221,2025-04-25,intervencion,Tratamiento,6
222,2025-03-03,baseline,Tratamiento,5
222,2025-03-04,baseline,Tratamiento,4
222,2025-03-05,baseline,Tratamiento,3
222,2025-03-06,baseline,Tratamiento,4
222,2025-03-07,baseline,Tratamiento,5
222,2025-03-10,baseline,Tratamiento,5
222,2025-03-11,baseline,Tratamiento,5
222,2025-03-12,baseline,Tratamiento,5
222,2025-03-13,baseline,Tratamiento,5
222,2025-03-14,baseline,Tratamiento,5
222,2025-03-17,baseline,Tratamiento,5
222,2025-03-18,baseline,Tratamiento,3
222,2025-03-19,baseline,Tratamiento,3
222,2025-03-20,baseline,Tratamiento,4
222,2025-03-21,baseline,Tratamiento,6
222,2025-03-24,baseline,Tratamiento,6
222,2025-03-25,baseline,Tratamiento,4
222,2025-03-26,baseline,Tratamiento,4
222,2025-03-27,baseline,Tratamiento,3
222,2025-03-28,baseline,Tratamiento,5
222,2025-03-31,intervencion,Tratamiento,4
222,2025-04-01,intervencion,Tratamiento,7
222,2025-04-02,intervencion,Tratamiento,4
222,2025-04-03,intervencion,Tratamiento,7
222,2025-04-04,intervencion,Tratamiento,6
222,2025-04-07,intervencion,Tratamiento,4
222,2025-04-08,intervencion,Tratamiento,5
222,2025-04-09,intervencion,Tratamiento,6
222,2025-04-10,intervencion,Tratamiento,5
222,2025-04-11,intervencion,Tratamiento,6
222,2025-04-14,intervencion,Tratamiento,6
222,2025-04-15,intervencion,Tratamiento,5
222,2025-04-16,intervencion,Tratamiento,5
222,2025-04-17,intervencion,Tratamiento,4
222,2025-04-18,intervencion,Tratamiento,5
222,2025-04-21,intervencion,Tratamiento,5
222,2025-04-22,intervencion,Tratamiento,3
222,2025-04-23,intervencion,Tratamiento,5
222,2025-04-24,intervencion,Tratamiento,5
222,2025-04-25,intervencion,Tratamiento,4
223,2025-03-03,baseline,Control,4
223,2025-03-04,baseline,Control,4
223,2025-03-05,baseline,Control,6
223,2025-03-06,baseline,Control,5
223,2025-03-07,baseline,Control,6
223,2025-03-10,baseline,Control,4
223,2025-03-11,baseline,Control,3
223,2025-03-12,baseline,Control,5
223,2025-03-13,baseline,Control,4
223,2025-03-14,baseline,Control,4
223,2025-03-17,baseline,Control,4
223,2025-03-18,baseline,Control,5
223,2025-03-19,baseline,Control,6
223,2025-03-20,baseline,Control,5
223,2025-03-21,baseline,Control,6
223,2025-03-24,baseline,Control,6
223,2025-03-25,baseline,Control,3
223,2025-03-26,baseline,Control,4
223,2025-03-27,baseline,Control,3
223,2025-03-28,baseline,Control,5
223,2025-03-31,intervencion,Control,4
223,2025-04-01,intervencion,Control,4
223,2025-04-02,intervencion,Control,4
223,2025-04-03,intervencion,Control,5
223,2025-04-04,intervencion,Control,3
223,2025-04-07,intervencion,Control,3
223,2025-04-08,intervencion,Control,5
223,2025-04-09,intervencion,Control,6
223,2025-04-10,intervencion,Control,5
223,2025-04-11,intervencion,Control,4
223,2025-04-14,intervencion,Control,3
223,2025-04-15,intervencion,Control,5
223,2025-04-16,intervencion,Control,4
223,2025-04-17,intervencion,Control,4
223,2025-04-18,intervencion,Control,3
223,2025-04-21,intervencion,Control,3
223,2025-04-22,intervencion,Control,4
223,2025-04-23,intervencion,Control,4
223,2025-04-24,intervencion,Control,4
223,2025-04-25,intervencion,Control,5
224,2025-03-03,baseline,Control,4
224,2025-03-04,baseline,Control,7
224,2025-03-05,baseline,Control,3
224,2025-03-06,baseline,Control,5
224,2025-03-07,baseline,Control,5
224,2025-03-10,baseline,Control,4
224,2025-03-11,baseline,Control,5
224,2025-03-12,baseline,Control,5
224,2025-03-13,baseline,Control,5
224,2025-03-14,baseline,Control,6
224,2025-03-17,baseline,Control,3
224,2025-03-18,baseline,Control,4
224,2025-03-19,baseline,Control,6
224,2025-03-20,baseline,Control,5
224,2025-03-21,baseline,Control,5
224,2025-03-24,baseline,Control,6
224,2025-03-25,baseline,Control,3
224,2025-03-26,baseline,Control,5
224,2025-03-27,baseline,Control,6
224,2025-03-28,baseline,Control,4
224,2025-03-31,intervencion,Control,7
224,2025-04-01,intervencion,Control,5
224,2025-04-02,intervencion,Control,3
224,2025-04-03,intervencion,Control,5
224,2025-04-04,intervencion,Control,4
224,2025-04-07,intervencion,Control,6
224,2025-04-08,intervencion,Control,5
224,2025-04-09,intervencion,Control,4
224,2025-04-10,intervencion,Control,6
224,2025-04-11,intervencion,Control,5
224,2025-04-14,intervencion,Control,4
224,2025-04-15,intervencion,Control,4
224,2025-04-16,intervencion,Control,5
224,2025-04-17,intervencion,Control,4
224,2025-04-18,intervencion,Control,4
224,2025-04-21,intervencion,Control,5
224,2025-04-22,intervencion,Control,4
224,2025-04-23,intervencion,Control,3
224,2025-04-24,intervencion,Control,5
224,2025-04-25,intervencion,Control,3
225,2025-03-03,baseline,Control,4
225,2025-03-04,baseline,Control,3
225,2025-03-05,baseline,Control,3
225,2025-03-06,baseline,Control,5
225,2025-03-07,baseline,Control,4
225,2025-03-10,baseline,Control,4
225,2025-03-11,baseline,Control,3
225,2025-03-12,baseline,Control,4
225,2025-03-13,baseline,Control,5
225,2025-03-14,baseline,Control,5
225,2025-03-17,baseline,Control,5
225,2025-03-18,baseline,Control,5
225,2025-03-19,baseline,Control,4
225,2025-03-20,baseline,Control,3
225,2025-03-21,baseline,Control,4
225,2025-03-24,baseline,Control,5
225,2025-03-25,baseline,Control,4
225,2025-03-26,baseline,Control,4
225,2025-03-27,baseline,Control,5
225,2025-03-28,baseline,Control,7
225,2025-03-31,intervencion,Control,4
225,2025-04-01,intervencion,Control,5
225,2025-04-02,intervencion,Control,3
225,2025-04-03,intervencion,Control,6
225,2025-04-04,intervencion,Control,5
225,2025-04-07,intervencion,Control,5
225,2025-04-08,intervencion,Control,6
225,2025-04-09,intervencion,Control,4
225,2025-04-10,intervencion,Control,4
225,2025-04-11,intervencion,Control,6
225,2025-04-14,intervencion,Control,5
225,2025-04-15,intervencion,Control,3
225,2025-04-16,intervencion,Control,5
225,2025-04-17,intervencion,Control,4
225,2025-04-18,intervencion,Control,5
225,2025-04-21,intervencion,Control,5
225,2025-04-22,intervencion,Control,3
225,2025-04-23,intervencion,Control,5
225,2025-04-24,intervencion,Control,5
225,2025-04-25,intervencion,Control,5
226,2025-03-03,baseline,Control,5
226,2025-03-04,baseline,Control,6
226,2025-03-05,baseline,Control,5
226,2025-03-06,baseline,Control,5
226,2025-03-07,baseline,Control,6
226,2025-03-10,baseline,Control,7
226,2025-03-11,baseline,Control,5
226,2025-03-12,baseline,Control,5
226,2025-03-13,baseline,Control,5
226,2025-03-14,baseline,Control,5
226,2025-03-17,baseline,Control,5
226,2025-03-18,baseline,Control,7
226,2025-03-19,baseline,Control,4
226,2025-03-20,baseline,Control,6
226,2025-03-21,baseline,Control,4
226,2025-03-24,baseline,Control,3
226,2025-03-25,baseline,Control,4
226,2025-03-26,baseline,Control,4
226,2025-03-27,baseline,Control,5
226,2025-03-28,baseline,Control,5
226,2025-03-31,intervencion,Control,4
226,2025-04-01,intervencion,Control,6
226,2025-04-02,intervencion,Control,6
226,2025-04-03,intervencion,Control,6
226,2025-04-04,intervencion,Control,5
226,2025-04-07,intervencion,Control,5
226,2025-04-08,intervencion,Control,5
226,2025-04-09,intervencion,Control,4
226,2025-04-10,intervencion,Control,5
226,2025-04-11,intervencion,Control,4
226,2025-04-14,intervencion,Control,3
226,2025-04-15,intervencion,Control,5
226,2025-04-16,intervencion,Control,4
226,2025-04-17,intervencion,Control,4
226,2025-04-18,intervencion,Control,5
226,2025-04-21,intervencion,Control,6
226,2025-04-22,intervencion,Control,4
226,2025-04-23,intervencion,Control,4
226,2025-04-24,intervencion,Control,4
226,2025-04-25,intervencion,Control,4
227,2025-03-03,baseline,Control,4
227,2025-03-04,baseline,Control,4
227,2025-03-05,baseline,Control,5
227,2025-03-06,baseline,Control,5
227,2025-03-07,baseline,Control,4
227,2025-03-10,baseline,Control,6
227,2025-03-11,baseline,Control,5
227,2025-03-12,baseline,Control,4
227,2025-03-13,baseline,Control,6
227,2025-03-14,baseline,Control,5
227,2025-03-17,baseline,Control,4
227,2025-03-18,baseline,Control,5
227,2025-03-19,baseline,Control,5
227,2025-03-20,baseline,Control,5
227,2025-03-21,baseline,Control,5
227,2025-03-24,baseline,Control,4
227,2025-03-25,baseline,Control,3
227,2025-03-26,baseline,Control,5
227,2025-03-27,baseline,Control,4
227,2025-03-28,baseline,Control,5
227,2025-03-31,intervencion,Control,5
227,2025-04-01,intervencion,Control,4
227,2025-04-02,intervencion,Control,6
227,2025-04-03,intervencion,Control,5
227,2025-04-04,intervencion,Control,5
227,2025-04-07,intervencion,Control,4
227,2025-04-08,intervencion,Control,6
227,2025-04-09,intervencion,Control,4
227,2025-04-10,intervencion,Control,4
227,2025-04-11,intervencion,Control,3
227,2025-04-14,intervencion,Control,5
227,2025-04-15,intervencion,Control,4
227,2025-04-16,intervencion,Control,4
227,2025-04-17,intervencion,Control,4
227,2025-04-18,intervencion,Control,5
227,2025-04-21,intervencion,Control,3
227,2025-04-22,intervencion,Control,3
227,2025-04-23,intervencion,Control,5
227,2025-04-24,intervencion,Control,3
227,2025-04-25,intervencion,Control,5
228,2025-03-03,baseline,Tratamiento,6
228,2025-03-04,baseline,Tratamiento,4
228,2025-03-05,baseline,Tratamiento,6
228,2025-03-06,baseline,Tratamiento,5
228,2025-03-07,baseline,Tratamiento,6
228,2025-03-10,baseline,Tratamiento,4
228,2025-03-11,baseline,Tratamiento,2
228,2025-03-12,baseline,Tratamiento,5
228,2025-03-13,baseline,Tratamiento,6
228,2025-03-14,baseline,Tratamiento,5
228,2025-03-17,baseline,Tratamiento,4
228,2025-03-18,baseline,Tratamiento,5
228,2025-03-19,baseline,Tratamiento,5
228,2025-03-20,baseline,Tratamiento,5
228,2025-03-21,baseline,Tratamiento,7
228,2025-03-24,baseline,Tratamiento,4
228,2025-03-25,baseline,Tratamiento,6
228,2025-03-26,baseline,Tratamiento,5
228,2025-03-27,baseline,Tratamiento,4
228,2025-03-28,baseline,Tratamiento,4
228,2025-03-31,intervencion,Tratamiento,6
228,2025-04-01,intervencion,Tratamiento,5
228,2025-04-02,intervencion,Tratamiento,5
228,2025-04-03,intervencion,Tratamiento,3
228,2025-04-04,intervencion,Tratamiento,6
228,2025-04-07,intervencion,Tratamiento,5
228,2025-04-08,intervencion,Tratamiento,5
228,2025-04-09,intervencion,Tratamiento,5
228,2025-04-10,intervencion,Tratamiento,5
228,2025-04-11,intervencion,Tratamiento,4
228,2025-04-14,intervencion,Tratamiento,5
228,2025-04-15,intervencion,Tratamiento,5
228,2025-04-16,intervencion,Tratamiento,7
228,2025-04-17,intervencion,Tratamiento,6
228,2025-04-18,intervencion,Tratamiento,4
228,2025-04-21,intervencion,Tratamiento,7
228,2025-04-22,intervencion,Tratamiento,5
228,2025-04-23,intervencion,Tratamiento,5
228,2025-04-24,intervencion,Tratamiento,6
228,2025-04-25,intervencion,Tratamiento,3
229,2025-03-03,baseline,Tratamiento,4
229,2025-03-04,baseline,Tratamiento,4
229,2025-03-05,baseline,Tratamiento,5
229,2025-03-06,baseline,Tratamiento,5
229,2025-03-07,baseline,Tratamiento,5
229,2025-03-10,baseline,Tratamiento,4
229,2025-03-11,baseline,Tratamiento,6
229,2025-03-12,baseline,Tratamiento,5
229,2025-03-13,baseline,Tratamiento,5
229,2025-03-14,baseline,Tratamiento,5
229,2025-03-17,baseline,Tratamiento,6
229,2025-03-18,baseline,Tratamiento,5
229,2025-03-19,baseline,Tratamiento,4
229,2025-03-20,baseline,Tratamiento,3
229,2025-03-21,baseline,Tratamiento,3
229,2025-03-24,baseline,Tratamiento,4
229,2025-03-25,baseline,Tratamiento,5
229,2025-03-26,baseline,Tratamiento,4
229,2025-03-27,baseline,Tratamiento,5
229,2025-03-28,baseline,Tratamiento,4
229,2025-03-31,intervencion,Tratamiento,4
229,2025-04-01,intervencion,Tratamiento,6
229,2025-04-02,intervencion,Tratamiento,6
229,2025-04-03,intervencion,Tratamiento,4
229,2025-04-04,intervencion,Tratamiento,5
229,2025-04-07,intervencion,Tratamiento,3
229,2025-04-08,intervencion,Tratamiento,4
229,2025-04-09,intervencion,Tratamiento,4
229,2025-04-10,intervencion,Tratamiento,6
229,2025-04-11,intervencion,Tratamiento,4
229,2025-04-14,intervencion,Tratamiento,4
229,2025-04-15,intervencion,Tratamiento,5
229,2025-04-16,intervencion,Tratamiento,5
229,2025-04-17,intervencion,Tratamiento,4
229,2025-04-18,intervencion,Tratamiento,7
229,2025-04-21,intervencion,Tratamiento,5
229,2025-04-22,intervencion,Tratamiento,5
229,2025-04-23,intervencion,Tratamiento,5
229,2025-04-24,intervencion,Tratamiento,5
229,2025-04-25,intervencion,Tratamiento,6
230,2025-03-03,baseline,Control,6
230,2025-03-04,baseline,Control,4
230,2025-03-05,baseline,Control,6
230,2025-03-06,baseline,Control,5
230,2025-03-07,baseline,Control,5
230,2025-03-10,baseline,Control,5
230,2025-03-11,baseline,Control,4
230,2025-03-12,baseline,Control,5
230,2025-03-13,baseline,Control,5
230,2025-03-14,baseline,Control,6
230,2025-03-17,baseline,Control,5
230,2025-03-18,baseline,Control,5
230,2025-03-19,baseline,Control,2
230,2025-03-20,baseline,Control,3
230,2025-03-21,baseline,Control,4
230,2025-03-24,baseline,Control,4
230,2025-03-25,baseline,Control,5
230,2025-03-26,baseline,Control,3
230,2025-03-27,baseline,Control,4
230,2025-03-28,baseline,Control,4
230,2025-03-31,intervencion,Control,6
230,2025-04-01,intervencion,Control,4
230,2025-04-02,intervencion,Control,5
230,2025-04-03,intervencion,Control,5
230,2025-04-04,intervencion,Control,5
230,2025-04-07,intervencion,Control,5
230,2025-04-08,intervencion,Control,5
230,2025-04-09,intervencion,Control,3
230,2025-04-10,intervencion,Control,4
230,2025-04-11,intervencion,Control,5
230,2025-04-14,intervencion,Control,5
230,2025-04-15,intervencion,Control,4
230,2025-04-16,intervencion,Control,6
230,2025-04-17,intervencion,Control,5
230,2025-04-18,intervencion,Control,4
230,2025-04-21,intervencion,Control,4
230,2025-04-22,intervencion,Control,6
230,2025-04-23,intervencion,Control,5
230,2025-04-24,intervencion,Control,6
230,2025-04-25,intervencion,Control,4
231,2025-03-03,baseline,Tratamiento,4
231,2025-03-04,baseline,Tratamiento,4
231,2025-03-05,baseline,Tratamiento,5
231,2025-03-06,baseline,Tratamiento,4
231,2025-03-07,baseline,Tratamiento,4
231,2025-03-10,baseline,Tratamiento,4
231,2025-03-11,baseline,Tratamiento,4
231,2025-03-12,baseline,Tratamiento,4
231,2025-03-13,baseline,Tratamiento,6
231,2025-03-14,baseline,Tratamiento,3
231,2025-03-17,baseline,Tratamiento,5
231,2025-03-18,baseline,Tratamiento,6
231,2025-03-19,baseline,Tratamiento,4
231,2025-03-20,baseline,Tratamiento,4
231,2025-03-21,baseline,Tratamiento,5
231,2025-03-24,baseline,Tratamiento,4
231,2025-03-25,baseline,Tratamiento,5
231,2025-03-26,baseline,Tratamiento,4
231,2025-03-27,baseline,Tratamiento,3
231,2025-03-28,baseline,Tratamiento,4
231,2025-03-31,intervencion,Tratamiento,4
231,2025-04-01,intervencion,Tratamiento,5
231,2025-04-02,intervencion,Tratamiento,6
231,2025-04-03,intervencion,Tratamiento,7
231,2025-04-04,intervencion,Tratamiento,5
231,2025-04-07,intervencion,Tratamiento,6
231,2025-04-08,intervencion,Tratamiento,5
231,2025-04-09,intervencion,Tratamiento,5
231,2025-04-10,intervencion,Tratamiento,3
231,2025-04-11,intervencion,Tratamiento,6
231,2025-04-14,intervencion,Tratamiento,4
231,2025-04-15,intervencion,Tratamiento,6
231,2025-04-16,intervencion,Tratamiento,5
231,2025-04-17,intervencion,Tratamiento,4
231,2025-04-18,intervencion,Tratamiento,5
231,2025-04-21,intervencion,Tratamiento,7
231,2025-04-22,intervencion,Tratamiento,6
231,2025-04-23,intervencion,Tratamiento,4
231,2025-04-24,intervencion,Tratamiento,4
231,2025-04-25,intervencion,Tratamiento,5
232,2025-03-03,baseline,Control,4
232,2025-03-04,baseline,Control,6
232,2025-03-05,baseline,Control,5
232,2025-03-06,baseline,Control,3
232,2025-03-07,baseline,Control,5
232,2025-03-10,baseline,Control,4
232,2025-03-11,baseline,Control,5
232,2025-03-12,baseline,Control,5
232,2025-03-13,baseline,Control,6
232,2025-03-14,baseline,Control,5
232,2025-03-17,baseline,Control,4
232,2025-03-18,baseline,Control,5
232,2025-03-19,baseline,Control,4
232,2025-03-20,baseline,Control,3
232,2025-03-21,baseline,Control,5
232,2025-03-24,baseline,Control,6
232,2025-03-25,baseline,Control,3
232,2025-03-26,baseline,Control,5
232,2025-03-27,baseline,Control,5
232,2025-03-28,baseline,Control,5
232,2025-03-31,intervencion,Control,4
232,2025-04-01,intervencion,Control,3
232,2025-04-02,intervencion,Control,3
232,2025-04-03,intervencion,Control,6
232,2025-04-04,intervencion,Control,4
232,2025-04-07,intervencion,Control,4
232,2025-04-08,intervencion,Control,6
232,2025-04-09,intervencion,Control,4
232,2025-04-10,intervencion,Control,5
232,2025-04-11,intervencion,Control,6
232,2025-04-14,intervencion,Control,6
232,2025-04-15,intervencion,Control,3
232,2025-04-16,intervencion,Control,4
232,2025-04-17,intervencion,Control,5
232,2025-04-18,intervencion,Control,6
232,2025-04-21,intervencion,Control,4
232,2025-04-22,intervencion,Control,4
232,2025-04-23,intervencion,Control,5
232,2025-04-24,intervencion,Control,5
232,2025-04-25,intervencion,Control,5
233,2025-03-03,baseline,Tratamiento,4
233,2025-03-04,baseline,Tratamiento,4
233,2025-03-05,baseline,Tratamiento,5
233,2025-03-06,baseline,Tratamiento,6
233,2025-03-07,baseline,Tratamiento,4
233,2025-03-10,baseline,Tratamiento,5
233,2025-03-11,baseline,Tratamiento,4
233,2025-03-12,baseline,Tratamiento,6
233,2025-03-13,baseline,Tratamiento,5
233,2025-03-14,baseline,Tratamiento,6
233,2025-03-17,baseline,Tratamiento,5
233,2025-03-18,baseline,Tratamiento,5
233,2025-03-19,baseline,Tratamiento,3
233,2025-03-20,baseline,Tratamiento,3
233,2025-03-21,baseline,Tratamiento,6
233,2025-03-24,baseline,Tratamiento,5
233,2025-03-25,baseline,Tratamiento,5
233,2025-03-26,baseline,Tratamiento,3
233,2025-03-27,baseline,Tratamiento,4
233,2025-03-28,baseline,Tratamiento,6
233,2025-03-31,intervencion,Tratamiento,7
233,2025-04-01,intervencion,Tratamiento,4
233,2025-04-02,intervencion,Tratamiento,6
233,2025-04-03,intervencion,Tratamiento,5
233,2025-04-04,intervencion,Tratamiento,5
233,2025-04-07,intervencion,Tratamiento,7
233,2025-04-08,intervencion,Tratamiento,5
233,2025-04-09,intervencion,Tratamiento,6
233,2025-04-10,intervencion,Tratamiento,5
233,2025-04-11,intervencion,Tratamiento,5
233,2025-04-14,intervencion,Tratamiento,6
233,2025-04-15,intervencion,Tratamiento,5
233,2025-04-16,intervencion,Tratamiento,5
233,2025-04-17,intervencion,Tratamiento,6
233,2025-04-18,intervencion,Tratamiento,6
233,2025-04-21,intervencion,Tratamiento,6
233,2025-04-22,intervencion,Tratamiento,1
233,2025-04-23,intervencion,Tratamiento,5
233,2025-04-24,intervencion,Tratamiento,5
233,2025-04-25,intervencion,Tratamiento,5
234,2025-03-03,baseline,Control,5
234,2025-03-04,baseline,Control,5
234,2025-03-05,baseline,Control,5
234,2025-03-06,baseline,Control,4
234,2025-03-07,baseline,Control,6
234,2025-03-10,baseline,Control,5
234,2025-03-11,baseline,Control,5
234,2025-03-12,baseline,Control,5
234,2025-03-13,baseline,Control,6
234,2025-03-14,baseline,Control,6
234,2025-03-17,baseline,Control,4
234,2025-03-18,baseline,Control,5
234,2025-03-19,baseline,Control,5
234,2025-03-20,baseline,Control,6
234,2025-03-21,baseline,Control,6
234,2025-03-24,baseline,Control,4
234,2025-03-25,baseline,Control,7
234,2025-03-26,baseline,Control,3
234,2025-03-27,baseline,Control,5
234,2025-03-28,baseline,Control,4
234,2025-03-31,intervencion,Control,6
234,2025-04-01,intervencion,Control,5
234,2025-04-02,intervencion,Control,4
234,2025-04-03,intervencion,Control,4
234,2025-04-04,intervencion,Control,4
234,2025-04-07,intervencion,Control,4
234,2025-04-08,intervencion,Control,4
234,2025-04-09,intervencion,Control,4
234,2025-04-10,intervencion,Control,5
234,2025-04-11,intervencion,Control,5
234,2025-04-14,intervencion,Control,4
234,2025-04-15,intervencion,Control,3
234,2025-04-16,intervencion,Control,5
234,2025-04-17,intervencion,Control,5
234,2025-04-18,intervencion,Control,5
234,2025-04-21,intervencion,Control,5
234,2025-04-22,intervencion,Control,6
234,2025-04-23,intervencion,Control,5
234,2025-04-24,intervencion,Control,7
234,2025-04-25,intervencion,Control,7
235,2025-03-03,baseline,Tratamiento,3
235,2025-03-04,baseline,Tratamiento,3
235,2025-03-05,baseline,Tratamiento,5
235,2025-03-06,baseline,Tratamiento,5
235,2025-03-07,baseline,Tratamiento,5
235,2025-03-10,baseline,Tratamiento,5
235,2025-03-11,baseline,Tratamiento,4
235,2025-03-12,baseline,Tratamiento,4
235,2025-03-13,baseline,Tratamiento,4
235,2025-03-14,baseline,Tratamiento,4
235,2025-03-17,baseline,Tratamiento,5
235,2025-03-18,baseline,Tratamiento,4
235,2025-03-19,baseline,Tratamiento,4
235,2025-03-20,baseline,Tratamiento,5
235,2025-03-21,baseline,Tratamiento,4
235,2025-03-24,baseline,Tratamiento,6
235,2025-03-25,baseline,Tratamiento,4
235,2025-03-26,baseline,Tratamiento,4
235,2025-03-27,baseline,Tratamiento,5
235,2025-03-28,baseline,Tratamiento,5
235,2025-03-31,intervencion,Tratamiento,4
235,2025-04-01,intervencion,Tratamiento,6
235,2025-04-02,intervencion,Tratamiento,7
235,2025-04-03,intervencion,Tratamiento,4
235,2025-04-04,intervencion,Tratamiento,6
235,2025-04-07,intervencion,Tratamiento,3
235,2025-04-08,intervencion,Tratamiento,6
235,2025-04-09,intervencion,Tratamiento,4
235,2025-04-10,intervencion,Tratamiento,6
235,2025-04-11,intervencion,Tratamiento,4
235,2025-04-14,intervencion,Tratamiento,5
235,2025-04-15,intervencion,Tratamiento,4
235,2025-04-16,intervencion,Tratamiento,5
235,2025-04-17,intervencion,Tratamiento,7
235,2025-04-18,intervencion,Tratamiento,5
235,2025-04-21,intervencion,Tratamiento,7
235,2025-04-22,intervencion,Tratamiento,5
235,2025-04-23,intervencion,Tratamiento,6
235,2025-04-24,intervencion,Tratamiento,3
235,2025-04-25,intervencion,Tratamiento,5
236,2025-03-03,baseline,Control,4
236,2025-03-04,baseline,Control,6
236,2025-03-05,baseline,Control,5
236,2025-03-06,baseline,Control,3
236,2025-03-07,baseline,Control,3
236,2025-03-10,baseline,Control,4
236,2025-03-11,baseline,Control,5
236,2025-03-12,baseline,Control,5
236,2025-03-13,baseline,Control,4
236,2025-03-14,baseline,Control,4
236,2025-03-17,baseline,Control,5
236,2025-03-18,baseline,Control,4
236,2025-03-19,baseline,Control,5
236,2025-03-20,baseline,Control,5
236,2025-03-21,baseline,Control,4
236,2025-03-24,baseline,Control,5
236,2025-03-25,baseline,Control,5
236,2025-03-26,baseline,Control,5
236,2025-03-27,baseline,Control,3
236,2025-03-28,baseline,Control,5
236,2025-03-31,intervencion,Control,6
236,2025-04-01,intervencion,Control,5
236,2025-04-02,intervencion,Control,5
236,2025-04-03,intervencion,Control,5
236,2025-04-04,intervencion,Control,5
236,2025-04-07,intervencion,Control,5
236,2025-04-08,intervencion,Control,4
236,2025-04-09,intervencion,Control,5
236,2025-04-10,intervencion,Control,3
236,2025-04-11,intervencion,Control,5
236,2025-04-14,intervencion,Control,4
236,2025-04-15,intervencion,Control,4
236,2025-04-16,intervencion,Control,5
236,2025-04-17,intervencion,Control,4
236,2025-04-18,intervencion,Control,5
236,2025-04-21,intervencion,Control,5
236,2025-04-22,intervencion,Control,4
236,2025-04-23,intervencion,Control,6
236,2025-04-24,intervencion,Control,5
236,2025-04-25,intervencion,Control,5
237,2025-03-03,baseline,Tratamiento,6
237,2025-03-04,baseline,Tratamiento,6
237,2025-03-05,baseline,Tratamiento,5
237,2025-03-06,baseline,Tratamiento,4
237,2025-03-07,baseline,Tratamiento,3
237,2025-03-10,baseline,Tratamiento,5
237,2025-03-11,baseline,Tratamiento,6
237,2025-03-12,baseline,Tratamiento,5
237,2025-03-13,baseline,Tratamiento,1
237,2025-03-14,baseline,Tratamiento,5
237,2025-03-17,baseline,Tratamiento,5
237,2025-03-18,baseline,Tratamiento,4
237,2025-03-19,baseline,Tratamiento,5
237,2025-03-20,baseline,Tratamiento,5
237,2025-03-21,baseline,Tratamiento,4
237,2025-03-24,baseline,Tratamiento,6
237,2025-03-25,baseline,Tratamiento,3
237,2025-03-26,baseline,Tratamiento,5
237,2025-03-27,baseline,Tratamiento,4
237,2025-03-28,baseline,Tratamiento,4
237,2025-03-31,intervencion,Tratamiento,5
237,2025-04-01,intervencion,Tratamiento,6
237,2025-04-02,intervencion,Tratamiento,6
237,2025-04-03,intervencion,Tratamiento,6
237,2025-04-04,intervencion,Tratamiento,3
237,2025-04-07,intervencion,Tratamiento,4
237,2025-04-08,intervencion,Tratamiento,5
237,2025-04-09,intervencion,Tratamiento,5
237,2025-04-10,intervencion,Tratamiento,5
237,2025-04-11,intervencion,Tratamiento,7
237,2025-04-14,intervencion,Tratamiento,5
237,2025-04-15,intervencion,Tratamiento,5
237,2025-04-16,intervencion,Tratamiento,6
237,2025-04-17,intervencion,Tratamiento,5
237,2025-04-18,intervencion,Tratamiento,7
237,2025-04-21,intervencion,Tratamiento,4
237,2025-04-22,intervencion,Tratamiento,4
237,2025-04-23,intervencion,Tratamiento,4
237,2025-04-24,intervencion,Tratamiento,6
237,2025-04-25,intervencion,Tratamiento,6
238,2025-03-03,baseline,Tratamiento,4
238,2025-03-04,baseline,Tratamiento,4
238,2025-03-05,baseline,Tratamiento,6
238,2025-03-06,baseline,Tratamiento,5
238,2025-03-07,baseline,Tratamiento,6
238,2025-03-10,baseline,Tratamiento,5
238,2025-03-11,baseline,Tratamiento,5
238,2025-03-12,baseline,Tratamiento,5
238,2025-03-13,baseline,Tratamiento,4
238,2025-03-14,baseline,Tratamiento,4
238,2025-03-17,baseline,Tratamiento,4
238,2025-03-18,baseline,Tratamiento,5
238,2025-03-19,baseline,Tratamiento,5
238,2025-03-20,baseline,Tratamiento,5
238,2025-03-21,baseline,Tratamiento,5
238,2025-03-24,baseline,Tratamiento,4
238,2025-03-25,baseline,Tratamiento,6
238,2025-03-26,baseline,Tratamiento,5
238,2025-03-27,baseline,Tratamiento,6
238,2025-03-28,baseline,Tratamiento,6
238,2025-03-31,intervencion,Tratamiento,5
238,2025-04-01,intervencion,Tratamiento,5
238,2025-04-02,intervencion,Tratamiento,6
238,2025-04-03,intervencion,Tratamiento,4
238,2025-04-04,intervencion,Tratamiento,4
238,2025-04-07,intervencion,Tratamiento,4
238,2025-04-08,intervencion,Tratamiento,5
238,2025-04-09,intervencion,Tratamiento,5
238,2025-04-10,intervencion,Tratamiento,4
238,2025-04-11,intervencion,Tratamiento,5
238,2025-04-14,intervencion,Tratamiento,5
238,2025-04-15,intervencion,Tratamiento,6
238,2025-04-16,intervencion,Tratamiento,7
238,2025-04-17,intervencion,Tratamiento,5
238,2025-04-18,intervencion,Tratamiento,4
238,2025-04-21,intervencion,Tratamiento,6
238,2025-04-22,intervencion,Tratamiento,5
238,2025-04-23,intervencion,Tratamiento,5
238,2025-04-24,intervencion,Tratamiento,4
238,2025-04-25,intervencion,Tratamiento,5
239,2025-03-03,baseline,Control,4
239,2025-03-04,baseline,Control,5
239,2025-03-05,baseline,Control,5
239,2025-03-06,baseline,Control,6
239,2025-03-07,baseline,Control,5
239,2025-03-10,baseline,Control,5
239,2025-03-11,baseline,Control,4
239,2025-03-12,baseline,Control,4
239,2025-03-13,baseline,Control,4
239,2025-03-14,baseline,Control,4
239,2025-03-17,baseline,Control,2
239,2025-03-18,baseline,Control,4
239,2025-03-19,baseline,Control,6
239,2025-03-20,baseline,Control,5
239,2025-03-21,baseline,Control,4
239,2025-03-24,baseline,Control,5
239,2025-03-25,baseline,Control,3
239,2025-03-26,baseline,Control,5
239,2025-03-27,baseline,Control,6
239,2025-03-28,baseline,Control,4
239,2025-03-31,intervencion,Control,3
239,2025-04-01,intervencion,Control,4
239,2025-04-02,intervencion,Control,6
239,2025-04-03,intervencion,Control,5
239,2025-04-04,intervencion,Control,3
239,2025-04-07,intervencion,Control,7
239,2025-04-08,intervencion,Control,3
239,2025-04-09,intervencion,Control,4
239,2025-04-10,intervencion,Control,4
239,2025-04-11,intervencion,Control,4
239,2025-04-14,intervencion,Control,4
239,2025-04-15,intervencion,Control,5
239,2025-04-16,intervencion,Control,6
239,2025-04-17,intervencion,Control,4
239,2025-04-18,intervencion,Control,4
239,2025-04-21,intervencion,Control,5
239,2025-04-22,intervencion,Control,5
239,2025-04-23,intervencion,Control,5
239,2025-04-24,intervencion,Control,5
239,2025-04-25,intervencion,Control,4
240,2025-03-03,baseline,Tratamiento,5
240,2025-03-04,baseline,Tratamiento,4
240,2025-03-05,baseline,Tratamiento,6
240,2025-03-06,baseline,Tratamiento,7
240,2025-03-07,baseline,Tratamiento,5
240,2025-03-10,baseline,Tratamiento,5
240,2025-03-11,baseline,Tratamiento,5
240,2025-03-12,baseline,Tratamiento,4
240,2025-03-13,baseline,Tratamiento,5
240,2025-03-14,baseline,Tratamiento,5
240,2025-03-17,baseline,Tratamiento,4
240,2025-03-18,baseline,Tratamiento,5
240,2025-03-19,baseline,Tratamiento,5
240,2025-03-20,baseline,Tratamiento,4
240,2025-03-21,baseline,Tratamiento,5
240,2025-03-24,baseline,Tratamiento,5
240,2025-03-25,baseline,Tratamiento,5
240,2025-03-26,baseline,Tratamiento,5
240,2025-03-27,baseline,Tratamiento,5
240,2025-03-28,baseline,Tratamiento,4
240,2025-03-31,intervencion,Tratamiento,5
240,2025-04-01,intervencion,Tratamiento,5
240,2025-04-02,intervencion,Tratamiento,5
240,2025-04-03,intervencion,Tratamiento,5
240,2025-04-04,intervencion,Tratamiento,5
240,2025-04-07,intervencion,Tratamiento,6
240,2025-04-08,intervencion,Tratamiento,4
240,2025-04-09,intervencion,Tratamiento,7
240,2025-04-10,intervencion,Tratamiento,6
240,2025-04-11,intervencion,Tratamiento,4
240,2025-04-14,intervencion,Tratamiento,5
240,2025-04-15,intervencion,Tratamiento,6
240,2025-04-16,intervencion,Tratamiento,5
240,2025-04-17,intervencion,Tratamiento,4
240,2025-04-18,intervencion,Tratamiento,4
240,2025-04-21,intervencion,Tratamiento,5
240,2025-04-22,intervencion,Tratamiento,3
240,2025-04-23,intervencion,Tratamiento,4
240,2025-04-24,intervencion,Tratamiento,5
240,2025-04-25,intervencion,Tratamiento,5
241,2025-03-03,baseline,Tratamiento,4
241,2025-03-04,baseline,Tratamiento,4
241,2025-03-05,baseline,Tratamiento,3
241,2025-03-06,baseline,Tratamiento,5
241,2025-03-07,baseline,Tratamiento,4
241,2025-03-10,baseline,Tratamiento,4
241,2025-03-11,baseline,Tratamiento,5
241,2025-03-12,baseline,Tratamiento,4
241,2025-03-13,baseline,Tratamiento,4
241,2025-03-14,baseline,Tratamiento,3
241,2025-03-17,baseline,Tratamiento,5
241,2025-03-18,baseline,Tratamiento,5
241,2025-03-19,baseline,Tratamiento,4
241,2025-03-20,baseline,Tratamiento,4
241,2025-03-21,baseline,Tratamiento,5
241,2025-03-24,baseline,Tratamiento,5
241,2025-03-25,baseline,Tratamiento,5
241,2025-03-26,baseline,Tratamiento,6
241,2025-03-27,baseline,Tratamiento,5
241,2025-03-28,baseline,Tratamiento,5
241,2025-03-31,intervencion,Tratamiento,6
241,2025-04-01,intervencion,Tratamiento,5
241,2025-04-02,intervencion,Tratamiento,5
241,2025-04-03,intervencion,Tratamiento,6
241,2025-04-04,intervencion,Tratamiento,4
241,2025-04-07,intervencion,Tratamiento,5
241,2025-04-08,intervencion,Tratamiento,6
241,2025-04-09,intervencion,Tratamiento,5
241,2025-04-10,intervencion,Tratamiento,5
241,2025-04-11,intervencion,Tratamiento,3
241,2025-04-14,intervencion,Tratamiento,3
241,2025-04-15,intervencion,Tratamiento,7
241,2025-04-16,intervencion,Tratamiento,5
241,2025-04-17,intervencion,Tratamiento,4
241,2025-04-18,intervencion,Tratamiento,5
241,2025-04-21,intervencion,Tratamiento,4
241,2025-04-22,intervencion,Tratamiento,5
241,2025-04-23,intervencion,Tratamiento,4
241,2025-04-24,intervencion,Tratamiento,4
241,2025-04-25,intervencion,Tratamiento,3
242,2025-03-03,baseline,Tratamiento,3
242,2025-03-04,baseline,Tratamiento,6
242,2025-03-05,baseline,Tratamiento,4
242,2025-03-06,baseline,Tratamiento,5
242,2025-03-07,baseline,Tratamiento,5
242,2025-03-10,baseline,Tratamiento,5
242,2025-03-11,baseline,Tratamiento,4
242,2025-03-12,baseline,Tratamiento,5
242,2025-03-13,baseline,Tratamiento,4
242,2025-03-14,baseline,Tratamiento,6
242,2025-03-17,baseline,Tratamiento,6
242,2025-03-18,baseline,Tratamiento,6
242,2025-03-19,baseline,Tratamiento,3
242,2025-03-20,baseline,Tratamiento,4
242,2025-03-21,baseline,Tratamiento,5
242,2025-03-24,baseline,Tratamiento,5
242,2025-03-25,baseline,Tratamiento,3
242,2025-03-26,baseline,Tratamiento,3
242,2025-03-27,baseline,Tratamiento,6
242,2025-03-28,baseline,Tratamiento,4
242,2025-03-31,intervencion,Tratamiento,4
242,2025-04-01,intervencion,Tratamiento,4
242,2025-04-02,intervencion,Tratamiento,5
242,2025-04-03,intervencion,Tratamiento,4
242,2025-04-04,intervencion,Tratamiento,5
242,2025-04-07,intervencion,Tratamiento,4
242,2025-04-08,intervencion,Tratamiento,3
242,2025-04-09,intervencion,Tratamiento,6
242,2025-04-10,intervencion,Tratamiento,5
242,2025-04-11,intervencion,Tratamiento,5
242,2025-04-14,intervencion,Tratamiento,4
242,2025-04-15,intervencion,Tratamiento,6
242,2025-04-16,intervencion,Tratamiento,5
242,2025-04-17,intervencion,Tratamiento,6
242,2025-04-18,intervencion,Tratamiento,4
242,2025-04-21,intervencion,Tratamiento,5
242,2025-04-22,intervencion,Tratamiento,5
242,2025-04-23,intervencion,Tratamiento,4
242,2025-04-24,intervencion,Tratamiento,5
242,2025-04-25,intervencion,Tratamiento,4
243,2025-03-03,baseline,Tratamiento,5
243,2025-03-04,baseline,Tratamiento,3
243,2025-03-05,baseline,Tratamiento,5
243,2025-03-06,baseline,Tratamiento,5
243,2025-03-07,baseline,Tratamiento,4
243,2025-03-10,baseline,Tratamiento,5
243,2025-03-11,baseline,Tratamiento,4
243,2025-03-12,baseline,Tratamiento,4
243,2025-03-13,baseline,Tratamiento,5
243,2025-03-14,baseline,Tratamiento,5
243,2025-03-17,baseline,Tratamiento,4
243,2025-03-18,baseline,Tratamiento,4
243,2025-03-19,baseline,Tratamiento,4
243,2025-03-20,baseline,Tratamiento,4
243,2025-03-21,baseline,Tratamiento,6
243,2025-03-24,baseline,Tratamiento,5
243,2025-03-25,baseline,Tratamiento,5
243,2025-03-26,baseline,Tratamiento,4
243,2025-03-27,baseline,Tratamiento,5
243,2025-03-28,baseline,Tratamiento,4
243,2025-03-31,intervencion,Tratamiento,4
243,2025-04-01,intervencion,Tratamiento,6
243,2025-04-02,intervencion,Tratamiento,5
243,2025-04-03,intervencion,Tratamiento,3
243,2025-04-04,intervencion,Tratamiento,5
243,2025-04-07,intervencion,Tratamiento,5
243,2025-04-08,intervencion,Tratamiento,5
243,2025-04-09,intervencion,Tratamiento,5
243,2025-04-10,intervencion,Tratamiento,3
243,2025-04-11,intervencion,Tratamiento,2
243,2025-04-14,intervencion,Tratamiento,4
243,2025-04-15,intervencion,Tratamiento,5
243,2025-04-16,intervencion,Tratamiento,2
243,2025-04-17,intervencion,Tratamiento,4
243,2025-04-18,intervencion,Tratamiento,3
243,2025-04-21,intervencion,Tratamiento,5
243,2025-04-22,intervencion,Tratamiento,7
243,2025-04-23,intervencion,Tratamiento,5
243,2025-04-24,intervencion,Tratamiento,5
243,2025-04-25,intervencion,Tratamiento,6
244,2025-03-03,baseline,Tratamiento,5
244,2025-03-04,baseline,Tratamiento,4
244,2025-03-05,baseline,Tratamiento,5
244,2025-03-06,baseline,Tratamiento,5
244,2025-03-07,baseline,Tratamiento,5
244,2025-03-10,baseline,Tratamiento,4
244,2025-03-11,baseline,Tratamiento,4
244,2025-03-12,baseline,Tratamiento,5
244,2025-03-13,baseline,Tratamiento,4
244,2025-03-14,baseline,Tratamiento,6
244,2025-03-17,baseline,Tratamiento,4
244,2025-03-18,baseline,Tratamiento,6
244,2025-03-19,baseline,Tratamiento,5
244,2025-03-20,baseline,Tratamiento,4
244,2025-03-21,baseline,Tratamiento,5
244,2025-03-24,baseline,Tratamiento,4
244,2025-03-25,baseline,Tratamiento,5
244,2025-03-26,baseline,Tratamiento,4
244,2025-03-27,baseline,Tratamiento,4
244,2025-03-28,baseline,Tratamiento,5
244,2025-03-31,intervencion,Tratamiento,5
244,2025-04-01,intervencion,Tratamiento,4
244,2025-04-02,intervencion,Tratamiento,4
244,2025-04-03,intervencion,Tratamiento,5
244,2025-04-04,intervencion,Tratamiento,5
244,2025-04-07,intervencion,Tratamiento,4
244,2025-04-08,intervencion,Tratamiento,6
244,2025-04-09,intervencion,Tratamiento,6
244,2025-04-10,intervencion,Tratamiento,4
244,2025-04-11,intervencion,Tratamiento,4
244,2025-04-14,intervencion,Tratamiento,5
244,2025-04-15,intervencion,Tratamiento,5
244,2025-04-16,intervencion,Tratamiento,6
244,2025-04-17,intervencion,Tratamiento,6
244,2025-04-18,intervencion,Tratamiento,5
244,2025-04-21,intervencion,Tratamiento,6
244,2025-04-22,intervencion,Tratamiento,6
244,2025-04-23,intervencion,Tratamiento,5
244,2025-04-24,intervencion,Tratamiento,5
244,2025-04-25,intervencion,Tratamiento,5
245,2025-03-03,baseline,Tratamiento,5
245,2025-03-04,baseline,Tratamiento,4
245,2025-03-05,baseline,Tratamiento,4
245,2025-03-06,baseline,Tratamiento,4
245,2025-03-07,baseline,Tratamiento,4
245,2025-03-10,baseline,Tratamiento,3
245,2025-03-11,baseline,Tratamiento,5
245,2025-03-12,baseline,Tratamiento,5
245,2025-03-13,baseline,Tratamiento,3
245,2025-03-14,baseline,Tratamiento,4
245,2025-03-17,baseline,Tratamiento,4
245,2025-03-18,baseline,Tratamiento,5
245,2025-03-19,baseline,Tratamiento,4
245,2025-03-20,baseline,Tratamiento,3
245,2025-03-21,baseline,Tratamiento,5
245,2025-03-24,baseline,Tratamiento,3
245,2025-03-25,baseline,Tratamiento,4
245,2025-03-26,baseline,Tratamiento,4
245,2025-03-27,baseline,Tratamiento,4
245,2025-03-28,baseline,Tratamiento,5
245,2025-03-31,intervencion,Tratamiento,6
245,2025-04-01,intervencion,Tratamiento,4
245,2025-04-02,intervencion,Tratamiento,6
245,2025-04-03,intervencion,Tratamiento,3
245,2025-04-04,intervencion,Tratamiento,6
245,2025-04-07,intervencion,Tratamiento,3
245,2025-04-08,intervencion,Tratamiento,7
245,2025-04-09,intervencion,Tratamiento,5
245,2025-04-10,intervencion,Tratamiento,6
245,2025-04-11,intervencion,Tratamiento,6
245,2025-04-14,intervencion,Tratamiento,5
245,2025-04-15,intervencion,Tratamiento,5
245,2025-04-16,intervencion,Tratamiento,4
245,2025-04-17,intervencion,Tratamiento,6
245,2025-04-18,intervencion,Tratamiento,5
245,2025-04-21,intervencion,Tratamiento,4
245,2025-04-22,intervencion,Tratamiento,5
245,2025-04-23,intervencion,Tratamiento,4
245,2025-04-24,intervencion,Tratamiento,5
245,2025-04-25,intervencion,Tratamiento,5
246,2025-03-03,baseline,Tratamiento,4
246,2025-03-04,baseline,Tratamiento,4
246,2025-03-05,baseline,Tratamiento,6
246,2025-03-06,baseline,Tratamiento,4
246,2025-03-07,baseline,Tratamiento,4
246,2025-03-10,baseline,Tratamiento,4
246,2025-03-11,baseline,Tratamiento,5
246,2025-03-12,baseline,Tratamiento,4
246,2025-03-13,baseline,Tratamiento,5
246,2025-03-14,baseline,Tratamiento,5
246,2025-03-17,baseline,Tratamiento,3
246,2025-03-18,baseline,Tratamiento,6
246,2025-03-19,baseline,Tratamiento,6
246,2025-03-20,baseline,Tratamiento,4
246,2025-03-21,baseline,Tratamiento,4
246,2025-03-24,baseline,Tratamiento,5
246,2025-03-25,baseline,Tratamiento,3
246,2025-03-26,baseline,Tratamiento,6
246,2025-03-27,baseline,Tratamiento,4
246,2025-03-28,baseline,Tratamiento,6
246,2025-03-31,intervencion,Tratamiento,4
246,2025-04-01,intervencion,Tratamiento,5
246,2025-04-02,intervencion,Tratamiento,6
246,2025-04-03,intervencion,Tratamiento,5
246,2025-04-04,intervencion,Tratamiento,5
246,2025-04-07,intervencion,Tratamiento,6
246,2025-04-08,intervencion,Tratamiento,4
246,2025-04-09,intervencion,Tratamiento,4
246,2025-04-10,intervencion,Tratamiento,4
246,2025-04-11,intervencion,Tratamiento,5
246,2025-04-14,intervencion,Tratamiento,5
246,2025-04-15,intervencion,Tratamiento,6
246,2025-04-16,intervencion,Tratamiento,5
246,2025-04-17,intervencion,Tratamiento,4
246,2025-04-18,intervencion,Tratamiento,3
246,2025-04-21,intervencion,Tratamiento,7
246,2025-04-22,intervencion,Tratamiento,5
246,2025-04-23,intervencion,Tratamiento,5
246,2025-04-24,intervencion,Tratamiento,5
246,2025-04-25,intervencion,Tratamiento,4
247,2025-03-03,baseline,Control,4
247,2025-03-04,baseline,Control,6
247,2025-03-05,baseline,Control,5
247,2025-03-06,baseline,Control,4
247,2025-03-07,baseline,Control,3
247,2025-03-10,baseline,Control,4
247,2025-03-11,baseline,Control,4
247,2025-03-12,baseline,Control,6
247,2025-03-13,baseline,Control,4
247,2025-03-14,baseline,Control,4
247,2025-03-17,baseline,Control,5
247,2025-03-18,baseline,Control,5
247,2025-03-19,baseline,Control,3
247,2025-03-20,baseline,Control,5
247,2025-03-21,baseline,Control,6
247,2025-03-24,baseline,Control,5
247,2025-03-25,baseline,Control,4
247,2025-03-26,baseline,Control,4
247,2025-03-27,baseline,Control,3
247,2025-03-28,baseline,Control,4
247,2025-03-31,intervencion,Control,5
247,2025-04-01,intervencion,Control,4
247,2025-04-02,intervencion,Control,6
247,2025-04-03,intervencion,Control,5
247,2025-04-04,intervencion,Control,3
247,2025-04-07,intervencion,Control,3
247,2025-04-08,intervencion,Control,4
247,2025-04-09,intervencion,Control,6
247,2025-04-10,intervencion,Control,5
247,2025-04-11,intervencion,Control,6
247,2025-04-14,intervencion,Control,5
247,2025-04-15,intervencion,Control,4
247,2025-04-16,intervencion,Control,3
247,2025-04-17,intervencion,Control,5
247,2025-04-18,intervencion,Control,4
247,2025-04-21,intervencion,Control,4
247,2025-04-22,intervencion,Control,6
247,2025-04-23,intervencion,Control,4
247,2025-04-24,intervencion,Control,6
247,2025-04-25,intervencion,Control,3
248,2025-03-03,baseline,Tratamiento,7
248,2025-03-04,baseline,Tratamiento,4
248,2025-03-05,baseline,Tratamiento,5
248,2025-03-06,baseline,Tratamiento,5
248,2025-03-07,baseline,Tratamiento,4
248,2025-03-10,baseline,Tratamiento,5
248,2025-03-11,baseline,Tratamiento,5
248,2025-03-12,baseline,Tratamiento,4
248,2025-03-13,baseline,Tratamiento,4
248,2025-03-14,baseline,Tratamiento,5
248,2025-03-17,baseline,Tratamiento,4
248,2025-03-18,baseline,Tratamiento,6
248,2025-03-19,baseline,Tratamiento,5
248,2025-03-20,baseline,Tratamiento,5
248,2025-03-21,baseline,Tratamiento,5
248,2025-03-24,baseline,Tratamiento,3
248,2025-03-25,baseline,Tratamiento,4
248,2025-03-26,baseline,Tratamiento,5
248,2025-03-27,baseline,Tratamiento,6
248,2025-03-28,baseline,Tratamiento,5
248,2025-03-31,intervencion,Tratamiento,6
248,2025-04-01,intervencion,Tratamiento,6
248,2025-04-02,intervencion,Tratamiento,5
248,2025-04-03,intervencion,Tratamiento,5
248,2025-04-04,intervencion,Tratamiento,5
248,2025-04-07,intervencion,Tratamiento,5
248,2025-04-08,intervencion,Tratamiento,6
248,2025-04-09,intervencion,Tratamiento,4
248,2025-04-10,intervencion,Tratamiento,5
248,2025-04-11,intervencion,Tratamiento,6
248,2025-04-14,intervencion,Tratamiento,5
248,2025-04-15,intervencion,Tratamiento,4
248,2025-04-16,intervencion,Tratamiento,5
248,2025-04-17,intervencion,Tratamiento,6
248,2025-04-18,intervencion,Tratamiento,5
248,2025-04-21,intervencion,Tratamiento,4
248,2025-04-22,intervencion,Tratamiento,6
248,2025-04-23,intervencion,Tratamiento,5
248,2025-04-24,intervencion,Tratamiento,6
248,2025-04-25,intervencion,Tratamiento,6
249,2025-03-03,baseline,Control,7
249,2025-03-04,baseline,Control,6
249,2025-03-05,baseline,Control,4
249,2025-03-06,baseline,Control,5
249,2025-03-07,baseline,Control,4
249,2025-03-10,baseline,Control,4
249,2025-03-11,baseline,Control,3
249,2025-03-12,baseline,Control,4
249,2025-03-13,baseline,Control,5
249,2025-03-14,baseline,Control,5
249,2025-03-17,baseline,Control,4
249,2025-03-18,baseline,Control,3
249,2025-03-19,baseline,Control,7
249,2025-03-20,baseline,Control,5
249,2025-03-21,baseline,Control,4
249,2025-03-24,baseline,Control,5
249,2025-03-25,baseline,Control,7
249,2025-03-26,baseline,Control,5
249,2025-03-27,baseline,Control,2
249,2025-03-28,baseline,Control,7
249,2025-03-31,intervencion,Control,3
249,2025-04-01,intervencion,Control,4
249,2025-04-02,intervencion,Control,4
249,2025-04-03,intervencion,Control,4
249,2025-04-04,intervencion,Control,5
249,2025-04-07,intervencion,Control,3
249,2025-04-08,intervencion,Control,5
249,2025-04-09,intervencion,Control,6
249,2025-04-10,intervencion,Control,4
249,2025-04-11,intervencion,Control,3
249,2025-04-14,intervencion,Control,4
249,2025-04-15,intervencion,Control,4
249,2025-04-16,intervencion,Control,4
249,2025-04-17,intervencion,Control,4
249,2025-04-18,intervencion,Control,5
249,2025-04-21,intervencion,Control,5
249,2025-04-22,intervencion,Control,4
249,2025-04-23,intervencion,Control,4
249,2025-04-24,intervencion,Control,5
249,2025-04-25,intervencion,Control,4
250,2025-03-03,baseline,Tratamiento,5
250,2025-03-04,baseline,Tratamiento,6
250,2025-03-05,baseline,Tratamiento,5
250,2025-03-06,baseline,Tratamiento,4
250,2025-03-07,baseline,Tratamiento,5
250,2025-03-10,baseline,Tratamiento,4
250,2025-03-11,baseline,Tratamiento,4
250,2025-03-12,baseline,Tratamiento,5
250,2025-03-13,baseline,Tratamiento,5
250,2025-03-14,baseline,Tratamiento,5
250,2025-03-17,baseline,Tratamiento,5
250,2025-03-18,baseline,Tratamiento,6
250,2025-03-19,baseline,Tratamiento,6
250,2025-03-20,baseline,Tratamiento,5
250,2025-03-21,baseline,Tratamiento,5
250,2025-03-24,baseline,Tratamiento,4
250,2025-03-25,baseline,Tratamiento,6
250,2025-03-26,baseline,Tratamiento,5
250,2025-03-27,baseline,Tratamiento,4
250,2025-03-28,baseline,Tratamiento,4
250,2025-03-31,intervencion,Tratamiento,4
250,2025-04-01,intervencion,Tratamiento,6
250,2025-04-02,intervencion,Tratamiento,6
250,2025-04-03,intervencion,Tratamiento,5
250,2025-04-04,intervencion,Tratamiento,5
250,2025-04-07,intervencion,Tratamiento,4
250,2025-04-08,intervencion,Tratamiento,3
250,2025-04-09,intervencion,Tratamiento,4
250,2025-04-10,intervencion,Tratamiento,4
250,2025-04-11,intervencion,Tratamiento,4
250,2025-04-14,intervencion,Tratamiento,5
250,2025-04-15,intervencion,Tratamiento,6
250,2025-04-16,intervencion,Tratamiento,5
250,2025-04-17,intervencion,Tratamiento,6
250,2025-04-18,intervencion,Tratamiento,4
250,2025-04-21,intervencion,Tratamiento,5
250,2025-04-22,intervencion,Tratamiento,5
250,2025-04-23,intervencion,Tratamiento,6
250,2025-04-24,intervencion,Tratamiento,5
250,2025-04-25,intervencion,Tratamiento,5
251,2025-03-03,baseline,Control,3
251,2025-03-04,baseline,Control,4
251,2025-03-05,baseline,Control,6
251,2025-03-06,baseline,Control,3
251,2025-03-07,baseline,Control,6
251,2025-03-10,baseline,Control,5
251,2025-03-11,baseline,Control,4
251,2025-03-12,baseline,Control,4
251,2025-03-13,baseline,Control,6
251,2025-03-14,baseline,Control,6
251,2025-03-17,baseline,Control,4
251,2025-03-18,baseline,Control,5
251,2025-03-19,baseline,Control,4
251,2025-03-20,baseline,Control,5
251,2025-03-21,baseline,Control,4
251,2025-03-24,baseline,Control,5
251,2025-03-25,baseline,Control,6
251,2025-03-26,baseline,Control,5
251,2025-03-27,baseline,Control,4
251,2025-03-28,baseline,Control,3
251,2025-03-31,intervencion,Control,5
251,2025-04-01,intervencion,Control,4
251,2025-04-02,intervencion,Control,5
251,2025-04-03,intervencion,Control,3
251,2025-04-04,intervencion,Control,5
251,2025-04-07,intervencion,Control,4
251,2025-04-08,intervencion,Control,5
251,2025-04-09,intervencion,Control,4
251,2025-04-10,intervencion,Control,6
251,2025-04-11,intervencion,Control,5
251,2025-04-14,intervencion,Control,6
251,2025-04-15,intervencion,Control,5
251,2025-04-16,intervencion,Control,6
251,2025-04-17,intervencion,Control,4
251,2025-04-18,intervencion,Control,5
251,2025-04-21,intervencion,Control,6
251,2025-04-22,intervencion,Control,5
251,2025-04-23,intervencion,Control,5
251,2025-04-24,intervencion,Control,4
251,2025-04-25,intervencion,Control,4
252,2025-03-03,baseline,Tratamiento,6
252,2025-03-04,baseline,Tratamiento,6
252,2025-03-05,baseline,Tratamiento,4
252,2025-03-06,baseline,Tratamiento,4
252,2025-03-07,baseline,Tratamiento,4
252,2025-03-10,baseline,Tratamiento,5
252,2025-03-11,baseline,Tratamiento,4
252,2025-03-12,baseline,Tratamiento,5
252,2025-03-13,baseline,Tratamiento,5
252,2025-03-14,baseline,Tratamiento,4
252,2025-03-17,baseline,Tratamiento,6
252,2025-03-18,baseline,Tratamiento,3
252,2025-03-19,baseline,Tratamiento,6
252,2025-03-20,baseline,Tratamiento,5
252,2025-03-21,baseline,Tratamiento,3
252,2025-03-24,baseline,Tratamiento,6
252,2025-03-25,baseline,Tratamiento,5
252,2025-03-26,baseline,Tratamiento,4
252,2025-03-27,baseline,Tratamiento,4
252,2025-03-28,baseline,Tratamiento,3
252,2025-03-31,intervencion,Tratamiento,7
252,2025-04-01,intervencion,Tratamiento,4
252,2025-04-02,intervencion,Tratamiento,4
252,2025-04-03,intervencion,Tratamiento,5
252,2025-04-04,intervencion,Tratamiento,3
252,2025-04-07,intervencion,Tratamiento,4
252,2025-04-08,intervencion,Tratamiento,6
252,2025-04-09,intervencion,Tratamiento,5
252,2025-04-10,intervencion,Tratamiento,5
252,2025-04-11,intervencion,Tratamiento,5
252,2025-04-14,intervencion,Tratamiento,5
252,2025-04-15,intervencion,Tratamiento,5
252,2025-04-16,intervencion,Tratamiento,4
252,2025-04-17,intervencion,Tratamiento,4
252,2025-04-18,intervencion,Tratamiento,4
252,2025-04-21,intervencion,Tratamiento,4
252,2025-04-22,intervencion,Tratamiento,6
252,2025-04-23,intervencion,Tratamiento,6
252,2025-04-24,intervencion,Tratamiento,4
252,2025-04-25,intervencion,Tratamiento,4
253,2025-03-03,baseline,Control,4
253,2025-03-04,baseline,Control,7
253,2025-03-05,baseline,Control,4
253,2025-03-06,baseline,Control,4
253,2025-03-07,baseline,Control,5
253,2025-03-10,baseline,Control,5
253,2025-03-11,baseline,Control,4
253,2025-03-12,baseline,Control,6
253,2025-03-13,baseline,Control,5
253,2025-03-14,baseline,Control,5
253,2025-03-17,baseline,Control,5
253,2025-03-18,baseline,Control,5
253,2025-03-19,baseline,Control,6
253,2025-03-20,baseline,Control,6
253,2025-03-21,baseline,Control,7
253,2025-03-24,baseline,Control,6
253,2025-03-25,baseline,Control,4
253,2025-03-26,baseline,Control,5
253,2025-03-27,baseline,Control,5
253,2025-03-28,baseline,Control,6
253,2025-03-31,intervencion,Control,4
253,2025-04-01,intervencion,Control,5
253,2025-04-02,intervencion,Control,4
253,2025-04-03,intervencion,Control,5
253,2025-04-04,intervencion,Control,4
253,2025-04-07,intervencion,Control,5
253,2025-04-08,intervencion,Control,3
253,2025-04-09,intervencion,Control,5
253,2025-04-10,intervencion,Control,5
253,2025-04-11,intervencion,Control,5
253,2025-04-14,intervencion,Control,6
253,2025-04-15,intervencion,Control,4
253,2025-04-16,intervencion,Control,5
253,2025-04-17,intervencion,Control,5
253,2025-04-18,intervencion,Control,5
253,2025-04-21,intervencion,Control,7
253,2025-04-22,intervencion,Control,5
253,2025-04-23,intervencion,Control,4
253,2025-04-24,intervencion,Control,6
253,2025-04-25,intervencion,Control,4
254,2025-03-03,baseline,Control,3
254,2025-03-04,baseline,Control,4
254,2025-03-05,baseline,Control,3
254,2025-03-06,baseline,Control,3
254,2025-03-07,baseline,Control,4
254,2025-03-10,baseline,Control,5
254,2025-03-11,baseline,Control,6
254,2025-03-12,baseline,Control,5
254,2025-03-13,baseline,Control,5
254,2025-03-14,baseline,Control,4
254,2025-03-17,baseline,Control,5
254,2025-03-18,baseline,Control,6
254,2025-03-19,baseline,Control,5
254,2025-03-20,baseline,Control,5
254,2025-03-21,baseline,Control,3
254,2025-03-24,baseline,Control,6
254,2025-03-25,baseline,Control,6
254,2025-03-26,baseline,Control,5
254,2025-03-27,baseline,Control,4
254,2025-03-28,baseline,Control,4
254,2025-03-31,intervencion,Control,4
254,2025-04-01,intervencion,Control,4
254,2025-04-02,intervencion,Control,5
254,2025-04-03,intervencion,Control,5
254,2025-04-04,intervencion,Control,6
254,2025-04-07,intervencion,Control,5
254,2025-04-08,intervencion,Control,4
254,2025-04-09,intervencion,Control,4
254,2025-04-10,intervencion,Control,4
254,2025-04-11,intervencion,Control,4
254,2025-04-14,intervencion,Control,6
254,2025-04-15,intervencion,Control,6
254,2025-04-16,intervencion,Control,5
254,2025-04-17,intervencion,Control,5
254,2025-04-18,intervencion,Control,3
254,2025-04-21,intervencion,Control,5
254,2025-04-22,intervencion,Control,4
254,2025-04-23,intervencion,Control,6
254,2025-04-24,intervencion,Control,3
254,2025-04-25,intervencion,Control,5
255,2025-03-03,baseline,Tratamiento,4
255,2025-03-04,baseline,Tratamiento,5
255,2025-03-05,baseline,Tratamiento,5
255,2025-03-06,baseline,Tratamiento,6
255,2025-03-07,baseline,Tratamiento,5
255,2025-03-10,baseline,Tratamiento,5
255,2025-03-11,baseline,Tratamiento,4
255,2025-03-12,baseline,Tratamiento,5
255,2025-03-13,baseline,Tratamiento,6
255,2025-03-14,baseline,Tratamiento,5
255,2025-03-17,baseline,Tratamiento,4
255,2025-03-18,baseline,Tratamiento,4
255,2025-03-19,baseline,Tratamiento,6
255,2025-03-20,baseline,Tratamiento,4
255,2025-03-21,baseline,Tratamiento,4
255,2025-03-24,baseline,Tratamiento,5
255,2025-03-25,baseline,Tratamiento,4
255,2025-03-26,baseline,Tratamiento,3
255,2025-03-27,baseline,Tratamiento,6
255,2025-03-28,baseline,Tratamiento,4
255,2025-03-31,intervencion,Tratamiento,5
255,2025-04-01,intervencion,Tratamiento,4
255,2025-04-02,intervencion,Tratamiento,5
255,2025-04-03,intervencion,Tratamiento,4
255,2025-04-04,intervencion,Tratamiento,6
255,2025-04-07,intervencion,Tratamiento,5
255,2025-04-08,intervencion,Tratamiento,6
255,2025-04-09,intervencion,Tratamiento,4
255,2025-04-10,intervencion,Tratamiento,7
255,2025-04-11,intervencion,Tratamiento,3
255,2025-04-14,intervencion,Tratamiento,4
255,2025-04-15,intervencion,Tratamiento,7
255,2025-04-16,intervencion,Tratamiento,5
255,2025-04-17,intervencion,Tratamiento,5
255,2025-04-18,intervencion,Tratamiento,5
255,2025-04-21,intervencion,Tratamiento,5
255,2025-04-22,intervencion,Tratamiento,5
255,2025-04-23,intervencion,Tratamiento,4
255,2025-04-24,intervencion,Tratamiento,6
255,2025-04-25,intervencion,Tratamiento,6
256,2025-03-03,baseline,Tratamiento,6
256,2025-03-04,baseline,Tratamiento,6
256,2025-03-05,baseline,Tratamiento,5
256,2025-03-06,baseline,Tratamiento,3
256,2025-03-07,baseline,Tratamiento,6
256,2025-03-10,baseline,Tratamiento,4
256,2025-03-11,baseline,Tratamiento,5
256,2025-03-12,baseline,Tratamiento,4
256,2025-03-13,baseline,Tratamiento,4
256,2025-03-14,baseline,Tratamiento,5
256,2025-03-17,baseline,Tratamiento,5
256,2025-03-18,baseline,Tratamiento,5
256,2025-03-19,baseline,Tratamiento,4
256,2025-03-20,baseline,Tratamiento,4
256,2025-03-21,baseline,Tratamiento,4
256,2025-03-24,baseline,Tratamiento,4
256,2025-03-25,baseline,Tratamiento,4
256,2025-03-26,baseline,Tratamiento,6
256,2025-03-27,baseline,Tratamiento,4
256,2025-03-28,baseline,Tratamiento,3
256,2025-03-31,intervencion,Tratamiento,6
256,2025-04-01,intervencion,Tratamiento,5
256,2025-04-02,intervencion,Tratamiento,5
256,2025-04-03,intervencion,Tratamiento,5
256,2025-04-04,intervencion,Tratamiento,4
256,2025-04-07,intervencion,Tratamiento,7
256,2025-04-08,intervencion,Tratamiento,5
256,2025-04-09,intervencion,Tratamiento,3
256,2025-04-10,intervencion,Tratamiento,5
256,2025-04-11,intervencion,Tratamiento,6
256,2025-04-14,intervencion,Tratamiento,5
256,2025-04-15,intervencion,Tratamiento,4
256,2025-04-16,intervencion,Tratamiento,4
256,2025-04-17,intervencion,Tratamiento,4
256,2025-04-18,intervencion,Tratamiento,6
256,2025-04-21,intervencion,Tratamiento,5
256,2025-04-22,intervencion,Tratamiento,3
256,2025-04-23,intervencion,Tratamiento,5
256,2025-04-24,intervencion,Tratamiento,5
256,2025-04-25,intervencion,Tratamiento,5
257,2025-03-03,baseline,Control,4
257,2025-03-04,baseline,Control,4
257,2025-03-05,baseline,Control,6
257,2025-03-06,baseline,Control,5
257,2025-03-07,baseline,Control,5
257,2025-03-10,baseline,Control,5
257,2025-03-11,baseline,Control,5
257,2025-03-12,baseline,Control,4
257,2025-03-13,baseline,Control,4
257,2025-03-14,baseline,Control,6
257,2025-03-17,baseline,Control,6
257,2025-03-18,baseline,Control,4
257,2025-03-19,baseline,Control,4
257,2025-03-20,baseline,Control,5
257,2025-03-21,baseline,Control,6
257,2025-03-24,baseline,Control,6
257,2025-03-25,baseline,Control,4
257,2025-03-26,baseline,Control,6
257,2025-03-27,baseline,Control,5
257,2025-03-28,baseline,Control,6
257,2025-03-31,intervencion,Control,5
257,2025-04-01,intervencion,Control,3
257,2025-04-02,intervencion,Control,5
257,2025-04-03,intervencion,Control,6
257,2025-04-04,intervencion,Control,5
257,2025-04-07,intervencion,Control,4
257,2025-04-08,intervencion,Control,3
257,2025-04-09,intervencion,Control,5
257,2025-04-10,intervencion,Control,5
257,2025-04-11,intervencion,Control,4
257,2025-04-14,intervencion,Control,4
257,2025-04-15,intervencion,Control,5
257,2025-04-16,intervencion,Control,4
257,2025-04-17,intervencion,Control,5
257,2025-04-18,intervencion,Control,3
257,2025-04-21,intervencion,Control,6
257,2025-04-22,intervencion,Control,5
257,2025-04-23,intervencion,Control,4
257,2025-04-24,intervencion,Control,2
257,2025-04-25,intervencion,Control,6
258,2025-03-03,baseline,Tratamiento,5
258,2025-03-04,baseline,Tratamiento,5
258,2025-03-05,baseline,Tratamiento,5
258,2025-03-06,baseline,Tratamiento,5
258,2025-03-07,baseline,Tratamiento,5
258,2025-03-10,baseline,Tratamiento,4
258,2025-03-11,baseline,Tratamiento,4
258,2025-03-12,baseline,Tratamiento,5
258,2025-03-13,baseline,Tratamiento,6
258,2025-03-14,baseline,Tratamiento,5
258,2025-03-17,baseline,Tratamiento,6
258,2025-03-18,baseline,Tratamiento,5
258,2025-03-19,baseline,Tratamiento,5
258,2025-03-20,baseline,Tratamiento,7
258,2025-03-21,baseline,Tratamiento,6
258,2025-03-24,baseline,Tratamiento,6
258,2025-03-25,baseline,Tratamiento,4
258,2025-03-26,baseline,Tratamiento,7
258,2025-03-27,baseline,Tratamiento,5
258,2025-03-28,baseline,Tratamiento,4
258,2025-03-31,intervencion,Tratamiento,3
258,2025-04-01,intervencion,Tratamiento,5
258,2025-04-02,intervencion,Tratamiento,4
258,2025-04-03,intervencion,Tratamiento,5
258,2025-04-04,intervencion,Tratamiento,4
258,2025-04-07,intervencion,Tratamiento,7
258,2025-04-08,intervencion,Tratamiento,5
258,2025-04-09,intervencion,Tratamiento,7
258,2025-04-10,intervencion,Tratamiento,4
258,2025-04-11,intervencion,Tratamiento,6
258,2025-04-14,intervencion,Tratamiento,3
258,2025-04-15,intervencion,Tratamiento,5
258,2025-04-16,intervencion,Tratamiento,4
258,2025-04-17,intervencion,Tratamiento,5
258,2025-04-18,intervencion,Tratamiento,4
258,2025-04-21,intervencion,Tratamiento,4
258,2025-04-22,intervencion,Tratamiento,4
258,2025-04-23,intervencion,Tratamiento,5
258,2025-04-24,intervencion,Tratamiento,5
258,2025-04-25,intervencion,Tratamiento,6
259,2025-03-03,baseline,Control,5
259,2025-03-04,baseline,Control,6
259,2025-03-05,baseline,Control,3
259,2025-03-06,baseline,Control,4
259,2025-03-07,baseline,Control,5
259,2025-03-10,baseline,Control,5
259,2025-03-11,baseline,Control,4
259,2025-03-12,baseline,Control,5
259,2025-03-13,baseline,Control,4
259,2025-03-14,baseline,Control,4
259,2025-03-17,baseline,Control,5
259,2025-03-18,baseline,Control,5
259,2025-03-19,baseline,Control,4
259,2025-03-20,baseline,Control,4
259,2025-03-21,baseline,Control,4
259,2025-03-24,baseline,Control,4
259,2025-03-25,baseline,Control,6
259,2025-03-26,baseline,Control,5
259,2025-03-27,baseline,Control,5
259,2025-03-28,baseline,Control,5
259,2025-03-31,intervencion,Control,4
259,2025-04-01,intervencion,Control,3
259,2025-04-02,intervencion,Control,4
259,2025-04-03,intervencion,Control,4
259,2025-04-04,intervencion,Control,4
259,2025-04-07,intervencion,Control,5
259,2025-04-08,intervencion,Control,5
259,2025-04-09,intervencion,Control,7
259,2025-04-10,intervencion,Control,4
259,2025-04-11,intervencion,Control,6
259,2025-04-14,intervencion,Control,6
259,2025-04-15,intervencion,Control,4
259,2025-04-16,intervencion,Control,5
259,2025-04-17,intervencion,Control,6
259,2025-04-18,intervencion,Control,5
259,2025-04-21,intervencion,Control,4
259,2025-04-22,intervencion,Control,4
259,2025-04-23,intervencion,Control,2
259,2025-04-24,intervencion,Control,5
259,2025-04-25,intervencion,Control,4
260,2025-03-03,baseline,Tratamiento,4
260,2025-03-04,baseline,Tratamiento,5
260,2025-03-05,baseline,Tratamiento,3
260,2025-03-06,baseline,Tratamiento,5
260,2025-03-07,baseline,Tratamiento,5
260,2025-03-10,baseline,Tratamiento,4
260,2025-03-11,baseline,Tratamiento,5
260,2025-03-12,baseline,Tratamiento,4
260,2025-03-13,baseline,Tratamiento,5
260,2025-03-14,baseline,Tratamiento,5
260,2025-03-17,baseline,Tratamiento,5
260,2025-03-18,baseline,Tratamiento,5
260,2025-03-19,baseline,Tratamiento,4
260,2025-03-20,baseline,Tratamiento,3
260,2025-03-21,baseline,Tratamiento,5
260,2025-03-24,baseline,Tratamiento,5
260,2025-03-25,baseline,Tratamiento,4
260,2025-03-26,baseline,Tratamiento,5
260,2025-03-27,baseline,Tratamiento,6
260,2025-03-28,baseline,Tratamiento,6
260,2025-03-31,intervencion,Tratamiento,4
260,2025-04-01,intervencion,Tratamiento,4
260,2025-04-02,intervencion,Tratamiento,4
260,2025-04-03,intervencion,Tratamiento,5
260,2025-04-04,intervencion,Tratamiento,6
260,2025-04-07,intervencion,Tratamiento,4
260,2025-04-08,intervencion,Tratamiento,4
260,2025-04-09,intervencion,Tratamiento,4
260,2025-04-10,intervencion,Tratamiento,4
260,2025-04-11,intervencion,Tratamiento,5
260,2025-04-14,intervencion,Tratamiento,4
260,2025-04-15,intervencion,Tratamiento,6
260,2025-04-16,intervencion,Tratamiento,5
260,2025-04-17,intervencion,Tratamiento,7
260,2025-04-18,intervencion,Tratamiento,4
260,2025-04-21,intervencion,Tratamiento,6
260,2025-04-22,intervencion,Tratamiento,6
260,2025-04-23,intervencion,Tratamiento,5
260,2025-04-24,intervencion,Tratamiento,5
260,2025-04-25,intervencion,Tratamiento,4
261,2025-03-03,baseline,Control,4
261,2025-03-04,baseline,Control,5
261,2025-03-05,baseline,Control,5
261,2025-03-06,baseline,Control,3
261,2025-03-07,baseline,Control,7
261,2025-03-10,baseline,Control,4
261,2025-03-11,baseline,Control,5
261,2025-03-12,baseline,Control,4
261,2025-03-13,baseline,Control,4
261,2025-03-14,baseline,Control,4
261,2025-03-17,baseline,Control,5
261,2025-03-18,baseline,Control,5
261,2025-03-19,baseline,Control,5
261,2025-03-20,baseline,Control,5
261,2025-03-21,baseline,Control,5
261,2025-03-24,baseline,Control,5
261,2025-03-25,baseline,Control,5
261,2025-03-26,baseline,Control,4
261,2025-03-27,baseline,Control,6
261,2025-03-28,baseline,Control,5
261,2025-03-31,intervencion,Control,4
261,2025-04-01,intervencion,Control,4
261,2025-04-02,intervencion,Control,5
261,2025-04-03,intervencion,Control,5
261,2025-04-04,intervencion,Control,5
261,2025-04-07,intervencion,Control,4
261,2025-04-08,intervencion,Control,5
261,2025-04-09,intervencion,Control,5
261,2025-04-10,intervencion,Control,6
261,2025-04-11,intervencion,Control,4
261,2025-04-14,intervencion,Control,5
261,2025-04-15,intervencion,Control,3
261,2025-04-16,intervencion,Control,5
261,2025-04-17,intervencion,Control,3
261,2025-04-18,intervencion,Control,4
261,2025-04-21,intervencion,Control,5
261,2025-04-22,intervencion,Control,4
261,2025-04-23,intervencion,Control,4
261,2025-04-24,intervencion,Control,4
261,2025-04-25,intervencion,Control,5
262,2025-03-03,baseline,Control,4
262,2025-03-04,baseline,Control,5
262,2025-03-05,baseline,Control,4
262,2025-03-06,baseline,Control,5
262,2025-03-07,baseline,Control,5
262,2025-03-10,baseline,Control,3
262,2025-03-11,baseline,Control,6
262,2025-03-12,baseline,Control,4
262,2025-03-13,baseline,Control,5
262,2025-03-14,baseline,Control,4
262,2025-03-17,baseline,Control,5
262,2025-03-18,baseline,Control,7
262,2025-03-19,baseline,Control,5
262,2025-03-20,baseline,Control,4
262,2025-03-21,baseline,Control,4
262,2025-03-24,baseline,Control,3
262,2025-03-25,baseline,Control,6
262,2025-03-26,baseline,Control,5
262,2025-03-27,baseline,Control,4
262,2025-03-28,baseline,Control,4
262,2025-03-31,intervencion,Control,5
262,2025-04-01,intervencion,Control,5
262,2025-04-02,intervencion,Control,4
262,2025-04-03,intervencion,Control,6
262,2025-04-04,intervencion,Control,5
262,2025-04-07,intervencion,Control,4
262,2025-04-08,intervencion,Control,4
262,2025-04-09,intervencion,Control,6
262,2025-04-10,intervencion,Control,3
262,2025-04-11,intervencion,Control,4
262,2025-04-14,intervencion,Control,5
262,2025-04-15,intervencion,Control,5
262,2025-04-16,intervencion,Control,4
262,2025-04-17,intervencion,Control,5
262,2025-04-18,intervencion,Control,6
262,2025-04-21,intervencion,Control,5
262,2025-04-22,intervencion,Control,4
262,2025-04-23,intervencion,Control,4
262,2025-04-24,intervencion,Control,5
262,2025-04-25,intervencion,Control,3
263,2025-03-03,baseline,Control,6
263,2025-03-04,baseline,Control,6
263,2025-03-05,baseline,Control,4
263,2025-03-06,baseline,Control,5
263,2025-03-07,baseline,Control,6
263,2025-03-10,baseline,Control,6
263,2025-03-11,baseline,Control,6
263,2025-03-12,baseline,Control,3
263,2025-03-13,baseline,Control,4
263,2025-03-14,baseline,Control,5
263,2025-03-17,baseline,Control,4
263,2025-03-18,baseline,Control,6
263,2025-03-19,baseline,Control,6
263,2025-03-20,baseline,Control,4
263,2025-03-21,baseline,Control,4
263,2025-03-24,baseline,Control,4
263,2025-03-25,baseline,Control,4
263,2025-03-26,baseline,Control,4
263,2025-03-27,baseline,Control,5
263,2025-03-28,baseline,Control,4
263,2025-03-31,intervencion,Control,2
263,2025-04-01,intervencion,Control,3
263,2025-04-02,intervencion,Control,4
263,2025-04-03,intervencion,Control,4
263,2025-04-04,intervencion,Control,5
263,2025-04-07,intervencion,Control,4
263,2025-04-08,intervencion,Control,4
263,2025-04-09,intervencion,Control,4
263,2025-04-10,intervencion,Control,4
263,2025-04-11,intervencion,Control,4
263,2025-04-14,intervencion,Control,4
263,2025-04-15,intervencion,Control,5
263,2025-04-16,intervencion,Control,4
263,2025-04-17,intervencion,Control,4
263,2025-04-18,intervencion,Control,4
263,2025-04-21,intervencion,Control,5
263,2025-04-22,intervencion,Control,4
263,2025-04-23,intervencion,Control,6
263,2025-04-24,intervencion,Control,4
263,2025-04-25,intervencion,Control,5
264,2025-03-03,baseline,Control,4
264,2025-03-04,baseline,Control,3
264,2025-03-05,baseline,Control,5
264,2025-03-06,baseline,Control,6
264,2025-03-07,baseline,Control,4
264,2025-03-10,baseline,Control,4
264,2025-03-11,baseline,Control,3
264,2025-03-12,baseline,Control,3
264,2025-03-13,baseline,Control,4
264,2025-03-14,baseline,Control,4
264,2025-03-17,baseline,Control,4
264,2025-03-18,baseline,Control,4
264,2025-03-19,baseline,Control,3
264,2025-03-20,baseline,Control,4
264,2025-03-21,baseline,Control,5
264,2025-03-24,baseline,Control,3
264,2025-03-25,baseline,Control,4
264,2025-03-26,baseline,Control,5
264,2025-03-27,baseline,Control,4
264,2025-03-28,baseline,Control,5
264,2025-03-31,intervencion,Control,3
264,2025-04-01,intervencion,Control,5
264,2025-04-02,intervencion,Control,5
264,2025-04-03,intervencion,Control,5
264,2025-04-04,intervencion,Control,6
264,2025-04-07,intervencion,Control,4
264,2025-04-08,intervencion,Control,4
264,2025-04-09,intervencion,Control,6
264,2025-04-10,intervencion,Control,6
264,2025-04-11,intervencion,Control,4
264,2025-04-14,intervencion,Control,4
264,2025-04-15,intervencion,Control,6
264,2025-04-16,intervencion,Control,5
264,2025-04-17,intervencion,Control,5
264,2025-04-18,intervencion,Control,5
264,2025-04-21,intervencion,Control,4
264,2025-04-22,intervencion,Control,5
264,2025-04-23,intervencion,Control,5
264,2025-04-24,intervencion,Control,4
264,2025-04-25,intervencion,Control,4
265,2025-03-03,baseline,Control,4
265,2025-03-04,baseline,Control,5
265,2025-03-05,baseline,Control,5
265,2025-03-06,baseline,Control,5
265,2025-03-07,baseline,Control,5
265,2025-03-10,baseline,Control,5
265,2025-03-11,baseline,Control,5
265,2025-03-12,baseline,Control,5
265,2025-03-13,baseline,Control,5
265,2025-03-14,baseline,Control,3
265,2025-03-17,baseline,Control,4
265,2025-03-18,baseline,Control,4
265,2025-03-19,baseline,Control,6
265,2025-03-20,baseline,Control,6
265,2025-03-21,baseline,Control,3
265,2025-03-24,baseline,Control,6
265,2025-03-25,baseline,Control,5
265,2025-03-26,baseline,Control,6
265,2025-03-27,baseline,Control,5
265,2025-03-28,baseline,Control,6
265,2025-03-31,intervencion,Control,5
265,2025-04-01,intervencion,Control,3
265,2025-04-02,intervencion,Control,5
265,2025-04-03,intervencion,Control,5
265,2025-04-04,intervencion,Control,4
265,2025-04-07,intervencion,Control,5
265,2025-04-08,intervencion,Control,5
265,2025-04-09,intervencion,Control,4
265,2025-04-10,intervencion,Control,4
265,2025-04-11,intervencion,Control,4
265,2025-04-14,intervencion,Control,5
265,2025-04-15,intervencion,Control,3
265,2025-04-16,intervencion,Control,4
265,2025-04-17,intervencion,Control,3
265,2025-04-18,intervencion,Control,4
265,2025-04-21,intervencion,Control,6
265,2025-04-22,intervencion,Control,4
265,2025-04-23,intervencion,Control,5
265,2025-04-24,intervencion,Control,7
265,2025-04-25,intervencion,Control,6
266,2025-03-03,baseline,Tratamiento,5
266,2025-03-04,baseline,Tratamiento,5
266,2025-03-05,baseline,Tratamiento,3
266,2025-03-06,baseline,Tratamiento,3
266,2025-03-07,baseline,Tratamiento,5
266,2025-03-10,baseline,Tratamiento,5
266,2025-03-11,baseline,Tratamiento,6
266,2025-03-12,baseline,Tratamiento,4
266,2025-03-13,baseline,Tratamiento,5
266,2025-03-14,baseline,Tratamiento,5
266,2025-03-17,baseline,Tratamiento,4
266,2025-03-18,baseline,Tratamiento,5
266,2025-03-19,baseline,Tratamiento,4
266,2025-03-20,baseline,Tratamiento,5
266,2025-03-21,baseline,Tratamiento,5
266,2025-03-24,baseline,Tratamiento,4
266,2025-03-25,baseline,Tratamiento,5
266,2025-03-26,baseline,Tratamiento,6
266,2025-03-27,baseline,Tratamiento,5
266,2025-03-28,baseline,Tratamiento,4
266,2025-03-31,intervencion,Tratamiento,5
266,2025-04-01,intervencion,Tratamiento,4
266,2025-04-02,intervencion,Tratamiento,5
266,2025-04-03,intervencion,Tratamiento,4
266,2025-04-04,intervencion,Tratamiento,6
266,2025-04-07,intervencion,Tratamiento,6
266,2025-04-08,intervencion,Tratamiento,6
266,2025-04-09,intervencion,Tratamiento,6
266,2025-04-10,intervencion,Tratamiento,5
266,2025-04-11,intervencion,Tratamiento,5
266,2025-04-14,intervencion,Tratamiento,7
266,2025-04-15,intervencion,Tratamiento,5
266,2025-04-16,intervencion,Tratamiento,4
266,2025-04-17,intervencion,Tratamiento,6
266,2025-04-18,intervencion,Tratamiento,5
266,2025-04-21,intervencion,Tratamiento,6
266,2025-04-22,intervencion,Tratamiento,5
266,2025-04-23,intervencion,Tratamiento,5
266,2025-04-24,intervencion,Tratamiento,6
266,2025-04-25,intervencion,Tratamiento,4
267,2025-03-03,baseline,Tratamiento,4
267,2025-03-04,baseline,Tratamiento,4
267,2025-03-05,baseline,Tratamiento,3
267,2025-03-06,baseline,Tratamiento,5
267,2025-03-07,baseline,Tratamiento,4
267,2025-03-10,baseline,Tratamiento,5
267,2025-03-11,baseline,Tratamiento,5
267,2025-03-12,baseline,Tratamiento,5
267,2025-03-13,baseline,Tratamiento,4
267,2025-03-14,baseline,Tratamiento,4
267,2025-03-17,baseline,Tratamiento,5
267,2025-03-18,baseline,Tratamiento,5
267,2025-03-19,baseline,Tratamiento,5
267,2025-03-20,baseline,Tratamiento,4
267,2025-03-21,baseline,Tratamiento,4
267,2025-03-24,baseline,Tratamiento,5
267,2025-03-25,baseline,Tratamiento,4
267,2025-03-26,baseline,Tratamiento,5
267,2025-03-27,baseline,Tratamiento,4
267,2025-03-28,baseline,Tratamiento,4
267,2025-03-31,intervencion,Tratamiento,5
267,2025-04-01,intervencion,Tratamiento,5
267,2025-04-02,intervencion,Tratamiento,7
267,2025-04-03,intervencion,Tratamiento,6
267,2025-04-04,intervencion,Tratamiento,6
267,2025-04-07,intervencion,Tratamiento,4
267,2025-04-08,intervencion,Tratamiento,4
267,2025-04-09,intervencion,Tratamiento,5
267,2025-04-10,intervencion,Tratamiento,6
267,2025-04-11,intervencion,Tratamiento,6
267,2025-04-14,intervencion,Tratamiento,6
267,2025-04-15,intervencion,Tratamiento,3
267,2025-04-16,intervencion,Tratamiento,6
267,2025-04-17,intervencion,Tratamiento,5
267,2025-04-18,intervencion,Tratamiento,4
267,2025-04-21,intervencion,Tratamiento,6
267,2025-04-22,intervencion,Tratamiento,5
267,2025-04-23,intervencion,Tratamiento,5
267,2025-04-24,intervencion,Tratamiento,6
267,2025-04-25,intervencion,Tratamiento,5
268,2025-03-03,baseline,Tratamiento,3
268,2025-03-04,baseline,Tratamiento,4
268,2025-03-05,baseline,Tratamiento,3
268,2025-03-06,baseline,Tratamiento,5
268,2025-03-07,baseline,Tratamiento,6
268,2025-03-10,baseline,Tratamiento,3
268,2025-03-11,baseline,Tratamiento,4
268,2025-03-12,baseline,Tratamiento,4
268,2025-03-13,baseline,Tratamiento,4
268,2025-03-14,baseline,Tratamiento,5
268,2025-03-17,baseline,Tratamiento,4
268,2025-03-18,baseline,Tratamiento,5
268,2025-03-19,baseline,Tratamiento,6
268,2025-03-20,baseline,Tratamiento,6
268,2025-03-21,baseline,Tratamiento,4
268,2025-03-24,baseline,Tratamiento,6
268,2025-03-25,baseline,Tratamiento,6
268,2025-03-26,baseline,Tratamiento,6
268,2025-03-27,baseline,Tratamiento,4
268,2025-03-28,baseline,Tratamiento,4
268,2025-03-31,intervencion,Tratamiento,4
268,2025-04-01,intervencion,Tratamiento,4
268,2025-04-02,intervencion,Tratamiento,5
268,2025-04-03,intervencion,Tratamiento,6
268,2025-04-04,intervencion,Tratamiento,6
268,2025-04-07,intervencion,Tratamiento,5
268,2025-04-08,intervencion,Tratamiento,5
268,2025-04-09,intervencion,Tratamiento,5
268,2025-04-10,intervencion,Tratamiento,4
268,2025-04-11,intervencion,Tratamiento,6
268,2025-04-14,intervencion,Tratamiento,5
268,2025-04-15,intervencion,Tratamiento,5
268,2025-04-16,intervencion,Tratamiento,5
268,2025-04-17,intervencion,Tratamiento,6
268,2025-04-18,intervencion,Tratamiento,5
268,2025-04-21,intervencion,Tratamiento,4
268,2025-04-22,intervencion,Tratamiento,6
268,2025-04-23,intervencion,Tratamiento,5
268,2025-04-24,intervencion,Tratamiento,5
268,2025-04-25,intervencion,Tratamiento,5
269,2025-03-03,baseline,Tratamiento,5
269,2025-03-04,baseline,Tratamiento,6
269,2025-03-05,baseline,Tratamiento,4
269,2025-03-06,baseline,Tratamiento,6
269,2025-03-07,baseline,Tratamiento,5
269,2025-03-10,baseline,Tratamiento,4
269,2025-03-11,baseline,Tratamiento,4
269,2025-03-12,baseline,Tratamiento,4
269,2025-03-13,baseline,Tratamiento,3
269,2025-03-14,baseline,Tratamiento,5
269,2025-03-17,baseline,Tratamiento,6
269,2025-03-18,baseline,Tratamiento,3
269,2025-03-19,baseline,Tratamiento,4
269,2025-03-20,baseline,Tratamiento,5
269,2025-03-21,baseline,Tratamiento,5
269,2025-03-24,baseline,Tratamiento,5
269,2025-03-25,baseline,Tratamiento,5
269,2025-03-26,baseline,Tratamiento,4
269,2025-03-27,baseline,Tratamiento,4
269,2025-03-28,baseline,Tratamiento,2
269,2025-03-31,intervencion,Tratamiento,4
269,2025-04-01,intervencion,Tratamiento,6
269,2025-04-02,intervencion,Tratamiento,6
269,2025-04-03,intervencion,Tratamiento,6
269,2025-04-04,intervencion,Tratamiento,5
269,2025-04-07,intervencion,Tratamiento,3
269,2025-04-08,intervencion,Tratamiento,4
269,2025-04-09,intervencion,Tratamiento,6
269,2025-04-10,intervencion,Tratamiento,6
269,2025-04-11,intervencion,Tratamiento,6
269,2025-04-14,intervencion,Tratamiento,5
269,2025-04-15,intervencion,Tratamiento,4
269,2025-04-16,intervencion,Tratamiento,5
269,2025-04-17,intervencion,Tratamiento,5
269,2025-04-18,intervencion,Tratamiento,6
269,2025-04-21,intervencion,Tratamiento,5
269,2025-04-22,intervencion,Tratamiento,5
269,2025-04-23,intervencion,Tratamiento,5
269,2025-04-24,intervencion,Tratamiento,5
269,2025-04-25,intervencion,Tratamiento,6
270,2025-03-03,baseline,Tratamiento,4
270,2025-03-04,baseline,Tratamiento,4
270,2025-03-05,baseline,Tratamiento,6
270,2025-03-06,baseline,Tratamiento,3
270,2025-03-07,baseline,Tratamiento,6
270,2025-03-10,baseline,Tratamiento,3
270,2025-03-11,baseline,Tratamiento,4
270,2025-03-12,baseline,Tratamiento,5
270,2025-03-13,baseline,Tratamiento,5
270,2025-03-14,baseline,Tratamiento,3
270,2025-03-17,baseline,Tratamiento,5
270,2025-03-18,baseline,Tratamiento,5
270,2025-03-19,baseline,Tratamiento,4
270,2025-03-20,baseline,Tratamiento,4
270,2025-03-21,baseline,Tratamiento,5
270,2025-03-24,baseline,Tratamiento,4
270,2025-03-25,baseline,Tratamiento,7
270,2025-03-26,baseline,Tratamiento,4
270,2025-03-27,baseline,Tratamiento,4
270,2025-03-28,baseline,Tratamiento,4
270,2025-03-31,intervencion,Tratamiento,7
270,2025-04-01,intervencion,Tratamiento,3
270,2025-04-02,intervencion,Tratamiento,5
270,2025-04-03,intervencion,Tratamiento,5
270,2025-04-04,intervencion,Tratamiento,4
270,2025-04-07,intervencion,Tratamiento,4
270,2025-04-08,intervencion,Tratamiento,5
270,2025-04-09,intervencion,Tratamiento,4
270,2025-04-10,intervencion,Tratamiento,5
270,2025-04-11,intervencion,Tratamiento,7
270,2025-04-14,intervencion,Tratamiento,5
270,2025-04-15,intervencion,Tratamiento,4
270,2025-04-16,intervencion,Tratamiento,4
270,2025-04-17,intervencion,Tratamiento,5
270,2025-04-18,intervencion,Tratamiento,5
270,2025-04-21,intervencion,Tratamiento,5
270,2025-04-22,intervencion,Tratamiento,5
270,2025-04-23,intervencion,Tratamiento,7
270,2025-04-24,intervencion,Tratamiento,5
270,2025-04-25,intervencion,Tratamiento,4
271,2025-03-03,baseline,Control,6
271,2025-03-04,baseline,Control,6
271,2025-03-05,baseline,Control,5
271,2025-03-06,baseline,Control,4
271,2025-03-07,baseline,Control,5
271,2025-03-10,baseline,Control,4
271,2025-03-11,baseline,Control,3
271,2025-03-12,baseline,Control,5
271,2025-03-13,baseline,Control,5
271,2025-03-14,baseline,Control,6
271,2025-03-17,baseline,Control,4
271,2025-03-18,baseline,Control,5
271,2025-03-19,baseline,Control,5
271,2025-03-20,baseline,Control,5
271,2025-03-21,baseline,Control,5
271,2025-03-24,baseline,Control,5
271,2025-03-25,baseline,Control,5
271,2025-03-26,baseline,Control,5
271,2025-03-27,baseline,Control,6
271,2025-03-28,baseline,Control,4
271,2025-03-31,intervencion,Control,4
271,2025-04-01,intervencion,Control,4
271,2025-04-02,intervencion,Control,4
271,2025-04-03,intervencion,Control,3
271,2025-04-04,intervencion,Control,5
271,2025-04-07,intervencion,Control,5
271,2025-04-08,intervencion,Control,4
271,2025-04-09,intervencion,Control,5
271,2025-04-10,intervencion,Control,5
271,2025-04-11,intervencion,Control,6
271,2025-04-14,intervencion,Control,4
271,2025-04-15,intervencion,Control,4
271,2025-04-16,intervencion,Control,5
271,2025-04-17,intervencion,Control,6
271,2025-04-18,intervencion,Control,4
271,2025-04-21,intervencion,Control,5
271,2025-04-22,intervencion,Control,6
271,2025-04-23,intervencion,Control,2
271,2025-04-24,intervencion,Control,5
271,2025-04-25,intervencion,Control,5
272,2025-03-03,baseline,Tratamiento,4
272,2025-03-04,baseline,Tratamiento,4
272,2025-03-05,baseline,Tratamiento,4
272,2025-03-06,baseline,Tratamiento,4
272,2025-03-07,baseline,Tratamiento,4
272,2025-03-10,baseline,Tratamiento,4
272,2025-03-11,baseline,Tratamiento,4
272,2025-03-12,baseline,Tratamiento,6
272,2025-03-13,baseline,Tratamiento,4
272,2025-03-14,baseline,Tratamiento,3
272,2025-03-17,baseline,Tratamiento,6
272,2025-03-18,baseline,Tratamiento,4
272,2025-03-19,baseline,Tratamiento,4
272,2025-03-20,baseline,Tratamiento,4
272,2025-03-21,baseline,Tratamiento,5
272,2025-03-24,baseline,Tratamiento,4
272,2025-03-25,baseline,Tratamiento,5
272,2025-03-26,baseline,Tratamiento,4
272,2025-03-27,baseline,Tratamiento,4
272,2025-03-28,baseline,Tratamiento,3
272,2025-03-31,intervencion,Tratamiento,6
272,2025-04-01,intervencion,Tratamiento,5
272,2025-04-02,intervencion,Tratamiento,6
272,2025-04-03,intervencion,Tratamiento,5
272,2025-04-04,intervencion,Tratamiento,5
272,2025-04-07,intervencion,Tratamiento,5
272,2025-04-08,intervencion,Tratamiento,5
272,2025-04-09,intervencion,Tratamiento,4
272,2025-04-10,intervencion,Tratamiento,4
272,2025-04-11,intervencion,Tratamiento,5
272,2025-04-14,intervencion,Tratamiento,4
272,2025-04-15,intervencion,Tratamiento,6
272,2025-04-16,intervencion,Tratamiento,5
272,2025-04-17,intervencion,Tratamiento,4
272,2025-04-18,intervencion,Tratamiento,5
272,2025-04-21,intervencion,Tratamiento,5
272,2025-04-22,intervencion,Tratamiento,5
272,2025-04-23,intervencion,Tratamiento,5
272,2025-04-24,intervencion,Tratamiento,5
272,2025-04-25,intervencion,Tratamiento,4
273,2025-03-03,baseline,Tratamiento,3
273,2025-03-04,baseline,Tratamiento,4
273,2025-03-05,baseline,Tratamiento,5
273,2025-03-06,baseline,Tratamiento,4
273,2025-03-07,baseline,Tratamiento,6
273,2025-03-10,baseline,Tratamiento,5
273,2025-03-11,baseline,Tratamiento,6
273,2025-03-12,baseline,Tratamiento,6
273,2025-03-13,baseline,Tratamiento,6
273,2025-03-14,baseline,Tratamiento,4
273,2025-03-17,baseline,Tratamiento,5
273,2025-03-18,baseline,Tratamiento,6
273,2025-03-19,baseline,Tratamiento,5
273,2025-03-20,baseline,Tratamiento,5
273,2025-03-21,baseline,Tratamiento,3
273,2025-03-24,baseline,Tratamiento,6
273,2025-03-25,baseline,Tratamiento,4
273,2025-03-26,baseline,Tratamiento,3
273,2025-03-27,baseline,Tratamiento,4
273,2025-03-28,baseline,Tratamiento,2
273,2025-03-31,intervencion,Tratamiento,4
273,2025-04-01,intervencion,Tratamiento,7
273,2025-04-02,intervencion,Tratamiento,5
273,2025-04-03,intervencion,Tratamiento,4
273,2025-04-04,intervencion,Tratamiento,5
273,2025-04-07,intervencion,Tratamiento,4
273,2025-04-08,intervencion,Tratamiento,6
273,2025-04-09,intervencion,Tratamiento,4
273,2025-04-10,intervencion,Tratamiento,5
273,2025-04-11,intervencion,Tratamiento,4
273,2025-04-14,intervencion,Tratamiento,7
273,2025-04-15,intervencion,Tratamiento,5
273,2025-04-16,intervencion,Tratamiento,5
273,2025-04-17,intervencion,Tratamiento,5
273,2025-04-18,intervencion,Tratamiento,4
273,2025-04-21,intervencion,Tratamiento,4
273,2025-04-22,intervencion,Tratamiento,4
273,2025-04-23,intervencion,Tratamiento,6
273,2025-04-24,intervencion,Tratamiento,4
273,2025-04-25,intervencion,Tratamiento,3
274,2025-03-03,baseline,Control,4
274,2025-03-04,baseline,Control,5
274,2025-03-05,baseline,Control,4
274,2025-03-06,baseline,Control,4
274,2025-03-07,baseline,Control,6
274,2025-03-10,baseline,Control,4
274,2025-03-11,baseline,Control,5
274,2025-03-12,baseline,Control,4
274,2025-03-13,baseline,Control,5
274,2025-03-14,baseline,Control,4
274,2025-03-17,baseline,Control,4
274,2025-03-18,baseline,Control,5
274,2025-03-19,baseline,Control,5
274,2025-03-20,baseline,Control,4
274,2025-03-21,baseline,Control,4
274,2025-03-24,baseline,Control,6
274,2025-03-25,baseline,Control,5
274,2025-03-26,baseline,Control,4
274,2025-03-27,baseline,Control,4
274,2025-03-28,baseline,Control,6
274,2025-03-31,intervencion,Control,5
274,2025-04-01,intervencion,Control,4
274,2025-04-02,intervencion,Control,5
274,2025-04-03,intervencion,Control,5
274,2025-04-04,intervencion,Control,5
274,2025-04-07,intervencion,Control,6
274,2025-04-08,intervencion,Control,6
274,2025-04-09,intervencion,Control,5
274,2025-04-10,intervencion,Control,6
274,2025-04-11,intervencion,Control,5
274,2025-04-14,intervencion,Control,5
274,2025-04-15,intervencion,Control,6
274,2025-04-16,intervencion,Control,6
274,2025-04-17,intervencion,Control,5
274,2025-04-18,intervencion,Control,5
274,2025-04-21,intervencion,Control,6
274,2025-04-22,intervencion,Control,4
274,2025-04-23,intervencion,Control,4
274,2025-04-24,intervencion,Control,4
274,2025-04-25,intervencion,Control,4
275,2025-03-03,baseline,Tratamiento,3
275,2025-03-04,baseline,Tratamiento,6
275,2025-03-05,baseline,Tratamiento,4
275,2025-03-06,baseline,Tratamiento,5
275,2025-03-07,baseline,Tratamiento,3
275,2025-03-10,baseline,Tratamiento,5
275,2025-03-11,baseline,Tratamiento,4
275,2025-03-12,baseline,Tratamiento,4
275,2025-03-13,baseline,Tratamiento,5
275,2025-03-14,baseline,Tratamiento,4
275,2025-03-17,baseline,Tratamiento,4
275,2025-03-18,baseline,Tratamiento,5
275,2025-03-19,baseline,Tratamiento,5
275,2025-03-20,baseline,Tratamiento,4
275,2025-03-21,baseline,Tratamiento,4
275,2025-03-24,baseline,Tratamiento,5
275,2025-03-25,baseline,Tratamiento,5
275,2025-03-26,baseline,Tratamiento,6
275,2025-03-27,baseline,Tratamiento,4
275,2025-03-28,baseline,Tratamiento,4
275,2025-03-31,intervencion,Tratamiento,6
275,2025-04-01,intervencion,Tratamiento,7
275,2025-04-02,intervencion,Tratamiento,4
275,2025-04-03,intervencion,Tratamiento,4
275,2025-04-04,intervencion,Tratamiento,5
275,2025-04-07,intervencion,Tratamiento,4
275,2025-04-08,intervencion,Tratamiento,4
275,2025-04-09,intervencion,Tratamiento,5
275,2025-04-10,intervencion,Tratamiento,6
275,2025-04-11,intervencion,Tratamiento,4
275,2025-04-14,intervencion,Tratamiento,6
275,2025-04-15,intervencion,Tratamiento,4
275,2025-04-16,intervencion,Tratamiento,5
275,2025-04-17,intervencion,Tratamiento,6
275,2025-04-18,intervencion,Tratamiento,5
275,2025-04-21,intervencion,Tratamiento,5
275,2025-04-22,intervencion,Tratamiento,6
275,2025-04-23,intervencion,Tratamiento,5
275,2025-04-24,intervencion,Tratamiento,5
275,2025-04-25,intervencion,Tratamiento,5
276,2025-03-03,baseline,Tratamiento,5
276,2025-03-04,baseline,Tratamiento,3
276,2025-03-05,baseline,Tratamiento,4
276,2025-03-06,baseline,Tratamiento,3
276,2025-03-07,baseline,Tratamiento,5
276,2025-03-10,baseline,Tratamiento,3
276,2025-03-11,baseline,Tratamiento,4
276,2025-03-12,baseline,Tratamiento,4
276,2025-03-13,baseline,Tratamiento,6
276,2025-03-14,baseline,Tratamiento,4
276,2025-03-17,baseline,Tratamiento,3
276,2025-03-18,baseline,Tratamiento,5
276,2025-03-19,baseline,Tratamiento,6
276,2025-03-20,baseline,Tratamiento,4
276,2025-03-21,baseline,Tratamiento,5
276,2025-03-24,baseline,Tratamiento,6
276,2025-03-25,baseline,Tratamiento,5
276,2025-03-26,baseline,Tratamiento,5
276,2025-03-27,baseline,Tratamiento,4
276,2025-03-28,baseline,Tratamiento,5
276,2025-03-31,intervencion,Tratamiento,4
276,2025-04-01,intervencion,Tratamiento,4
276,2025-04-02,intervencion,Tratamiento,6
276,2025-04-03,intervencion,Tratamiento,6
276,2025-04-04,intervencion,Tratamiento,5
276,2025-04-07,intervencion,Tratamiento,3
276,2025-04-08,intervencion,Tratamiento,4
276,2025-04-09,intervencion,Tratamiento,4
276,2025-04-10,intervencion,Tratamiento,5
276,2025-04-11,intervencion,Tratamiento,4
276,2025-04-14,intervencion,Tratamiento,5
276,2025-04-15,intervencion,Tratamiento,7
276,2025-04-16,intervencion,Tratamiento,5
276,2025-04-17,intervencion,Tratamiento,5
276,2025-04-18,intervencion,Tratamiento,4
276,2025-04-21,intervencion,Tratamiento,3
276,2025-04-22,intervencion,Tratamiento,4
276,2025-04-23,intervencion,Tratamiento,3
276,2025-04-24,intervencion,Tratamiento,5
276,2025-04-25,intervencion,Tratamiento,5
277,2025-03-03,baseline,Tratamiento,4
277,2025-03-04,baseline,Tratamiento,5
277,2025-03-05,baseline,Tratamiento,6
277,2025-03-06,baseline,Tratamiento,6
277,2025-03-07,baseline,Tratamiento,5
277,2025-03-10,baseline,Tratamiento,4
277,2025-03-11,baseline,Tratamiento,5
277,2025-03-12,baseline,Tratamiento,6
277,2025-03-13,baseline,Tratamiento,3
277,2025-03-14,baseline,Tratamiento,6
277,2025-03-17,baseline,Tratamiento,4
277,2025-03-18,baseline,Tratamiento,4
277,2025-03-19,baseline,Tratamiento,4
277,2025-03-20,baseline,Tratamiento,5
277,2025-03-21,baseline,Tratamiento,4
277,2025-03-24,baseline,Tratamiento,4
277,2025-03-25,baseline,Tratamiento,5
277,2025-03-26,baseline,Tratamiento,5
277,2025-03-27,baseline,Tratamiento,5
277,2025-03-28,baseline,Tratamiento,4
277,2025-03-31,intervencion,Tratamiento,6
277,2025-04-01,intervencion,Tratamiento,6
277,2025-04-02,intervencion,Tratamiento,6
277,2025-04-03,intervencion,Tratamiento,5
277,2025-04-04,intervencion,Tratamiento,6
277,2025-04-07,intervencion,Tratamiento,6
277,2025-04-08,intervencion,Tratamiento,7
277,2025-04-09,intervencion,Tratamiento,6
277,2025-04-10,intervencion,Tratamiento,5
277,2025-04-11,intervencion,Tratamiento,4
277,2025-04-14,intervencion,Tratamiento,5
277,2025-04-15,intervencion,Tratamiento,5
277,2025-04-16,intervencion,Tratamiento,5
277,2025-04-17,intervencion,Tratamiento,4
277,2025-04-18,intervencion,Tratamiento,6
277,2025-04-21,intervencion,Tratamiento,4
277,2025-04-22,intervencion,Tratamiento,3
277,2025-04-23,intervencion,Tratamiento,5
277,2025-04-24,intervencion,Tratamiento,4
277,2025-04-25,intervencion,Tratamiento,4
278,2025-03-03,baseline,Control,4
278,2025-03-04,baseline,Control,4
278,2025-03-05,baseline,Control,5
278,2025-03-06,baseline,Control,4
278,2025-03-07,baseline,Control,4
278,2025-03-10,baseline,Control,5
278,2025-03-11,baseline,Control,6
278,2025-03-12,baseline,Control,6
278,2025-03-13,baseline,Control,5
278,2025-03-14,baseline,Control,5
278,2025-03-17,baseline,Control,4
278,2025-03-18,baseline,Control,5
278,2025-03-19,baseline,Control,5
278,2025-03-20,baseline,Control,6
278,2025-03-21,baseline,Control,3
278,2025-03-24,baseline,Control,4
278,2025-03-25,baseline,Control,5
278,2025-03-26,baseline,Control,5
278,2025-03-27,baseline,Control,4
278,2025-03-28,baseline,Control,3
278,2025-03-31,intervencion,Control,5
278,2025-04-01,intervencion,Control,4
278,2025-04-02,intervencion,Control,3
278,2025-04-03,intervencion,Control,5
278,2025-04-04,intervencion,Control,5
278,2025-04-07,intervencion,Control,4
278,2025-04-08,intervencion,Control,4
278,2025-04-09,intervencion,Control,4
278,2025-04-10,intervencion,Control,6
278,2025-04-11,intervencion,Control,3
278,2025-04-14,intervencion,Control,3
278,2025-04-15,intervencion,Control,4
278,2025-04-16,intervencion,Control,5
278,2025-04-17,intervencion,Control,4
278,2025-04-18,intervencion,Control,5
278,2025-04-21,intervencion,Control,6
278,2025-04-22,intervencion,Control,5
278,2025-04-23,intervencion,Control,5
278,2025-04-24,intervencion,Control,5
278,2025-04-25,intervencion,Control,5
279,2025-03-03,baseline,Tratamiento,3
279,2025-03-04,baseline,Tratamiento,4
279,2025-03-05,baseline,Tratamiento,3
279,2025-03-06,baseline,Tratamiento,4
279,2025-03-07,baseline,Tratamiento,5
279,2025-03-10,baseline,Tratamiento,3
279,2025-03-11,baseline,Tratamiento,5
279,2025-03-12,baseline,Tratamiento,4
279,2025-03-13,baseline,Tratamiento,4
279,2025-03-14,baseline,Tratamiento,4
279,2025-03-17,baseline,Tratamiento,4
279,2025-03-18,baseline,Tratamiento,5
279,2025-03-19,baseline,Tratamiento,4
279,2025-03-20,baseline,Tratamiento,5
279,2025-03-21,baseline,Tratamiento,4
279,2025-03-24,baseline,Tratamiento,4
279,2025-03-25,baseline,Tratamiento,6
279,2025-03-26,baseline,Tratamiento,3
279,2025-03-27,baseline,Tratamiento,6
279,2025-03-28,baseline,Tratamiento,6
279,2025-03-31,intervencion,Tratamiento,6
279,2025-04-01,intervencion,Tratamiento,5
279,2025-04-02,intervencion,Tratamiento,6
279,2025-04-03,intervencion,Tratamiento,5
279,2025-04-04,intervencion,Tratamiento,4
279,2025-04-07,intervencion,Tratamiento,5
279,2025-04-08,intervencion,Tratamiento,4
279,2025-04-09,intervencion,Tratamiento,4
279,2025-04-10,intervencion,Tratamiento,6
279,2025-04-11,intervencion,Tratamiento,4
279,2025-04-14,intervencion,Tratamiento,5
279,2025-04-15,intervencion,Tratamiento,4
279,2025-04-16,intervencion,Tratamiento,5
279,2025-04-17,intervencion,Tratamiento,4
279,2025-04-18,intervencion,Tratamiento,4
279,2025-04-21,intervencion,Tratamiento,5
279,2025-04-22,intervencion,Tratamiento,6
279,2025-04-23,intervencion,Tratamiento,5
279,2025-04-24,intervencion,Tratamiento,5
279,2025-04-25,intervencion,Tratamiento,5
280,2025-03-03,baseline,Tratamiento,4
280,2025-03-04,baseline,Tratamiento,5
280,2025-03-05,baseline,Tratamiento,4
280,2025-03-06,baseline,Tratamiento,5
280,2025-03-07,baseline,Tratamiento,6
280,2025-03-10,baseline,Tratamiento,4
280,2025-03-11,baseline,Tratamiento,4
280,2025-03-12,baseline,Tratamiento,4
280,2025-03-13,baseline,Tratamiento,3
280,2025-03-14,baseline,Tratamiento,4
280,2025-03-17,baseline,Tratamiento,6
280,2025-03-18,baseline,Tratamiento,4
280,2025-03-19,baseline,Tratamiento,6
280,2025-03-20,baseline,Tratamiento,4
280,2025-03-21,baseline,Tratamiento,7
280,2025-03-24,baseline,Tratamiento,4
280,2025-03-25,baseline,Tratamiento,4
280,2025-03-26,baseline,Tratamiento,4
280,2025-03-27,baseline,Tratamiento,4
280,2025-03-28,baseline,Tratamiento,6
280,2025-03-31,intervencion,Tratamiento,5
280,2025-04-01,intervencion,Tratamiento,6
280,2025-04-02,intervencion,Tratamiento,4
280,2025-04-03,intervencion,Tratamiento,6
280,2025-04-04,intervencion,Tratamiento,4
280,2025-04-07,intervencion,Tratamiento,4
280,2025-04-08,intervencion,Tratamiento,5
280,2025-04-09,intervencion,Tratamiento,5
280,2025-04-10,intervencion,Tratamiento,5
280,2025-04-11,intervencion,Tratamiento,6
280,2025-04-14,intervencion,Tratamiento,6
280,2025-04-15,intervencion,Tratamiento,6
280,2025-04-16,intervencion,Tratamiento,4
280,2025-04-17,intervencion,Tratamiento,6
280,2025-04-18,intervencion,Tratamiento,7
280,2025-04-21,intervencion,Tratamiento,5
280,2025-04-22,intervencion,Tratamiento,3
280,2025-04-23,intervencion,Tratamiento,4
280,2025-04-24,intervencion,Tratamiento,5
280,2025-04-25,intervencion,Tratamiento,7
281,2025-03-03,baseline,Control,5
281,2025-03-04,baseline,Control,4
281,2025-03-05,baseline,Control,4
281,2025-03-06,baseline,Control,3
281,2025-03-07,baseline,Control,5
281,2025-03-10,baseline,Control,5
281,2025-03-11,baseline,Control,6
281,2025-03-12,baseline,Control,5
281,2025-03-13,baseline,Control,5
281,2025-03-14,baseline,Control,4
281,2025-03-17,baseline,Control,4
281,2025-03-18,baseline,Control,4
281,2025-03-19,baseline,Control,3
281,2025-03-20,baseline,Control,5
281,2025-03-21,baseline,Control,4
281,2025-03-24,baseline,Control,5
281,2025-03-25,baseline,Control,5
281,2025-03-26,baseline,Control,4
281,2025-03-27,baseline,Control,4
281,2025-03-28,baseline,Control,5
281,2025-03-31,intervencion,Control,4
281,2025-04-01,intervencion,Control,5
281,2025-04-02,intervencion,Control,4
281,2025-04-03,intervencion,Control,5
281,2025-04-04,intervencion,Control,6
281,2025-04-07,intervencion,Control,5
281,2025-04-08,intervencion,Control,5
281,2025-04-09,intervencion,Control,5
281,2025-04-10,intervencion,Control,6
281,2025-04-11,intervencion,Control,5
281,2025-04-14,intervencion,Control,5
281,2025-04-15,intervencion,Control,5
281,2025-04-16,intervencion,Control,4
281,2025-04-17,intervencion,Control,4
281,2025-04-18,intervencion,Control,6
281,2025-04-21,intervencion,Control,4
281,2025-04-22,intervencion,Control,5
281,2025-04-23,intervencion,Control,5
281,2025-04-24,intervencion,Control,5
281,2025-04-25,intervencion,Control,4
282,2025-03-03,baseline,Tratamiento,4
282,2025-03-04,baseline,Tratamiento,5
282,2025-03-05,baseline,Tratamiento,4
282,2025-03-06,baseline,Tratamiento,3
282,2025-03-07,baseline,Tratamiento,6
282,2025-03-10,baseline,Tratamiento,4
282,2025-03-11,baseline,Tratamiento,4
282,2025-03-12,baseline,Tratamiento,4
282,2025-03-13,baseline,Tratamiento,6
282,2025-03-14,baseline,Tratamiento,3
282,2025-03-17,baseline,Tratamiento,6
282,2025-03-18,baseline,Tratamiento,4
282,2025-03-19,baseline,Tratamiento,5
282,2025-03-20,baseline,Tratamiento,4
282,2025-03-21,baseline,Tratamiento,6
282,2025-03-24,baseline,Tratamiento,5
282,2025-03-25,baseline,Tratamiento,4
282,2025-03-26,baseline,Tratamiento,4
282,2025-03-27,baseline,Tratamiento,5
282,2025-03-28,baseline,Tratamiento,5
282,2025-03-31,intervencion,Tratamiento,5
282,2025-04-01,intervencion,Tratamiento,5
282,2025-04-02,intervencion,Tratamiento,4
282,2025-04-03,intervencion,Tratamiento,5
282,2025-04-04,intervencion,Tratamiento,5
282,2025-04-07,intervencion,Tratamiento,4
282,2025-04-08,intervencion,Tratamiento,6
282,2025-04-09,intervencion,Tratamiento,5
282,2025-04-10,intervencion,Tratamiento,5
282,2025-04-11,intervencion,Tratamiento,6
282,2025-04-14,intervencion,Tratamiento,3
282,2025-04-15,intervencion,Tratamiento,4
282,2025-04-16,intervencion,Tratamiento,6
282,2025-04-17,intervencion,Tratamiento,7
282,2025-04-18,intervencion,Tratamiento,7
282,2025-04-21,intervencion,Tratamiento,5
282,2025-04-22,intervencion,Tratamiento,5
282,2025-04-23,intervencion,Tratamiento,6
282,2025-04-24,intervencion,Tratamiento,6
282,2025-04-25,intervencion,Tratamiento,5
283,2025-03-03,baseline,Control,5
283,2025-03-04,baseline,Control,5
283,2025-03-05,baseline,Control,5
283,2025-03-06,baseline,Control,4
283,2025-03-07,baseline,Control,4
283,2025-03-10,baseline,Control,4
283,2025-03-11,baseline,Control,4
283,2025-03-12,baseline,Control,3
283,2025-03-13,baseline,Control,4
283,2025-03-14,baseline,Control,4
283,2025-03-17,baseline,Control,5
283,2025-03-18,baseline,Control,5
283,2025-03-19,baseline,Control,5
283,2025-03-20,baseline,Control,4
283,2025-03-21,baseline,Control,4
283,2025-03-24,baseline,Control,5
283,2025-03-25,baseline,Control,5
283,2025-03-26,baseline,Control,4
283,2025-03-27,baseline,Control,4
283,2025-03-28,baseline,Control,4
283,2025-03-31,intervencion,Control,4
283,2025-04-01,intervencion,Control,4
283,2025-04-02,intervencion,Control,4
283,2025-04-03,intervencion,Control,5
283,2025-04-04,intervencion,Control,5
283,2025-04-07,intervencion,Control,6
283,2025-04-08,intervencion,Control,6
283,2025-04-09,intervencion,Control,6
283,2025-04-10,intervencion,Control,5
283,2025-04-11,intervencion,Control,5
283,2025-04-14,intervencion,Control,4
283,2025-04-15,intervencion,Control,5
283,2025-04-16,intervencion,Control,4
283,2025-04-17,intervencion,Control,3
283,2025-04-18,intervencion,Control,6
283,2025-04-21,intervencion,Control,3
283,2025-04-22,intervencion,Control,5
283,2025-04-23,intervencion,Control,4
283,2025-04-24,intervencion,Control,6
283,2025-04-25,intervencion,Control,6
284,2025-03-03,baseline,Tratamiento,5
284,2025-03-04,baseline,Tratamiento,6
284,2025-03-05,baseline,Tratamiento,5
284,2025-03-06,baseline,Tratamiento,7
284,2025-03-07,baseline,Tratamiento,5
284,2025-03-10,baseline,Tratamiento,4
284,2025-03-11,baseline,Tratamiento,5
284,2025-03-12,baseline,Tratamiento,4
284,2025-03-13,baseline,Tratamiento,4
284,2025-03-14,baseline,Tratamiento,3
284,2025-03-17,baseline,Tratamiento,5
284,2025-03-18,baseline,Tratamiento,3
284,2025-03-19,baseline,Tratamiento,2
284,2025-03-20,baseline,Tratamiento,4
284,2025-03-21,baseline,Tratamiento,4
284,2025-03-24,baseline,Tratamiento,4
284,2025-03-25,baseline,Tratamiento,2
284,2025-03-26,baseline,Tratamiento,4
284,2025-03-27,baseline,Tratamiento,4
284,2025-03-28,baseline,Tratamiento,4
284,2025-03-31,intervencion,Tratamiento,5
284,2025-04-01,intervencion,Tratamiento,6
284,2025-04-02,intervencion,Tratamiento,5
284,2025-04-03,intervencion,Tratamiento,6
284,2025-04-04,intervencion,Tratamiento,6
284,2025-04-07,intervencion,Tratamiento,4
284,2025-04-08,intervencion,Tratamiento,5
284,2025-04-09,intervencion,Tratamiento,6
284,2025-04-10,intervencion,Tratamiento,5
284,2025-04-11,intervencion,Tratamiento,4
284,2025-04-14,intervencion,Tratamiento,5
284,2025-04-15,intervencion,Tratamiento,4
284,2025-04-16,intervencion,Tratamiento,4
284,2025-04-17,intervencion,Tratamiento,4
284,2025-04-18,intervencion,Tratamiento,5
284,2025-04-21,intervencion,Tratamiento,5
284,2025-04-22,intervencion,Tratamiento,6
284,2025-04-23,intervencion,Tratamiento,4
284,2025-04-24,intervencion,Tratamiento,4
284,2025-04-25,intervencion,Tratamiento,5
285,2025-03-03,baseline,Tratamiento,4
285,2025-03-04,baseline,Tratamiento,4
285,2025-03-05,baseline,Tratamiento,3
285,2025-03-06,baseline,Tratamiento,5
285,2025-03-07,baseline,Tratamiento,6
285,2025-03-10,baseline,Tratamiento,4
285,2025-03-11,baseline,Tratamiento,6
285,2025-03-12,baseline,Tratamiento,5
285,2025-03-13,baseline,Tratamiento,3
285,2025-03-14,baseline,Tratamiento,4
285,2025-03-17,baseline,Tratamiento,4
285,2025-03-18,baseline,Tratamiento,4
285,2025-03-19,baseline,Tratamiento,5
285,2025-03-20,baseline,Tratamiento,6
285,2025-03-21,baseline,Tratamiento,3
285,2025-03-24,baseline,Tratamiento,4
285,2025-03-25,baseline,Tratamiento,4
285,2025-03-26,baseline,Tratamiento,3
285,2025-03-27,baseline,Tratamiento,5
285,2025-03-28,baseline,Tratamiento,5
285,2025-03-31,intervencion,Tratamiento,3
285,2025-04-01,intervencion,Tratamiento,5
285,2025-04-02,intervencion,Tratamiento,4
285,2025-04-03,intervencion,Tratamiento,5
285,2025-04-04,intervencion,Tratamiento,6
285,2025-04-07,intervencion,Tratamiento,5
285,2025-04-08,intervencion,Tratamiento,5
285,2025-04-09,intervencion,Tratamiento,4
285,2025-04-10,intervencion,Tratamiento,5
285,2025-04-11,intervencion,Tratamiento,5
285,2025-04-14,intervencion,Tratamiento,5
285,2025-04-15,intervencion,Tratamiento,5
285,2025-04-16,intervencion,Tratamiento,5
285,2025-04-17,intervencion,Tratamiento,4
285,2025-04-18,intervencion,Tratamiento,4
285,2025-04-21,intervencion,Tratamiento,6
285,2025-04-22,intervencion,Tratamiento,6
285,2025-04-23,intervencion,Tratamiento,5
285,2025-04-24,intervencion,Tratamiento,6
285,2025-04-25,intervencion,Tratamiento,5
286,2025-03-03,baseline,Control,4
286,2025-03-04,baseline,Control,4
286,2025-03-05,baseline,Control,6
286,2025-03-06,baseline,Control,5
286,2025-03-07,baseline,Control,6
286,2025-03-10,baseline,Control,7
286,2025-03-11,baseline,Control,3
286,2025-03-12,baseline,Control,3
286,2025-03-13,baseline,Control,2
286,2025-03-14,baseline,Control,5
286,2025-03-17,baseline,Control,5
286,2025-03-18,baseline,Control,5
286,2025-03-19,baseline,Control,3
286,2025-03-20,baseline,Control,5
286,2025-03-21,baseline,Control,5
286,2025-03-24,baseline,Control,5
286,2025-03-25,baseline,Control,5
286,2025-03-26,baseline,Control,5
286,2025-03-27,baseline,Control,4
286,2025-03-28,baseline,Control,6
286,2025-03-31,intervencion,Control,5
286,2025-04-01,intervencion,Control,4
286,2025-04-02,intervencion,Control,6
286,2025-04-03,intervencion,Control,6
286,2025-04-04,intervencion,Control,5
286,2025-04-07,intervencion,Control,5
286,2025-04-08,intervencion,Control,6
286,2025-04-09,intervencion,Control,3
286,2025-04-10,intervencion,Control,6
286,2025-04-11,intervencion,Control,4
286,2025-04-14,intervencion,Control,6
286,2025-04-15,intervencion,Control,5
286,2025-04-16,intervencion,Control,3
286,2025-04-17,intervencion,Control,4
286,2025-04-18,intervencion,Control,6
286,2025-04-21,intervencion,Control,4
286,2025-04-22,intervencion,Control,4
286,2025-04-23,intervencion,Control,4
286,2025-04-24,intervencion,Control,5
286,2025-04-25,intervencion,Control,6
287,2025-03-03,baseline,Tratamiento,3
287,2025-03-04,baseline,Tratamiento,7
287,2025-03-05,baseline,Tratamiento,5
287,2025-03-06,baseline,Tratamiento,5
287,2025-03-07,baseline,Tratamiento,4
287,2025-03-10,baseline,Tratamiento,5
287,2025-03-11,baseline,Tratamiento,5
287,2025-03-12,baseline,Tratamiento,4
287,2025-03-13,baseline,Tratamiento,4
287,2025-03-14,baseline,Tratamiento,6
287,2025-03-17,baseline,Tratamiento,3
287,2025-03-18,baseline,Tratamiento,5
287,2025-03-19,baseline,Tratamiento,4
287,2025-03-20,baseline,Tratamiento,4
287,2025-03-21,baseline,Tratamiento,6
287,2025-03-24,baseline,Tratamiento,4
287,2025-03-25,baseline,Tratamiento,4
287,2025-03-26,baseline,Tratamiento,4
287,2025-03-27,baseline,Tratamiento,4
287,2025-03-28,baseline,Tratamiento,5
287,2025-03-31,intervencion,Tratamiento,5
287,2025-04-01,intervencion,Tratamiento,5
287,2025-04-02,intervencion,Tratamiento,5
287,2025-04-03,intervencion,Tratamiento,4
287,2025-04-04,intervencion,Tratamiento,6
287,2025-04-07,intervencion,Tratamiento,5
287,2025-04-08,intervencion,Tratamiento,5
287,2025-04-09,intervencion,Tratamiento,6
287,2025-04-10,intervencion,Tratamiento,5
287,2025-04-11,intervencion,Tratamiento,6
287,2025-04-14,intervencion,Tratamiento,6
287,2025-04-15,intervencion,Tratamiento,6
287,2025-04-16,intervencion,Tratamiento,6
287,2025-04-17,intervencion,Tratamiento,5
287,2025-04-18,intervencion,Tratamiento,5
287,2025-04-21,intervencion,Tratamiento,5
287,2025-04-22,intervencion,Tratamiento,3
287,2025-04-23,intervencion,Tratamiento,6
287,2025-04-24,intervencion,Tratamiento,5
287,2025-04-25,intervencion,Tratamiento,6
288,2025-03-03,baseline,Tratamiento,4
288,2025-03-04,baseline,Tratamiento,5
288,2025-03-05,baseline,Tratamiento,3
288,2025-03-06,baseline,Tratamiento,4
288,2025-03-07,baseline,Tratamiento,2
288,2025-03-10,baseline,Tratamiento,4
288,2025-03-11,baseline,Tratamiento,4
288,2025-03-12,baseline,Tratamiento,4
288,2025-03-13,baseline,Tratamiento,5
288,2025-03-14,baseline,Tratamiento,4
288,2025-03-17,baseline,Tratamiento,3
288,2025-03-18,baseline,Tratamiento,7
288,2025-03-19,baseline,Tratamiento,5
288,2025-03-20,baseline,Tratamiento,4
288,2025-03-21,baseline,Tratamiento,4
288,2025-03-24,baseline,Tratamiento,4
288,2025-03-25,baseline,Tratamiento,4
288,2025-03-26,baseline,Tratamiento,6
288,2025-03-27,baseline,Tratamiento,5
288,2025-03-28,baseline,Tratamiento,6
288,2025-03-31,intervencion,Tratamiento,5
288,2025-04-01,intervencion,Tratamiento,5
288,2025-04-02,intervencion,Tratamiento,6
288,2025-04-03,intervencion,Tratamiento,6
288,2025-04-04,intervencion,Tratamiento,6
288,2025-04-07,intervencion,Tratamiento,5
288,2025-04-08,intervencion,Tratamiento,5
288,2025-04-09,intervencion,Tratamiento,3
288,2025-04-10,intervencion,Tratamiento,5
288,2025-04-11,intervencion,Tratamiento,6
288,2025-04-14,intervencion,Tratamiento,6
288,2025-04-15,intervencion,Tratamiento,5
288,2025-04-16,intervencion,Tratamiento,6
288,2025-04-17,intervencion,Tratamiento,5
288,2025-04-18,intervencion,Tratamiento,4
288,2025-04-21,intervencion,Tratamiento,5
288,2025-04-22,intervencion,Tratamiento,4
288,2025-04-23,intervencion,Tratamiento,6
288,2025-04-24,intervencion,Tratamiento,5
288,2025-04-25,intervencion,Tratamiento,5
289,2025-03-03,baseline,Tratamiento,4
289,2025-03-04,baseline,Tratamiento,5
289,2025-03-05,baseline,Tratamiento,3
289,2025-03-06,baseline,Tratamiento,5
289,2025-03-07,baseline,Tratamiento,5
289,2025-03-10,baseline,Tratamiento,4
289,2025-03-11,baseline,Tratamiento,5
289,2025-03-12,baseline,Tratamiento,4
289,2025-03-13,baseline,Tratamiento,6
289,2025-03-14,baseline,Tratamiento,4
289,2025-03-17,baseline,Tratamiento,5
289,2025-03-18,baseline,Tratamiento,4
289,2025-03-19,baseline,Tratamiento,4
289,2025-03-20,baseline,Tratamiento,5
289,2025-03-21,baseline,Tratamiento,4
289,2025-03-24,baseline,Tratamiento,5
289,2025-03-25,baseline,Tratamiento,5
289,2025-03-26,baseline,Tratamiento,4
289,2025-03-27,baseline,Tratamiento,5
289,2025-03-28,baseline,Tratamiento,4
289,2025-03-31,intervencion,Tratamiento,5
289,2025-04-01,intervencion,Tratamiento,5
289,2025-04-02,intervencion,Tratamiento,5
289,2025-04-03,intervencion,Tratamiento,6
289,2025-04-04,intervencion,Tratamiento,5
289,2025-04-07,intervencion,Tratamiento,5
289,2025-04-08,intervencion,Tratamiento,5
289,2025-04-09,intervencion,Tratamiento,4
289,2025-04-10,intervencion,Tratamiento,4
289,2025-04-11,intervencion,Tratamiento,3
289,2025-04-14,intervencion,Tratamiento,7
289,2025-04-15,intervencion,Tratamiento,3
289,2025-04-16,intervencion,Tratamiento,6
289,2025-04-17,intervencion,Tratamiento,4
289,2025-04-18,intervencion,Tratamiento,6
289,2025-04-21,intervencion,Tratamiento,3
289,2025-04-22,intervencion,Tratamiento,5
289,2025-04-23,intervencion,Tratamiento,6
289,2025-04-24,intervencion,Tratamiento,6
289,2025-04-25,intervencion,Tratamiento,5
290,2025-03-03,baseline,Tratamiento,3
290,2025-03-04,baseline,Tratamiento,3
290,2025-03-05,baseline,Tratamiento,6
290,2025-03-06,baseline,Tratamiento,4
290,2025-03-07,baseline,Tratamiento,5
290,2025-03-10,baseline,Tratamiento,5
290,2025-03-11,baseline,Tratamiento,3
290,2025-03-12,baseline,Tratamiento,5
290,2025-03-13,baseline,Tratamiento,4
290,2025-03-14,baseline,Tratamiento,5
290,2025-03-17,baseline,Tratamiento,4
290,2025-03-18,baseline,Tratamiento,3
290,2025-03-19,baseline,Tratamiento,4
290,2025-03-20,baseline,Tratamiento,5
290,2025-03-21,baseline,Tratamiento,5
290,2025-03-24,baseline,Tratamiento,5
290,2025-03-25,baseline,Tratamiento,5
290,2025-03-26,baseline,Tratamiento,4
290,2025-03-27,baseline,Tratamiento,5
290,2025-03-28,baseline,Tratamiento,4
290,2025-03-31,intervencion,Tratamiento,6
290,2025-04-01,intervencion,Tratamiento,5
290,2025-04-02,intervencion,Tratamiento,4
290,2025-04-03,intervencion,Tratamiento,4
290,2025-04-04,intervencion,Tratamiento,6
290,2025-04-07,intervencion,Tratamiento,4
290,2025-04-08,intervencion,Tratamiento,5
290,2025-04-09,intervencion,Tratamiento,7
290,2025-04-10,intervencion,Tratamiento,6
290,2025-04-11,intervencion,Tratamiento,6
290,2025-04-14,intervencion,Tratamiento,4
290,2025-04-15,intervencion,Tratamiento,6
290,2025-04-16,intervencion,Tratamiento,5
290,2025-04-17,intervencion,Tratamiento,5
290,2025-04-18,intervencion,Tratamiento,7
290,2025-04-21,intervencion,Tratamiento,5
290,2025-04-22,intervencion,Tratamiento,5
290,2025-04-23,intervencion,Tratamiento,4
290,2025-04-24,intervencion,Tratamiento,6
290,2025-04-25,intervencion,Tratamiento,4
291,2025-03-03,baseline,Control,6
291,2025-03-04,baseline,Control,3
291,2025-03-05,baseline,Control,5
291,2025-03-06,baseline,Control,4
291,2025-03-07,baseline,Control,5
291,2025-03-10,baseline,Control,5
291,2025-03-11,baseline,Control,4
291,2025-03-12,baseline,Control,4
291,2025-03-13,baseline,Control,4
291,2025-03-14,baseline,Control,5
291,2025-03-17,baseline,Control,4
291,2025-03-18,baseline,Control,4
291,2025-03-19,baseline,Control,5
291,2025-03-20,baseline,Control,6
291,2025-03-21,baseline,Control,5
291,2025-03-24,baseline,Control,4
291,2025-03-25,baseline,Control,5
291,2025-03-26,baseline,Control,3
291,2025-03-27,baseline,Control,4
291,2025-03-28,baseline,Control,4
291,2025-03-31,intervencion,Control,4
291,2025-04-01,intervencion,Control,3
291,2025-04-02,intervencion,Control,5
291,2025-04-03,intervencion,Control,5
291,2025-04-04,intervencion,Control,5
291,2025-04-07,intervencion,Control,4
291,2025-04-08,intervencion,Control,5
291,2025-04-09,intervencion,Control,5
291,2025-04-10,intervencion,Control,4
291,2025-04-11,intervencion,Control,5
291,2025-04-14,intervencion,Control,4
291,2025-04-15,intervencion,Control,5
291,2025-04-16,intervencion,Control,6
291,2025-04-17,intervencion,Control,6
291,2025-04-18,intervencion,Control,6
291,2025-04-21,intervencion,Control,5
291,2025-04-22,intervencion,Control,5
291,2025-04-23,intervencion,Control,4
291,2025-04-24,intervencion,Control,3
291,2025-04-25,intervencion,Control,3
292,2025-03-03,baseline,Control,4
292,2025-03-04,baseline,Control,5
292,2025-03-05,baseline,Control,6
292,2025-03-06,baseline,Control,6
292,2025-03-07,baseline,Control,4
292,2025-03-10,baseline,Control,5
292,2025-03-11,baseline,Control,4
292,2025-03-12,baseline,Control,5
292,2025-03-13,baseline,Control,5
292,2025-03-14,baseline,Control,6
292,2025-03-17,baseline,Control,4
292,2025-03-18,baseline,Control,6
292,2025-03-19,baseline,Control,3
292,2025-03-20,baseline,Control,6
292,2025-03-21,baseline,Control,5
292,2025-03-24,baseline,Control,5
292,2025-03-25,baseline,Control,3
292,2025-03-26,baseline,Control,4
292,2025-03-27,baseline,Control,6
292,2025-03-28,baseline,Control,4
292,2025-03-31,intervencion,Control,5
292,2025-04-01,intervencion,Control,5
292,2025-04-02,intervencion,Control,6
292,2025-04-03,intervencion,Control,5
292,2025-04-04,intervencion,Control,4
292,2025-04-07,intervencion,Control,5
292,2025-04-08,intervencion,Control,6
292,2025-04-09,intervencion,Control,5
292,2025-04-10,intervencion,Control,4
292,2025-04-11,intervencion,Control,7
292,2025-04-14,intervencion,Control,6
292,2025-04-15,intervencion,Control,5
292,2025-04-16,intervencion,Control,5
292,2025-04-17,intervencion,Control,5
292,2025-04-18,intervencion,Control,5
292,2025-04-21,intervencion,Control,3
292,2025-04-22,intervencion,Control,5
292,2025-04-23,intervencion,Control,4
292,2025-04-24,intervencion,Control,4
292,2025-04-25,intervencion,Control,4
293,2025-03-03,baseline,Control,3
293,2025-03-04,baseline,Control,3
293,2025-03-05,baseline,Control,6
293,2025-03-06,baseline,Control,5
293,2025-03-07,baseline,Control,2
293,2025-03-10,baseline,Control,4
293,2025-03-11,baseline,Control,5
293,2025-03-12,baseline,Control,4
293,2025-03-13,baseline,Control,6
293,2025-03-14,baseline,Control,6
293,2025-03-17,baseline,Control,3
293,2025-03-18,baseline,Control,4
293,2025-03-19,baseline,Control,4
293,2025-03-20,baseline,Control,3
293,2025-03-21,baseline,Control,3
293,2025-03-24,baseline,Control,4
293,2025-03-25,baseline,Control,4
293,2025-03-26,baseline,Control,5
293,2025-03-27,baseline,Control,6
293,2025-03-28,baseline,Control,5
293,2025-03-31,intervencion,Control,5
293,2025-04-01,intervencion,Control,4
293,2025-04-02,intervencion,Control,5
293,2025-04-03,intervencion,Control,4
293,2025-04-04,intervencion,Control,4
293,2025-04-07,intervencion,Control,6
293,2025-04-08,intervencion,Control,3
293,2025-04-09,intervencion,Control,3
293,2025-04-10,intervencion,Control,5
293,2025-04-11,intervencion,Control,4
293,2025-04-14,intervencion,Control,3
293,2025-04-15,intervencion,Control,4
293,2025-04-16,intervencion,Control,4
293,2025-04-17,intervencion,Control,5
293,2025-04-18,intervencion,Control,6
293,2025-04-21,intervencion,Control,6
293,2025-04-22,intervencion,Control,3
293,2025-04-23,intervencion,Control,3
293,2025-04-24,intervencion,Control,3
293,2025-04-25,intervencion,Control,6
294,2025-03-03,baseline,Control,5
294,2025-03-04,baseline,Control,5
294,2025-03-05,baseline,Control,5
294,2025-03-06,baseline,Control,5
294,2025-03-07,baseline,Control,4
294,2025-03-10,baseline,Control,5
294,2025-03-11,baseline,Control,4
294,2025-03-12,baseline,Control,4
294,2025-03-13,baseline,Control,5
294,2025-03-14,baseline,Control,4
294,2025-03-17,baseline,Control,5
294,2025-03-18,baseline,Control,4
294,2025-03-19,baseline,Control,5
294,2025-03-20,baseline,Control,5
294,2025-03-21,baseline,Control,4
294,2025-03-24,baseline,Control,5
294,2025-03-25,baseline,Control,5
294,2025-03-26,baseline,Control,5
294,2025-03-27,baseline,Control,6
294,2025-03-28,baseline,Control,4
294,2025-03-31,intervencion,Control,5
294,2025-04-01,intervencion,Control,3
294,2025-04-02,intervencion,Control,4
294,2025-04-03,intervencion,Control,4
294,2025-04-04,intervencion,Control,6
294,2025-04-07,intervencion,Control,4
294,2025-04-08,intervencion,Control,5
294,2025-04-09,intervencion,Control,3
294,2025-04-10,intervencion,Control,4
294,2025-04-11,intervencion,Control,4
294,2025-04-14,intervencion,Control,7
294,2025-04-15,intervencion,Control,4
294,2025-04-16,intervencion,Control,5
294,2025-04-17,intervencion,Control,5
294,2025-04-18,intervencion,Control,3
294,2025-04-21,intervencion,Control,4
294,2025-04-22,intervencion,Control,5
294,2025-04-23,intervencion,Control,5
294,2025-04-24,intervencion,Control,3
294,2025-04-25,intervencion,Control,4
295,2025-03-03,baseline,Tratamiento,6
295,2025-03-04,baseline,Tratamiento,5
295,2025-03-05,baseline,Tratamiento,6
295,2025-03-06,baseline,Tratamiento,4
295,2025-03-07,baseline,Tratamiento,6
295,2025-03-10,baseline,Tratamiento,5
295,2025-03-11,baseline,Tratamiento,6
295,2025-03-12,baseline,Tratamiento,5
295,2025-03-13,baseline,Tratamiento,3
295,2025-03-14,baseline,Tratamiento,5
295,2025-03-17,baseline,Tratamiento,4
295,2025-03-18,baseline,Tratamiento,4
295,2025-03-19,baseline,Tratamiento,3
295,2025-03-20,baseline,Tratamiento,6
295,2025-03-21,baseline,Tratamiento,4
295,2025-03-24,baseline,Tratamiento,6
295,2025-03-25,baseline,Tratamiento,4
295,2025-03-26,baseline,Tratamiento,4
295,2025-03-27,baseline,Tratamiento,6
295,2025-03-28,baseline,Tratamiento,5
295,2025-03-31,intervencion,Tratamiento,5
295,2025-04-01,intervencion,Tratamiento,4
295,2025-04-02,intervencion,Tratamiento,5
295,2025-04-03,intervencion,Tratamiento,5
295,2025-04-04,intervencion,Tratamiento,4
295,2025-04-07,intervencion,Tratamiento,4
295,2025-04-08,intervencion,Tratamiento,5
295,2025-04-09,intervencion,Tratamiento,5
295,2025-04-10,intervencion,Tratamiento,6
295,2025-04-11,intervencion,Tratamiento,5
295,2025-04-14,intervencion,Tratamiento,4
295,2025-04-15,intervencion,Tratamiento,7
295,2025-04-16,intervencion,Tratamiento,5
295,2025-04-17,intervencion,Tratamiento,5
295,2025-04-18,intervencion,Tratamiento,5
295,2025-04-21,intervencion,Tratamiento,5
295,2025-04-22,intervencion,Tratamiento,5
295,2025-04-23,intervencion,Tratamiento,6
295,2025-04-24,intervencion,Tratamiento,5
295,2025-04-25,intervencion,Tratamiento,6
296,2025-03-03,baseline,Tratamiento,6
296,2025-03-04,baseline,Tratamiento,5
296,2025-03-05,baseline,Tratamiento,5
296,2025-03-06,baseline,Tratamiento,6
296,2025-03-07,baseline,Tratamiento,4
296,2025-03-10,baseline,Tratamiento,7
296,2025-03-11,baseline,Tratamiento,4
296,2025-03-12,baseline,Tratamiento,4
296,2025-03-13,baseline,Tratamiento,4
296,2025-03-14,baseline,Tratamiento,4
296,2025-03-17,baseline,Tratamiento,5
296,2025-03-18,baseline,Tratamiento,7
296,2025-03-19,baseline,Tratamiento,4
296,2025-03-20,baseline,Tratamiento,5
296,2025-03-21,baseline,Tratamiento,5
296,2025-03-24,baseline,Tratamiento,6
296,2025-03-25,baseline,Tratamiento,7
296,2025-03-26,baseline,Tratamiento,6
296,2025-03-27,baseline,Tratamiento,4
296,2025-03-28,baseline,Tratamiento,5
296,2025-03-31,intervencion,Tratamiento,6
296,2025-04-01,intervencion,Tratamiento,5
296,2025-04-02,intervencion,Tratamiento,4
296,2025-04-03,intervencion,Tratamiento,4
296,2025-04-04,intervencion,Tratamiento,6
296,2025-04-07,intervencion,Tratamiento,6
296,2025-04-08,intervencion,Tratamiento,5
296,2025-04-09,intervencion,Tratamiento,5
296,2025-04-10,intervencion,Tratamiento,6
296,2025-04-11,intervencion,Tratamiento,3
296,2025-04-14,intervencion,Tratamiento,5
296,2025-04-15,intervencion,Tratamiento,7
296,2025-04-16,intervencion,Tratamiento,5
296,2025-04-17,intervencion,Tratamiento,4
296,2025-04-18,intervencion,Tratamiento,5
296,2025-04-21,intervencion,Tratamiento,6
296,2025-04-22,intervencion,Tratamiento,3
296,2025-04-23,intervencion,Tratamiento,5
296,2025-04-24,intervencion,Tratamiento,5
296,2025-04-25,intervencion,Tratamiento,3
297,2025-03-03,baseline,Control,5
297,2025-03-04,baseline,Control,4
297,2025-03-05,baseline,Control,5
297,2025-03-06,baseline,Control,4
297,2025-03-07,baseline,Control,4
297,2025-03-10,baseline,Control,3
297,2025-03-11,baseline,Control,4
297,2025-03-12,baseline,Control,5
297,2025-03-13,baseline,Control,5
297,2025-03-14,baseline,Control,5
297,2025-03-17,baseline,Control,4
297,2025-03-18,baseline,Control,4
297,2025-03-19,baseline,Control,5
297,2025-03-20,baseline,Control,5
297,2025-03-21,baseline,Control,4
297,2025-03-24,baseline,Control,2
297,2025-03-25,baseline,Control,4
297,2025-03-26,baseline,Control,4
297,2025-03-27,baseline,Control,4
297,2025-03-28,baseline,Control,4
297,2025-03-31,intervencion,Control,5
297,2025-04-01,intervencion,Control,5
297,2025-04-02,intervencion,Control,5
297,2025-04-03,intervencion,Control,3
297,2025-04-04,intervencion,Control,4
297,2025-04-07,intervencion,Control,3
297,2025-04-08,intervencion,Control,4
297,2025-04-09,intervencion,Control,4
297,2025-04-10,intervencion,Control,6
297,2025-04-11,intervencion,Control,5
297,2025-04-14,intervencion,Control,6
297,2025-04-15,intervencion,Control,4
297,2025-04-16,intervencion,Control,4
297,2025-04-17,intervencion,Control,4
297,2025-04-18,intervencion,Control,5
297,2025-04-21,intervencion,Control,6
297,2025-04-22,intervencion,Control,5
297,2025-04-23,intervencion,Control,4
297,2025-04-24,intervencion,Control,4
297,2025-04-25,intervencion,Control,5
298,2025-03-03,baseline,Tratamiento,6
298,2025-03-04,baseline,Tratamiento,6
298,2025-03-05,baseline,Tratamiento,5
298,2025-03-06,baseline,Tratamiento,5
298,2025-03-07,baseline,Tratamiento,5
298,2025-03-10,baseline,Tratamiento,5
298,2025-03-11,baseline,Tratamiento,4
298,2025-03-12,baseline,Tratamiento,4
298,2025-03-13,baseline,Tratamiento,6
298,2025-03-14,baseline,Tratamiento,5
298,2025-03-17,baseline,Tratamiento,5
298,2025-03-18,baseline,Tratamiento,6
298,2025-03-19,baseline,Tratamiento,5
298,2025-03-20,baseline,Tratamiento,5
298,2025-03-21,baseline,Tratamiento,7
298,2025-03-24,baseline,Tratamiento,5
298,2025-03-25,baseline,Tratamiento,4
298,2025-03-26,baseline,Tratamiento,4
298,2025-03-27,baseline,Tratamiento,6
298,2025-03-28,baseline,Tratamiento,3
298,2025-03-31,intervencion,Tratamiento,4
298,2025-04-01,intervencion,Tratamiento,6
298,2025-04-02,intervencion,Tratamiento,5
298,2025-04-03,intervencion,Tratamiento,5
298,2025-04-04,intervencion,Tratamiento,6
298,2025-04-07,intervencion,Tratamiento,4
298,2025-04-08,intervencion,Tratamiento,4
298,2025-04-09,intervencion,Tratamiento,4
298,2025-04-10,intervencion,Tratamiento,5
298,2025-04-11,intervencion,Tratamiento,5
298,2025-04-14,intervencion,Tratamiento,4
298,2025-04-15,intervencion,Tratamiento,4
298,2025-04-16,intervencion,Tratamiento,5
298,2025-04-17,intervencion,Tratamiento,6
298,2025-04-18,intervencion,Tratamiento,4
298,2025-04-21,intervencion,Tratamiento,4
298,2025-04-22,intervencion,Tratamiento,4
298,2025-04-23,intervencion,Tratamiento,5
298,2025-04-24,intervencion,Tratamiento,5
298,2025-04-25,intervencion,Tratamiento,7
299,2025-03-03,baseline,Control,5
299,2025-03-04,baseline,Control,5
299,2025-03-05,baseline,Control,5
299,2025-03-06,baseline,Control,5
299,2025-03-07,baseline,Control,4
299,2025-03-10,baseline,Control,7
299,2025-03-11,baseline,Control,5
299,2025-03-12,baseline,Control,5
299,2025-03-13,baseline,Control,5
299,2025-03-14,baseline,Control,5
299,2025-03-17,baseline,Control,6
299,2025-03-18,baseline,Control,4
299,2025-03-19,baseline,Control,5
299,2025-03-20,baseline,Control,5
299,2025-03-21,baseline,Control,5
299,2025-03-24,baseline,Control,4
299,2025-03-25,baseline,Control,4
299,2025-03-26,baseline,Control,5
299,2025-03-27,baseline,Control,5
299,2025-03-28,baseline,Control,4
299,2025-03-31,intervencion,Control,6
299,2025-04-01,intervencion,Control,5
299,2025-04-02,intervencion,Control,5
299,2025-04-03,intervencion,Control,4
299,2025-04-04,intervencion,Control,5
299,2025-04-07,intervencion,Control,5
299,2025-04-08,intervencion,Control,3
299,2025-04-09,intervencion,Control,5
299,2025-04-10,intervencion,Control,5
299,2025-04-11,intervencion,Control,2
299,2025-04-14,intervencion,Control,5
299,2025-04-15,intervencion,Control,5
299,2025-04-16,intervencion,Control,5
299,2025-04-17,intervencion,Control,5
299,2025-04-18,intervencion,Control,4
299,2025-04-21,intervencion,Control,4
299,2025-04-22,intervencion,Control,3
299,2025-04-23,intervencion,Control,6
299,2025-04-24,intervencion,Control,5
299,2025-04-25,intervencion,Control,6
300,2025-03-03,baseline,Tratamiento,4
300,2025-03-04,baseline,Tratamiento,5
300,2025-03-05,baseline,Tratamiento,3
300,2025-03-06,baseline,Tratamiento,4
300,2025-03-07,baseline,Tratamiento,5
300,2025-03-10,baseline,Tratamiento,5
300,2025-03-11,baseline,Tratamiento,6
300,2025-03-12,baseline,Tratamiento,4
300,2025-03-13,baseline,Tratamiento,4
300,2025-03-14,baseline,Tratamiento,4
300,2025-03-17,baseline,Tratamiento,4
300,2025-03-18,baseline,Tratamiento,7
300,2025-03-19,baseline,Tratamiento,5
300,2025-03-20,baseline,Tratamiento,6
300,2025-03-21,baseline,Tratamiento,4
300,2025-03-24,baseline,Tratamiento,5
300,2025-03-25,baseline,Tratamiento,5
300,2025-03-26,baseline,Tratamiento,4
300,2025-03-27,baseline,Tratamiento,4
300,2025-03-28,baseline,Tratamiento,4
300,2025-03-31,intervencion,Tratamiento,5
300,2025-04-01,intervencion,Tratamiento,5
300,2025-04-02,intervencion,Tratamiento,4
300,2025-04-03,intervencion,Tratamiento,5
300,2025-04-04,intervencion,Tratamiento,5
300,2025-04-07,intervencion,Tratamiento,5
300,2025-04-08,intervencion,Tratamiento,4
300,2025-04-09,intervencion,Tratamiento,5
300,2025-04-10,intervencion,Tratamiento,4
300,2025-04-11,intervencion,Tratamiento,5
300,2025-04-14,intervencion,Tratamiento,6
300,2025-04-15,intervencion,Tratamiento,4
300,2025-04-16,intervencion,Tratamiento,7
300,2025-04-17,intervencion,Tratamiento,5
300,2025-04-18,intervencion,Tratamiento,5
300,2025-04-21,intervencion,Tratamiento,4
300,2025-04-22,intervencion,Tratamiento,6
300,2025-04-23,intervencion,Tratamiento,5
300,2025-04-24,intervencion,Tratamiento,5
300,2025-04-25,intervencion,Tratamiento,4
301,2025-03-03,baseline,Tratamiento,4
301,2025-03-04,baseline,Tratamiento,5
301,2025-03-05,baseline,Tratamiento,5
301,2025-03-06,baseline,Tratamiento,5
301,2025-03-07,baseline,Tratamiento,4
301,2025-03-10,baseline,Tratamiento,4
301,2025-03-11,baseline,Tratamiento,4
301,2025-03-12,baseline,Tratamiento,5
301,2025-03-13,baseline,Tratamiento,5
301,2025-03-14,baseline,Tratamiento,5
301,2025-03-17,baseline,Tratamiento,5
301,2025-03-18,baseline,Tratamiento,5
301,2025-03-19,baseline,Tratamiento,4
301,2025-03-20,baseline,Tratamiento,3
301,2025-03-21,baseline,Tratamiento,4
301,2025-03-24,baseline,Tratamiento,4
301,2025-03-25,baseline,Tratamiento,4
301,2025-03-26,baseline,Tratamiento,4
301,2025-03-27,baseline,Tratamiento,5
301,2025-03-28,baseline,Tratamiento,4
301,2025-03-31,intervencion,Tratamiento,4
301,2025-04-01,intervencion,Tratamiento,6
301,2025-04-02,intervencion,Tratamiento,4
301,2025-04-03,intervencion,Tratamiento,5
301,2025-04-04,intervencion,Tratamiento,4
301,2025-04-07,intervencion,Tratamiento,4
301,2025-04-08,intervencion,Tratamiento,5
301,2025-04-09,intervencion,Tratamiento,4
301,2025-04-10,intervencion,Tratamiento,5
301,2025-04-11,intervencion,Tratamiento,6
301,2025-04-14,intervencion,Tratamiento,6
301,2025-04-15,intervencion,Tratamiento,6
301,2025-04-16,intervencion,Tratamiento,4
301,2025-04-17,intervencion,Tratamiento,5
301,2025-04-18,intervencion,Tratamiento,5
301,2025-04-21,intervencion,Tratamiento,6
301,2025-04-22,intervencion,Tratamiento,7
301,2025-04-23,intervencion,Tratamiento,6
301,2025-04-24,intervencion,Tratamiento,6
301,2025-04-25,intervencion,Tratamiento,7
302,2025-03-03,baseline,Control,5
302,2025-03-04,baseline,Control,4
302,2025-03-05,baseline,Control,5
302,2025-03-06,baseline,Control,4
302,2025-03-07,baseline,Control,5
302,2025-03-10,baseline,Control,3
302,2025-03-11,baseline,Control,4
302,2025-03-12,baseline,Control,4
302,2025-03-13,baseline,Control,5
302,2025-03-14,baseline,Control,6
302,2025-03-17,baseline,Control,4
302,2025-03-18,baseline,Control,6
302,2025-03-19,baseline,Control,5
302,2025-03-20,baseline,Control,5
302,2025-03-21,baseline,Control,3
302,2025-03-24,baseline,Control,4
302,2025-03-25,baseline,Control,6
302,2025-03-26,baseline,Control,5
302,2025-03-27,baseline,Control,5
302,2025-03-28,baseline,Control,5
302,2025-03-31,intervencion,Control,3
302,2025-04-01,intervencion,Control,5
302,2025-04-02,intervencion,Control,6
302,2025-04-03,intervencion,Control,6
302,2025-04-04,intervencion,Control,4
302,2025-04-07,intervencion,Control,6
302,2025-04-08,intervencion,Control,3
302,2025-04-09,intervencion,Control,4
302,2025-04-10,intervencion,Control,6
302,2025-04-11,intervencion,Control,5
302,2025-04-14,intervencion,Control,4
302,2025-04-15,intervencion,Control,5
302,2025-04-16,intervencion,Control,4
302,2025-04-17,intervencion,Control,5
302,2025-04-18,intervencion,Control,5
302,2025-04-21,intervencion,Control,5
302,2025-04-22,intervencion,Control,4
302,2025-04-23,intervencion,Control,5
302,2025-04-24,intervencion,Control,4
302,2025-04-25,intervencion,Control,4
303,2025-03-03,baseline,Tratamiento,6
303,2025-03-04,baseline,Tratamiento,7
303,2025-03-05,baseline,Tratamiento,6
303,2025-03-06,baseline,Tratamiento,5
303,2025-03-07,baseline,Tratamiento,4
303,2025-03-10,baseline,Tratamiento,5
303,2025-03-11,baseline,Tratamiento,5
303,2025-03-12,baseline,Tratamiento,4
303,2025-03-13,baseline,Tratamiento,6
303,2025-03-14,baseline,Tratamiento,3
303,2025-03-17,baseline,Tratamiento,4
303,2025-03-18,baseline,Tratamiento,5
303,2025-03-19,baseline,Tratamiento,4
303,2025-03-20,baseline,Tratamiento,4
303,2025-03-21,baseline,Tratamiento,5
303,2025-03-24,baseline,Tratamiento,6
303,2025-03-25,baseline,Tratamiento,3
303,2025-03-26,baseline,Tratamiento,3
303,2025-03-27,baseline,Tratamiento,4
303,2025-03-28,baseline,Tratamiento,3
303,2025-03-31,intervencion,Tratamiento,4
303,2025-04-01,intervencion,Tratamiento,4
303,2025-04-02,intervencion,Tratamiento,6
303,2025-04-03,intervencion,Tratamiento,5
303,2025-04-04,intervencion,Tratamiento,5
303,2025-04-07,intervencion,Tratamiento,4
303,2025-04-08,intervencion,Tratamiento,6
303,2025-04-09,intervencion,Tratamiento,7
303,2025-04-10,intervencion,Tratamiento,4
303,2025-04-11,intervencion,Tratamiento,7
303,2025-04-14,intervencion,Tratamiento,5
303,2025-04-15,intervencion,Tratamiento,5
303,2025-04-16,intervencion,Tratamiento,5
303,2025-04-17,intervencion,Tratamiento,5
303,2025-04-18,intervencion,Tratamiento,7
303,2025-04-21,intervencion,Tratamiento,5
303,2025-04-22,intervencion,Tratamiento,5
303,2025-04-23,intervencion,Tratamiento,5
303,2025-04-24,intervencion,Tratamiento,6
303,2025-04-25,intervencion,Tratamiento,4
304,2025-03-03,baseline,Control,5
304,2025-03-04,baseline,Control,7
304,2025-03-05,baseline,Control,2
304,2025-03-06,baseline,Control,5
304,2025-03-07,baseline,Control,5
304,2025-03-10,baseline,Control,4
304,2025-03-11,baseline,Control,4
304,2025-03-12,baseline,Control,5
304,2025-03-13,baseline,Control,4
304,2025-03-14,baseline,Control,5
304,2025-03-17,baseline,Control,4
304,2025-03-18,baseline,Control,6
304,2025-03-19,baseline,Control,4
304,2025-03-20,baseline,Control,5
304,2025-03-21,baseline,Control,4
304,2025-03-24,baseline,Control,5
304,2025-03-25,baseline,Control,5
304,2025-03-26,baseline,Control,5
304,2025-03-27,baseline,Control,4
304,2025-03-28,baseline,Control,4
304,2025-03-31,intervencion,Control,6
304,2025-04-01,intervencion,Control,4
304,2025-04-02,intervencion,Control,5
304,2025-04-03,intervencion,Control,4
304,2025-04-04,intervencion,Control,6
304,2025-04-07,intervencion,Control,4
304,2025-04-08,intervencion,Control,4
304,2025-04-09,intervencion,Control,4
304,2025-04-10,intervencion,Control,4
304,2025-04-11,intervencion,Control,5
304,2025-04-14,intervencion,Control,5
304,2025-04-15,intervencion,Control,4
304,2025-04-16,intervencion,Control,5
304,2025-04-17,intervencion,Control,4
304,2025-04-18,intervencion,Control,5
304,2025-04-21,intervencion,Control,5
304,2025-04-22,intervencion,Control,5
304,2025-04-23,intervencion,Control,5
304,2025-04-24,intervencion,Control,6
304,2025-04-25,intervencion,Control,4
305,2025-03-03,baseline,Tratamiento,4
305,2025-03-04,baseline,Tratamiento,5
305,2025-03-05,baseline,Tratamiento,4
305,2025-03-06,baseline,Tratamiento,4
305,2025-03-07,baseline,Tratamiento,4
305,2025-03-10,baseline,Tratamiento,4
305,2025-03-11,baseline,Tratamiento,4
305,2025-03-12,baseline,Tratamiento,5
305,2025-03-13,baseline,Tratamiento,6
305,2025-03-14,baseline,Tratamiento,5
305,2025-03-17,baseline,Tratamiento,5
305,2025-03-18,baseline,Tratamiento,4
305,2025-03-19,baseline,Tratamiento,2
305,2025-03-20,baseline,Tratamiento,5
305,2025-03-21,baseline,Tratamiento,3
305,2025-03-24,baseline,Tratamiento,3
305,2025-03-25,baseline,Tratamiento,4
305,2025-03-26,baseline,Tratamiento,5
305,2025-03-27,baseline,Tratamiento,4
305,2025-03-28,baseline,Tratamiento,6
305,2025-03-31,intervencion,Tratamiento,5
305,2025-04-01,intervencion,Tratamiento,5
305,2025-04-02,intervencion,Tratamiento,6
305,2025-04-03,intervencion,Tratamiento,6
305,2025-04-04,intervencion,Tratamiento,5
305,2025-04-07,intervencion,Tratamiento,4
305,2025-04-08,intervencion,Tratamiento,4
305,2025-04-09,intervencion,Tratamiento,4
305,2025-04-10,intervencion,Tratamiento,5
305,2025-04-11,intervencion,Tratamiento,4
305,2025-04-14,intervencion,Tratamiento,5
305,2025-04-15,intervencion,Tratamiento,5
305,2025-04-16,intervencion,Tratamiento,3
305,2025-04-17,intervencion,Tratamiento,4
305,2025-04-18,intervencion,Tratamiento,4
305,2025-04-21,intervencion,Tratamiento,5
305,2025-04-22,intervencion,Tratamiento,5
305,2025-04-23,intervencion,Tratamiento,5
305,2025-04-24,intervencion,Tratamiento,4
305,2025-04-25,intervencion,Tratamiento,4
306,2025-03-03,baseline,Tratamiento,4
306,2025-03-04,baseline,Tratamiento,4
306,2025-03-05,baseline,Tratamiento,4
306,2025-03-06,baseline,Tratamiento,5
306,2025-03-07,baseline,Tratamiento,5
306,2025-03-10,baseline,Tratamiento,5
306,2025-03-11,baseline,Tratamiento,4
306,2025-03-12,baseline,Tratamiento,3
306,2025-03-13,baseline,Tratamiento,6
306,2025-03-14,baseline,Tratamiento,5
306,2025-03-17,baseline,Tratamiento,4
306,2025-03-18,baseline,Tratamiento,5
306,2025-03-19,baseline,Tratamiento,6
306,2025-03-20,baseline,Tratamiento,6
306,2025-03-21,baseline,Tratamiento,5
306,2025-03-24,baseline,Tratamiento,6
306,2025-03-25,baseline,Tratamiento,4
306,2025-03-26,baseline,Tratamiento,5
306,2025-03-27,baseline,Tratamiento,4
306,2025-03-28,baseline,Tratamiento,5
306,2025-03-31,intervencion,Tratamiento,6
306,2025-04-01,intervencion,Tratamiento,5
306,2025-04-02,intervencion,Tratamiento,4
306,2025-04-03,intervencion,Tratamiento,4
306,2025-04-04,intervencion,Tratamiento,6
306,2025-04-07,intervencion,Tratamiento,5
306,2025-04-08,intervencion,Tratamiento,5
306,2025-04-09,intervencion,Tratamiento,5
306,2025-04-10,intervencion,Tratamiento,5
306,2025-04-11,intervencion,Tratamiento,4
306,2025-04-14,intervencion,Tratamiento,5
306,2025-04-15,intervencion,Tratamiento,4
306,2025-04-16,intervencion,Tratamiento,5
306,2025-04-17,intervencion,Tratamiento,4
306,2025-04-18,intervencion,Tratamiento,2
306,2025-04-21,intervencion,Tratamiento,5
306,2025-04-22,intervencion,Tratamiento,4
306,2025-04-23,intervencion,Tratamiento,5
306,2025-04-24,intervencion,Tratamiento,5
306,2025-04-25,intervencion,Tratamiento,7
307,2025-03-03,baseline,Control,5
307,2025-03-04,baseline,Control,5
307,2025-03-05,baseline,Control,5
307,2025-03-06,baseline,Control,5
307,2025-03-07,baseline,Control,5
307,2025-03-10,baseline,Control,5
307,2025-03-11,baseline,Control,5
307,2025-03-12,baseline,Control,2
307,2025-03-13,baseline,Control,6
307,2025-03-14,baseline,Control,6
307,2025-03-17,baseline,Control,5
307,2025-03-18,baseline,Control,3
307,2025-03-19,baseline,Control,6
307,2025-03-20,baseline,Control,4
307,2025-03-21,baseline,Control,5
307,2025-03-24,baseline,Control,3
307,2025-03-25,baseline,Control,7
307,2025-03-26,baseline,Control,3
307,2025-03-27,baseline,Control,5
307,2025-03-28,baseline,Control,3
307,2025-03-31,intervencion,Control,5
307,2025-04-01,intervencion,Control,4
307,2025-04-02,intervencion,Control,6
307,2025-04-03,intervencion,Control,4
307,2025-04-04,intervencion,Control,6
307,2025-04-07,intervencion,Control,4
307,2025-04-08,intervencion,Control,4
307,2025-04-09,intervencion,Control,4
307,2025-04-10,intervencion,Control,5
307,2025-04-11,intervencion,Control,5
307,2025-04-14,intervencion,Control,5
307,2025-04-15,intervencion,Control,5
307,2025-04-16,intervencion,Control,5
307,2025-04-17,intervencion,Control,4
307,2025-04-18,intervencion,Control,5
307,2025-04-21,intervencion,Control,6
307,2025-04-22,intervencion,Control,3
307,2025-04-23,intervencion,Control,5
307,2025-04-24,intervencion,Control,5
307,2025-04-25,intervencion,Control,6
308,2025-03-03,baseline,Tratamiento,5
308,2025-03-04,baseline,Tratamiento,5
308,2025-03-05,baseline,Tratamiento,5
308,2025-03-06,baseline,Tratamiento,4
308,2025-03-07,baseline,Tratamiento,4
308,2025-03-10,baseline,Tratamiento,3
308,2025-03-11,baseline,Tratamiento,6
308,2025-03-12,baseline,Tratamiento,5
308,2025-03-13,baseline,Tratamiento,4
308,2025-03-14,baseline,Tratamiento,5
308,2025-03-17,baseline,Tratamiento,6
308,2025-03-18,baseline,Tratamiento,5
308,2025-03-19,baseline,Tratamiento,4
308,2025-03-20,baseline,Tratamiento,2
308,2025-03-21,baseline,Tratamiento,5
308,2025-03-24,baseline,Tratamiento,4
308,2025-03-25,baseline,Tratamiento,5
308,2025-03-26,baseline,Tratamiento,5
308,2025-03-27,baseline,Tratamiento,6
308,2025-03-28,baseline,Tratamiento,6
308,2025-03-31,intervencion,Tratamiento,6
308,2025-04-01,intervencion,Tratamiento,7
308,2025-04-02,intervencion,Tratamiento,6
308,2025-04-03,intervencion,Tratamiento,6
308,2025-04-04,intervencion,Tratamiento,5
308,2025-04-07,intervencion,Tratamiento,4
308,2025-04-08,intervencion,Tratamiento,7
308,2025-04-09,intervencion,Tratamiento,5
308,2025-04-10,intervencion,Tratamiento,6
308,2025-04-11,intervencion,Tratamiento,4
308,2025-04-14,intervencion,Tratamiento,6
308,2025-04-15,intervencion,Tratamiento,3
308,2025-04-16,intervencion,Tratamiento,5
308,2025-04-17,intervencion,Tratamiento,5
308,2025-04-18,intervencion,Tratamiento,5
308,2025-04-21,intervencion,Tratamiento,6
308,2025-04-22,intervencion,Tratamiento,4
308,2025-04-23,intervencion,Tratamiento,6
308,2025-04-24,intervencion,Tratamiento,6
308,2025-04-25,intervencion,Tratamiento,7
309,2025-03-03,baseline,Control,5
309,2025-03-04,baseline,Control,4
309,2025-03-05,baseline,Control,3
309,2025-03-06,baseline,Control,6
309,2025-03-07,baseline,Control,5
309,2025-03-10,baseline,Control,5
309,2025-03-11,baseline,Control,3
309,2025-03-12,baseline,Control,4
309,2025-03-13,baseline,Control,5
309,2025-03-14,baseline,Control,5
309,2025-03-17,baseline,Control,3
309,2025-03-18,baseline,Control,5
309,2025-03-19,baseline,Control,3
309,2025-03-20,baseline,Control,6
309,2025-03-21,baseline,Control,5
309,2025-03-24,baseline,Control,4
309,2025-03-25,baseline,Control,5
309,2025-03-26,baseline,Control,5
309,2025-03-27,baseline,Control,6
309,2025-03-28,baseline,Control,5
309,2025-03-31,intervencion,Control,5
309,2025-04-01,intervencion,Control,4
309,2025-04-02,intervencion,Control,5
309,2025-04-03,intervencion,Control,6
309,2025-04-04,intervencion,Control,4
309,2025-04-07,intervencion,Control,5
309,2025-04-08,intervencion,Control,4
309,2025-04-09,intervencion,Control,3
309,2025-04-10,intervencion,Control,5
309,2025-04-11,intervencion,Control,5
309,2025-04-14,intervencion,Control,5
309,2025-04-15,intervencion,Control,3
309,2025-04-16,intervencion,Control,5
309,2025-04-17,intervencion,Control,5
309,2025-04-18,intervencion,Control,4
309,2025-04-21,intervencion,Control,3
309,2025-04-22,intervencion,Control,4
309,2025-04-23,intervencion,Control,5
309,2025-04-24,intervencion,Control,5
309,2025-04-25,intervencion,Control,4
310,2025-03-03,baseline,Tratamiento,5
310,2025-03-04,baseline,Tratamiento,5
310,2025-03-05,baseline,Tratamiento,4
310,2025-03-06,baseline,Tratamiento,5
310,2025-03-07,baseline,Tratamiento,6
310,2025-03-10,baseline,Tratamiento,3
310,2025-03-11,baseline,Tratamiento,6
310,2025-03-12,baseline,Tratamiento,6
310,2025-03-13,baseline,Tratamiento,4
310,2025-03-14,baseline,Tratamiento,4
310,2025-03-17,baseline,Tratamiento,6
310,2025-03-18,baseline,Tratamiento,4
310,2025-03-19,baseline,Tratamiento,2
310,2025-03-20,baseline,Tratamiento,5
310,2025-03-21,baseline,Tratamiento,5
310,2025-03-24,baseline,Tratamiento,5
310,2025-03-25,baseline,Tratamiento,4
310,2025-03-26,baseline,Tratamiento,4
310,2025-03-27,baseline,Tratamiento,5
310,2025-03-28,baseline,Tratamiento,5
310,2025-03-31,intervencion,Tratamiento,4
310,2025-04-01,intervencion,Tratamiento,6
310,2025-04-02,intervencion,Tratamiento,5
310,2025-04-03,intervencion,Tratamiento,6
310,2025-04-04,intervencion,Tratamiento,4
310,2025-04-07,intervencion,Tratamiento,5
310,2025-04-08,intervencion,Tratamiento,5
310,2025-04-09,intervencion,Tratamiento,5
310,2025-04-10,intervencion,Tratamiento,4
310,2025-04-11,intervencion,Tratamiento,3
310,2025-04-14,intervencion,Tratamiento,6
310,2025-04-15,intervencion,Tratamiento,5
310,2025-04-16,intervencion,Tratamiento,6
310,2025-04-17,intervencion,Tratamiento,6
310,2025-04-18,intervencion,Tratamiento,5
310,2025-04-21,intervencion,Tratamiento,5
310,2025-04-22,intervencion,Tratamiento,5
310,2025-04-23,intervencion,Tratamiento,6
310,2025-04-24,intervencion,Tratamiento,5
310,2025-04-25,intervencion,Tratamiento,7
311,2025-03-03,baseline,Tratamiento,3
311,2025-03-04,baseline,Tratamiento,3
311,2025-03-05,baseline,Tratamiento,5
311,2025-03-06,baseline,Tratamiento,4
311,2025-03-07,baseline,Tratamiento,6
311,2025-03-10,baseline,Tratamiento,6
311,2025-03-11,baseline,Tratamiento,6
311,2025-03-12,baseline,Tratamiento,5
311,2025-03-13,baseline,Tratamiento,4
311,2025-03-14,baseline,Tratamiento,3
311,2025-03-17,baseline,Tratamiento,6
311,2025-03-18,baseline,Tratamiento,3
311,2025-03-19,baseline,Tratamiento,6
311,2025-03-20,baseline,Tratamiento,5
311,2025-03-21,baseline,Tratamiento,5
311,2025-03-24,baseline,Tratamiento,5
311,2025-03-25,baseline,Tratamiento,5
311,2025-03-26,baseline,Tratamiento,4
311,2025-03-27,baseline,Tratamiento,6
311,2025-03-28,baseline,Tratamiento,6
311,2025-03-31,intervencion,Tratamiento,5
311,2025-04-01,intervencion,Tratamiento,4
311,2025-04-02,intervencion,Tratamiento,6
311,2025-04-03,intervencion,Tratamiento,3
311,2025-04-04,intervencion,Tratamiento,5
311,2025-04-07,intervencion,Tratamiento,6
311,2025-04-08,intervencion,Tratamiento,4
311,2025-04-09,intervencion,Tratamiento,6
311,2025-04-10,intervencion,Tratamiento,5
311,2025-04-11,intervencion,Tratamiento,4
311,2025-04-14,intervencion,Tratamiento,6
311,2025-04-15,intervencion,Tratamiento,4
311,2025-04-16,intervencion,Tratamiento,6
311,2025-04-17,intervencion,Tratamiento,3
311,2025-04-18,intervencion,Tratamiento,5
311,2025-04-21,intervencion,Tratamiento,5
311,2025-04-22,intervencion,Tratamiento,4
311,2025-04-23,intervencion,Tratamiento,5
311,2025-04-24,intervencion,Tratamiento,5
311,2025-04-25,intervencion,Tratamiento,6
312,2025-03-03,baseline,Control,5
312,2025-03-04,baseline,Control,5
312,2025-03-05,baseline,Control,5
312,2025-03-06,baseline,Control,4
312,2025-03-07,baseline,Control,4
312,2025-03-10,baseline,Control,5
312,2025-03-11,baseline,Control,4
312,2025-03-12,baseline,Control,6
312,2025-03-13,baseline,Control,5
312,2025-03-14,baseline,Control,5
312,2025-03-17,baseline,Control,3
312,2025-03-18,baseline,Control,5
312,2025-03-19,baseline,Control,4
312,2025-03-20,baseline,Control,4
312,2025-03-21,baseline,Control,6
312,2025-03-24,baseline,Control,5
312,2025-03-25,baseline,Control,5
312,2025-03-26,baseline,Control,5
312,2025-03-27,baseline,Control,5
312,2025-03-28,baseline,Control,4
312,2025-03-31,intervencion,Control,5
312,2025-04-01,intervencion,Control,6
312,2025-04-02,intervencion,Control,5
312,2025-04-03,intervencion,Control,6
312,2025-04-04,intervencion,Control,4
312,2025-04-07,intervencion,Control,3
312,2025-04-08,intervencion,Control,3
312,2025-04-09,intervencion,Control,3
312,2025-04-10,intervencion,Control,4
312,2025-04-11,intervencion,Control,4
312,2025-04-14,intervencion,Control,5
312,2025-04-15,intervencion,Control,5
312,2025-04-16,intervencion,Control,5
312,2025-04-17,intervencion,Control,5
312,2025-04-18,intervencion,Control,5
312,2025-04-21,intervencion,Control,4
312,2025-04-22,intervencion,Control,6
312,2025-04-23,intervencion,Control,3
312,2025-04-24,intervencion,Control,5
312,2025-04-25,intervencion,Control,4
313,2025-03-03,baseline,Tratamiento,5
313,2025-03-04,baseline,Tratamiento,5
313,2025-03-05,baseline,Tratamiento,5
313,2025-03-06,baseline,Tratamiento,4
313,2025-03-07,baseline,Tratamiento,6
313,2025-03-10,baseline,Tratamiento,5
313,2025-03-11,baseline,Tratamiento,6
313,2025-03-12,baseline,Tratamiento,5
313,2025-03-13,baseline,Tratamiento,5
313,2025-03-14,baseline,Tratamiento,4
313,2025-03-17,baseline,Tratamiento,5
313,2025-03-18,baseline,Tratamiento,4
313,2025-03-19,baseline,Tratamiento,5
313,2025-03-20,baseline,Tratamiento,5
313,2025-03-21,baseline,Tratamiento,5
313,2025-03-24,baseline,Tratamiento,5
313,2025-03-25,baseline,Tratamiento,5
313,2025-03-26,baseline,Tratamiento,5
313,2025-03-27,baseline,Tratamiento,6
313,2025-03-28,baseline,Tratamiento,5
313,2025-03-31,intervencion,Tratamiento,7
313,2025-04-01,intervencion,Tratamiento,5
313,2025-04-02,intervencion,Tratamiento,6
313,2025-04-03,intervencion,Tratamiento,4
313,2025-04-04,intervencion,Tratamiento,6
313,2025-04-07,intervencion,Tratamiento,4
313,2025-04-08,intervencion,Tratamiento,5
313,2025-04-09,intervencion,Tratamiento,5
313,2025-04-10,intervencion,Tratamiento,5
313,2025-04-11,intervencion,Tratamiento,5
313,2025-04-14,intervencion,Tratamiento,4
313,2025-04-15,intervencion,Tratamiento,5
313,2025-04-16,intervencion,Tratamiento,6
313,2025-04-17,intervencion,Tratamiento,5
313,2025-04-18,intervencion,Tratamiento,4
313,2025-04-21,intervencion,Tratamiento,6
313,2025-04-22,intervencion,Tratamiento,4
313,2025-04-23,intervencion,Tratamiento,6
313,2025-04-24,intervencion,Tratamiento,5
313,2025-04-25,intervencion,Tratamiento,6
314,2025-03-03,baseline,Control,6
314,2025-03-04,baseline,Control,4
314,2025-03-05,baseline,Control,5
314,2025-03-06,baseline,Control,6
314,2025-03-07,baseline,Control,4
314,2025-03-10,baseline,Control,4
314,2025-03-11,baseline,Control,4
314,2025-03-12,baseline,Control,5
314,2025-03-13,baseline,Control,3
314,2025-03-14,baseline,Control,5
314,2025-03-17,baseline,Control,3
314,2025-03-18,baseline,Control,6
314,2025-03-19,baseline,Control,5
314,2025-03-20,baseline,Control,6
314,2025-03-21,baseline,Control,5
314,2025-03-24,baseline,Control,4
314,2025-03-25,baseline,Control,4
314,2025-03-26,baseline,Control,5
314,2025-03-27,baseline,Control,5
314,2025-03-28,baseline,Control,6
314,2025-03-31,intervencion,Control,4
314,2025-04-01,intervencion,Control,6
314,2025-04-02,intervencion,Control,6
314,2025-04-03,intervencion,Control,4
314,2025-04-04,intervencion,Control,6
314,2025-04-07,intervencion,Control,4
314,2025-04-08,intervencion,Control,5
314,2025-04-09,intervencion,Control,3
314,2025-04-10,intervencion,Control,6
314,2025-04-11,intervencion,Control,3
314,2025-04-14,intervencion,Control,3
314,2025-04-15,intervencion,Control,4
314,2025-04-16,intervencion,Control,6
314,2025-04-17,intervencion,Control,5
314,2025-04-18,intervencion,Control,5
314,2025-04-21,intervencion,Control,6
314,2025-04-22,intervencion,Control,4
314,2025-04-23,intervencion,Control,5
314,2025-04-24,intervencion,Control,6
314,2025-04-25,intervencion,Control,4
315,2025-03-03,baseline,Control,4
315,2025-03-04,baseline,Control,5
315,2025-03-05,baseline,Control,5
315,2025-03-06,baseline,Control,5
315,2025-03-07,baseline,Control,6
315,2025-03-10,baseline,Control,4
315,2025-03-11,baseline,Control,5
315,2025-03-12,baseline,Control,5
315,2025-03-13,baseline,Control,5
315,2025-03-14,baseline,Control,6
315,2025-03-17,baseline,Control,5
315,2025-03-18,baseline,Control,4
315,2025-03-19,baseline,Control,5
315,2025-03-20,baseline,Control,6
315,2025-03-21,baseline,Control,5
315,2025-03-24,baseline,Control,5
315,2025-03-25,baseline,Control,3
315,2025-03-26,baseline,Control,2
315,2025-03-27,baseline,Control,6
315,2025-03-28,baseline,Control,5
315,2025-03-31,intervencion,Control,5
315,2025-04-01,intervencion,Control,5
315,2025-04-02,intervencion,Control,6
315,2025-04-03,intervencion,Control,6
315,2025-04-04,intervencion,Control,5
315,2025-04-07,intervencion,Control,4
315,2025-04-08,intervencion,Control,4
315,2025-04-09,intervencion,Control,2
315,2025-04-10,intervencion,Control,5
315,2025-04-11,intervencion,Control,6
315,2025-04-14,intervencion,Control,6
315,2025-04-15,intervencion,Control,5
315,2025-04-16,intervencion,Control,4
315,2025-04-17,intervencion,Control,4
315,2025-04-18,intervencion,Control,4
315,2025-04-21,intervencion,Control,4
315,2025-04-22,intervencion,Control,4
315,2025-04-23,intervencion,Control,6
315,2025-04-24,intervencion,Control,3
315,2025-04-25,intervencion,Control,4
316,2025-03-03,baseline,Tratamiento,3
316,2025-03-04,baseline,Tratamiento,5
316,2025-03-05,baseline,Tratamiento,5
316,2025-03-06,baseline,Tratamiento,4
316,2025-03-07,baseline,Tratamiento,4
316,2025-03-10,baseline,Tratamiento,5
316,2025-03-11,baseline,Tratamiento,4
316,2025-03-12,baseline,Tratamiento,4
316,2025-03-13,baseline,Tratamiento,6
316,2025-03-14,baseline,Tratamiento,5
316,2025-03-17,baseline,Tratamiento,5
316,2025-03-18,baseline,Tratamiento,4
316,2025-03-19,baseline,Tratamiento,4
316,2025-03-20,baseline,Tratamiento,5
316,2025-03-21,baseline,Tratamiento,7
316,2025-03-24,baseline,Tratamiento,4
316,2025-03-25,baseline,Tratamiento,5
316,2025-03-26,baseline,Tratamiento,4
316,2025-03-27,baseline,Tratamiento,2
316,2025-03-28,baseline,Tratamiento,4
316,2025-03-31,intervencion,Tratamiento,7
316,2025-04-01,intervencion,Tratamiento,5
316,2025-04-02,intervencion,Tratamiento,6
316,2025-04-03,intervencion,Tratamiento,5
316,2025-04-04,intervencion,Tratamiento,3
316,2025-04-07,intervencion,Tratamiento,4
316,2025-04-08,intervencion,Tratamiento,5
316,2025-04-09,intervencion,Tratamiento,5
316,2025-04-10,intervencion,Tratamiento,5
316,2025-04-11,intervencion,Tratamiento,4
316,2025-04-14,intervencion,Tratamiento,6
316,2025-04-15,intervencion,Tratamiento,4
316,2025-04-16,intervencion,Tratamiento,5
316,2025-04-17,intervencion,Tratamiento,5
316,2025-04-18,intervencion,Tratamiento,5
316,2025-04-21,intervencion,Tratamiento,4
316,2025-04-22,intervencion,Tratamiento,5
316,2025-04-23,intervencion,Tratamiento,7
316,2025-04-24,intervencion,Tratamiento,6
316,2025-04-25,intervencion,Tratamiento,6
317,2025-03-03,baseline,Control,4
317,2025-03-04,baseline,Control,3
317,2025-03-05,baseline,Control,6
317,2025-03-06,baseline,Control,5
317,2025-03-07,baseline,Control,5
317,2025-03-10,baseline,Control,4
317,2025-03-11,baseline,Control,3
317,2025-03-12,baseline,Control,5
317,2025-03-13,baseline,Control,6
317,2025-03-14,baseline,Control,4
317,2025-03-17,baseline,Control,4
317,2025-03-18,baseline,Control,6
317,2025-03-19,baseline,Control,4
317,2025-03-20,baseline,Control,6
317,2025-03-21,baseline,Control,5
317,2025-03-24,baseline,Control,4
317,2025-03-25,baseline,Control,5
317,2025-03-26,baseline,Control,4
317,2025-03-27,baseline,Control,6
317,2025-03-28,baseline,Control,5
317,2025-03-31,intervencion,Control,6
317,2025-04-01,intervencion,Control,5
317,2025-04-02,intervencion,Control,4
317,2025-04-03,intervencion,Control,5
317,2025-04-04,intervencion,Control,4
317,2025-04-07,intervencion,Control,6
317,2025-04-08,intervencion,Control,6
317,2025-04-09,intervencion,Control,5
317,2025-04-10,intervencion,Control,4
317,2025-04-11,intervencion,Control,6
317,2025-04-14,intervencion,Control,5
317,2025-04-15,intervencion,Control,4
317,2025-04-16,intervencion,Control,6
317,2025-04-17,intervencion,Control,4
317,2025-04-18,intervencion,Control,4
317,2025-04-21,intervencion,Control,4
317,2025-04-22,intervencion,Control,3
317,2025-04-23,intervencion,Control,5
317,2025-04-24,intervencion,Control,4
317,2025-04-25,intervencion,Control,4
318,2025-03-03,baseline,Control,4
318,2025-03-04,baseline,Control,4
318,2025-03-05,baseline,Control,4
318,2025-03-06,baseline,Control,5
318,2025-03-07,baseline,Control,4
318,2025-03-10,baseline,Control,5
318,2025-03-11,baseline,Control,7
318,2025-03-12,baseline,Control,4
318,2025-03-13,baseline,Control,5
318,2025-03-14,baseline,Control,5
318,2025-03-17,baseline,Control,5
318,2025-03-18,baseline,Control,5
318,2025-03-19,baseline,Control,5
318,2025-03-20,baseline,Control,5
318,2025-03-21,baseline,Control,4
318,2025-03-24,baseline,Control,4
318,2025-03-25,baseline,Control,5
318,2025-03-26,baseline,Control,3
318,2025-03-27,baseline,Control,6
318,2025-03-28,baseline,Control,7
318,2025-03-31,intervencion,Control,5
318,2025-04-01,intervencion,Control,5
318,2025-04-02,intervencion,Control,6
318,2025-04-03,intervencion,Control,3
318,2025-04-04,intervencion,Control,5
318,2025-04-07,intervencion,Control,4
318,2025-04-08,intervencion,Control,7
318,2025-04-09,intervencion,Control,4
318,2025-04-10,intervencion,Control,5
318,2025-04-11,intervencion,Control,4
318,2025-04-14,intervencion,Control,7
318,2025-04-15,intervencion,Control,4
318,2025-04-16,intervencion,Control,6
318,2025-04-17,intervencion,Control,5
318,2025-04-18,intervencion,Control,5
318,2025-04-21,intervencion,Control,5
318,2025-04-22,intervencion,Control,4
318,2025-04-23,intervencion,Control,2
318,2025-04-24,intervencion,Control,6
318,2025-04-25,intervencion,Control,4
319,2025-03-03,baseline,Control,6
319,2025-03-04,baseline,Control,5
319,2025-03-05,baseline,Control,6
319,2025-03-06,baseline,Control,5
319,2025-03-07,baseline,Control,2
319,2025-03-10,baseline,Control,5
319,2025-03-11,baseline,Control,4
319,2025-03-12,baseline,Control,6
319,2025-03-13,baseline,Control,5
319,2025-03-14,baseline,Control,5
319,2025-03-17,baseline,Control,4
319,2025-03-18,baseline,Control,4
319,2025-03-19,baseline,Control,4
319,2025-03-20,baseline,Control,3
319,2025-03-21,baseline,Control,4
319,2025-03-24,baseline,Control,3
319,2025-03-25,baseline,Control,3
319,2025-03-26,baseline,Control,5
319,2025-03-27,baseline,Control,5
319,2025-03-28,baseline,Control,5
319,2025-03-31,intervencion,Control,4
319,2025-04-01,intervencion,Control,4
319,2025-04-02,intervencion,Control,4
319,2025-04-03,intervencion,Control,4
319,2025-04-04,intervencion,Control,5
319,2025-04-07,intervencion,Control,3
319,2025-04-08,intervencion,Control,5
319,2025-04-09,intervencion,Control,4
319,2025-04-10,intervencion,Control,5
319,2025-04-11,intervencion,Control,5
319,2025-04-14,intervencion,Control,5
319,2025-04-15,intervencion,Control,5
319,2025-04-16,intervencion,Control,3
319,2025-04-17,intervencion,Control,4
319,2025-04-18,intervencion,Control,6
319,2025-04-21,intervencion,Control,5
319,2025-04-22,intervencion,Control,6
319,2025-04-23,intervencion,Control,6
319,2025-04-24,intervencion,Control,5
319,2025-04-25,intervencion,Control,4
320,2025-03-03,baseline,Control,4
320,2025-03-04,baseline,Control,4
320,2025-03-05,baseline,Control,4
320,2025-03-06,baseline,Control,4
320,2025-03-07,baseline,Control,4
320,2025-03-10,baseline,Control,5
320,2025-03-11,baseline,Control,6
320,2025-03-12,baseline,Control,5
320,2025-03-13,baseline,Control,4
320,2025-03-14,baseline,Control,6
320,2025-03-17,baseline,Control,5
320,2025-03-18,baseline,Control,5
320,2025-03-19,baseline,Control,5
320,2025-03-20,baseline,Control,4
320,2025-03-21,baseline,Control,5
320,2025-03-24,baseline,Control,5
320,2025-03-25,baseline,Control,4
320,2025-03-26,baseline,Control,4
320,2025-03-27,baseline,Control,5
320,2025-03-28,baseline,Control,5
320,2025-03-31,intervencion,Control,4
320,2025-04-01,intervencion,Control,4
320,2025-04-02,intervencion,Control,6
320,2025-04-03,intervencion,Control,6
320,2025-04-04,intervencion,Control,3
320,2025-04-07,intervencion,Control,6
320,2025-04-08,intervencion,Control,4
320,2025-04-09,intervencion,Control,5
320,2025-04-10,intervencion,Control,6
320,2025-04-11,intervencion,Control,6
320,2025-04-14,intervencion,Control,6
320,2025-04-15,intervencion,Control,5
320,2025-04-16,intervencion,Control,3
320,2025-04-17,intervencion,Control,3
320,2025-04-18,intervencion,Control,5
320,2025-04-21,intervencion,Control,6
320,2025-04-22,intervencion,Control,4
320,2025-04-23,intervencion,Control,4
320,2025-04-24,intervencion,Control,4
320,2025-04-25,intervencion,Control,4
321,2025-03-03,baseline,Control,6
321,2025-03-04,baseline,Control,5
321,2025-03-05,baseline,Control,4
321,2025-03-06,baseline,Control,7
321,2025-03-07,baseline,Control,3
321,2025-03-10,baseline,Control,5
321,2025-03-11,baseline,Control,4
321,2025-03-12,baseline,Control,4
321,2025-03-13,baseline,Control,5
321,2025-03-14,baseline,Control,5
321,2025-03-17,baseline,Control,4
321,2025-03-18,baseline,Control,4
321,2025-03-19,baseline,Control,4
321,2025-03-20,baseline,Control,4
321,2025-03-21,baseline,Control,5
321,2025-03-24,baseline,Control,5
321,2025-03-25,baseline,Control,5
321,2025-03-26,baseline,Control,5
321,2025-03-27,baseline,Control,4
321,2025-03-28,baseline,Control,6
321,2025-03-31,intervencion,Control,6
321,2025-04-01,intervencion,Control,6
321,2025-04-02,intervencion,Control,5
321,2025-04-03,intervencion,Control,6
321,2025-04-04,intervencion,Control,4
321,2025-04-07,intervencion,Control,4
321,2025-04-08,intervencion,Control,6
321,2025-04-09,intervencion,Control,5
321,2025-04-10,intervencion,Control,4
321,2025-04-11,intervencion,Control,4
321,2025-04-14,intervencion,Control,4
321,2025-04-15,intervencion,Control,4
321,2025-04-16,intervencion,Control,6
321,2025-04-17,intervencion,Control,5
321,2025-04-18,intervencion,Control,4
321,2025-04-21,intervencion,Control,4
321,2025-04-22,intervencion,Control,4
321,2025-04-23,intervencion,Control,4
321,2025-04-24,intervencion,Control,4
321,2025-04-25,intervencion,Control,6
322,2025-03-03,baseline,Tratamiento,4
322,2025-03-04,baseline,Tratamiento,7
322,2025-03-05,baseline,Tratamiento,4
322,2025-03-06,baseline,Tratamiento,3
322,2025-03-07,baseline,Tratamiento,6
322,2025-03-10,baseline,Tratamiento,6
322,2025-03-11,baseline,Tratamiento,4
322,2025-03-12,baseline,Tratamiento,5
322,2025-03-13,baseline,Tratamiento,5
322,2025-03-14,baseline,Tratamiento,5
322,2025-03-17,baseline,Tratamiento,3
322,2025-03-18,baseline,Tratamiento,2
322,2025-03-19,baseline,Tratamiento,4
322,2025-03-20,baseline,Tratamiento,6
322,2025-03-21,baseline,Tratamiento,6
322,2025-03-24,baseline,Tratamiento,4
322,2025-03-25,baseline,Tratamiento,4
322,2025-03-26,baseline,Tratamiento,5
322,2025-03-27,baseline,Tratamiento,5
322,2025-03-28,baseline,Tratamiento,5
322,2025-03-31,intervencion,Tratamiento,3
322,2025-04-01,intervencion,Tratamiento,7
322,2025-04-02,intervencion,Tratamiento,6
322,2025-04-03,intervencion,Tratamiento,5
322,2025-04-04,intervencion,Tratamiento,4
322,2025-04-07,intervencion,Tratamiento,6
322,2025-04-08,intervencion,Tratamiento,5
322,2025-04-09,intervencion,Tratamiento,5
322,2025-04-10,intervencion,Tratamiento,5
322,2025-04-11,intervencion,Tratamiento,5
322,2025-04-14,intervencion,Tratamiento,5
322,2025-04-15,intervencion,Tratamiento,6
322,2025-04-16,intervencion,Tratamiento,5
322,2025-04-17,intervencion,Tratamiento,5
322,2025-04-18,intervencion,Tratamiento,6
322,2025-04-21,intervencion,Tratamiento,4
322,2025-04-22,intervencion,Tratamiento,4
322,2025-04-23,intervencion,Tratamiento,5
322,2025-04-24,intervencion,Tratamiento,4
322,2025-04-25,intervencion,Tratamiento,5
323,2025-03-03,baseline,Tratamiento,6
323,2025-03-04,baseline,Tratamiento,4
323,2025-03-05,baseline,Tratamiento,3
323,2025-03-06,baseline,Tratamiento,4
323,2025-03-07,baseline,Tratamiento,5
323,2025-03-10,baseline,Tratamiento,5
323,2025-03-11,baseline,Tratamiento,5
323,2025-03-12,baseline,Tratamiento,5
323,2025-03-13,baseline,Tratamiento,4
323,2025-03-14,baseline,Tratamiento,4
323,2025-03-17,baseline,Tratamiento,4
323,2025-03-18,baseline,Tratamiento,4
323,2025-03-19,baseline,Tratamiento,4
323,2025-03-20,baseline,Tratamiento,5
323,2025-03-21,baseline,Tratamiento,5
323,2025-03-24,baseline,Tratamiento,5
323,2025-03-25,baseline,Tratamiento,4
323,2025-03-26,baseline,Tratamiento,6
323,2025-03-27,baseline,Tratamiento,5
323,2025-03-28,baseline,Tratamiento,5
323,2025-03-31,intervencion,Tratamiento,5
323,2025-04-01,intervencion,Tratamiento,4
323,2025-04-02,intervencion,Tratamiento,3
323,2025-04-03,intervencion,Tratamiento,4
323,2025-04-04,intervencion,Tratamiento,6
323,2025-04-07,intervencion,Tratamiento,5
323,2025-04-08,intervencion,Tratamiento,5
323,2025-04-09,intervencion,Tratamiento,4
323,2025-04-10,intervencion,Tratamiento,3
323,2025-04-11,intervencion,Tratamiento,6
323,2025-04-14,intervencion,Tratamiento,5
323,2025-04-15,intervencion,Tratamiento,5
323,2025-04-16,intervencion,Tratamiento,4
323,2025-04-17,intervencion,Tratamiento,6
323,2025-04-18,intervencion,Tratamiento,6
323,2025-04-21,intervencion,Tratamiento,4
323,2025-04-22,intervencion,Tratamiento,6
323,2025-04-23,intervencion,Tratamiento,5
323,2025-04-24,intervencion,Tratamiento,4
323,2025-04-25,intervencion,Tratamiento,5
324,2025-03-03,baseline,Control,4
324,2025-03-04,baseline,Control,3
324,2025-03-05,baseline,Control,5
324,2025-03-06,baseline,Control,4
324,2025-03-07,baseline,Control,5
324,2025-03-10,baseline,Control,5
324,2025-03-11,baseline,Control,5
324,2025-03-12,baseline,Control,3
324,2025-03-13,baseline,Control,4
324,2025-03-14,baseline,Control,5
324,2025-03-17,baseline,Control,3
324,2025-03-18,baseline,Control,5
324,2025-03-19,baseline,Control,3
324,2025-03-20,baseline,Control,5
324,2025-03-21,baseline,Control,6
324,2025-03-24,baseline,Control,5
324,2025-03-25,baseline,Control,3
324,2025-03-26,baseline,Control,5
324,2025-03-27,baseline,Control,6
324,2025-03-28,baseline,Control,7
324,2025-03-31,intervencion,Control,5
324,2025-04-01,intervencion,Control,3
324,2025-04-02,intervencion,Control,5
324,2025-04-03,intervencion,Control,6
324,2025-04-04,intervencion,Control,4
324,2025-04-07,intervencion,Control,6
324,2025-04-08,intervencion,Control,4
324,2025-04-09,intervencion,Control,5
324,2025-04-10,intervencion,Control,2
324,2025-04-11,intervencion,Control,4
324,2025-04-14,intervencion,Control,5
324,2025-04-15,intervencion,Control,4
324,2025-04-16,intervencion,Control,3
324,2025-04-17,intervencion,Control,4
324,2025-04-18,intervencion,Control,5
324,2025-04-21,intervencion,Control,5
324,2025-04-22,intervencion,Control,5
324,2025-04-23,intervencion,Control,5
324,2025-04-24,intervencion,Control,4
324,2025-04-25,intervencion,Control,6
325,2025-03-03,baseline,Control,4
325,2025-03-04,baseline,Control,6
325,2025-03-05,baseline,Control,6
325,2025-03-06,baseline,Control,4
325,2025-03-07,baseline,Control,4
325,2025-03-10,baseline,Control,5
325,2025-03-11,baseline,Control,5
325,2025-03-12,baseline,Control,6
325,2025-03-13,baseline,Control,3
325,2025-03-14,baseline,Control,5
325,2025-03-17,baseline,Control,3
325,2025-03-18,baseline,Control,4
325,2025-03-19,baseline,Control,6
325,2025-03-20,baseline,Control,3
325,2025-03-21,baseline,Control,3
325,2025-03-24,baseline,Control,5
325,2025-03-25,baseline,Control,6
325,2025-03-26,baseline,Control,5
325,2025-03-27,baseline,Control,3
325,2025-03-28,baseline,Control,3
325,2025-03-31,intervencion,Control,5
325,2025-04-01,intervencion,Control,4
325,2025-04-02,intervencion,Control,5
325,2025-04-03,intervencion,Control,5
325,2025-04-04,intervencion,Control,4
325,2025-04-07,intervencion,Control,6
325,2025-04-08,intervencion,Control,5
325,2025-04-09,intervencion,Control,6
325,2025-04-10,intervencion,Control,5
325,2025-04-11,intervencion,Control,4
325,2025-04-14,intervencion,Control,4
325,2025-04-15,intervencion,Control,4
325,2025-04-16,intervencion,Control,5
325,2025-04-17,intervencion,Control,4
325,2025-04-18,intervencion,Control,6
325,2025-04-21,intervencion,Control,4
325,2025-04-22,intervencion,Control,5
325,2025-04-23,intervencion,Control,4
325,2025-04-24,intervencion,Control,4
325,2025-04-25,intervencion,Control,7
326,2025-03-03,baseline,Control,4
326,2025-03-04,baseline,Control,4
326,2025-03-05,baseline,Control,4
326,2025-03-06,baseline,Control,5
326,2025-03-07,baseline,Control,5
326,2025-03-10,baseline,Control,4
326,2025-03-11,baseline,Control,4
326,2025-03-12,baseline,Control,5
326,2025-03-13,baseline,Control,6
326,2025-03-14,baseline,Control,5
326,2025-03-17,baseline,Control,5
326,2025-03-18,baseline,Control,4
326,2025-03-19,baseline,Control,4
326,2025-03-20,baseline,Control,4
326,2025-03-21,baseline,Control,3
326,2025-03-24,baseline,Control,4
326,2025-03-25,baseline,Control,5
326,2025-03-26,baseline,Control,4
326,2025-03-27,baseline,Control,4
326,2025-03-28,baseline,Control,4
326,2025-03-31,intervencion,Control,6
326,2025-04-01,intervencion,Control,4
326,2025-04-02,intervencion,Control,5
326,2025-04-03,intervencion,Control,5
326,2025-04-04,intervencion,Control,5
326,2025-04-07,intervencion,Control,5
326,2025-04-08,intervencion,Control,5
326,2025-04-09,intervencion,Control,5
326,2025-04-10,intervencion,Control,5
326,2025-04-11,intervencion,Control,6
326,2025-04-14,intervencion,Control,5
326,2025-04-15,intervencion,Control,3
326,2025-04-16,intervencion,Control,5
326,2025-04-17,intervencion,Control,5
326,2025-04-18,intervencion,Control,5
326,2025-04-21,intervencion,Control,4
326,2025-04-22,intervencion,Control,3
326,2025-04-23,intervencion,Control,3
326,2025-04-24,intervencion,Control,6
326,2025-04-25,intervencion,Control,4
327,2025-03-03,baseline,Control,5
327,2025-03-04,baseline,Control,3
327,2025-03-05,baseline,Control,4
327,2025-03-06,baseline,Control,5
327,2025-03-07,baseline,Control,5
327,2025-03-10,baseline,Control,5
327,2025-03-11,baseline,Control,5
327,2025-03-12,baseline,Control,4
327,2025-03-13,baseline,Control,4
327,2025-03-14,baseline,Control,4
327,2025-03-17,baseline,Control,6
327,2025-03-18,baseline,Control,6
327,2025-03-19,baseline,Control,4
327,2025-03-20,baseline,Control,4
327,2025-03-21,baseline,Control,4
327,2025-03-24,baseline,Control,5
327,2025-03-25,baseline,Control,4
327,2025-03-26,baseline,Control,5
327,2025-03-27,baseline,Control,5
327,2025-03-28,baseline,Control,4
327,2025-03-31,intervencion,Control,7
327,2025-04-01,intervencion,Control,4
327,2025-04-02,intervencion,Control,6
327,2025-04-03,intervencion,Control,6
327,2025-04-04,intervencion,Control,5
327,2025-04-07,intervencion,Control,3
327,2025-04-08,intervencion,Control,5
327,2025-04-09,intervencion,Control,4
327,2025-04-10,intervencion,Control,5
327,2025-04-11,intervencion,Control,4
327,2025-04-14,intervencion,Control,5
327,2025-04-15,intervencion,Control,5
327,2025-04-16,intervencion,Control,6
327,2025-04-17,intervencion,Control,4
327,2025-04-18,intervencion,Control,4
327,2025-04-21,intervencion,Control,5
327,2025-04-22,intervencion,Control,6
327,2025-04-23,intervencion,Control,5
327,2025-04-24,intervencion,Control,5
327,2025-04-25,intervencion,Control,4
328,2025-03-03,baseline,Tratamiento,4
328,2025-03-04,baseline,Tratamiento,5
328,2025-03-05,baseline,Tratamiento,5
328,2025-03-06,baseline,Tratamiento,5
328,2025-03-07,baseline,Tratamiento,5
328,2025-03-10,baseline,Tratamiento,5
328,2025-03-11,baseline,Tratamiento,5
328,2025-03-12,baseline,Tratamiento,4
328,2025-03-13,baseline,Tratamiento,4
328,2025-03-14,baseline,Tratamiento,5
328,2025-03-17,baseline,Tratamiento,5
328,2025-03-18,baseline,Tratamiento,4
328,2025-03-19,baseline,Tratamiento,5
328,2025-03-20,baseline,Tratamiento,5
328,2025-03-21,baseline,Tratamiento,6
328,2025-03-24,baseline,Tratamiento,6
328,2025-03-25,baseline,Tratamiento,3
328,2025-03-26,baseline,Tratamiento,4
328,2025-03-27,baseline,Tratamiento,4
328,2025-03-28,baseline,Tratamiento,5
328,2025-03-31,intervencion,Tratamiento,5
328,2025-04-01,intervencion,Tratamiento,4
328,2025-04-02,intervencion,Tratamiento,5
328,2025-04-03,intervencion,Tratamiento,5
328,2025-04-04,intervencion,Tratamiento,4
328,2025-04-07,intervencion,Tratamiento,7
328,2025-04-08,intervencion,Tratamiento,5
328,2025-04-09,intervencion,Tratamiento,6
328,2025-04-10,intervencion,Tratamiento,4
328,2025-04-11,intervencion,Tratamiento,5
328,2025-04-14,intervencion,Tratamiento,5
328,2025-04-15,intervencion,Tratamiento,6
328,2025-04-16,intervencion,Tratamiento,5
328,2025-04-17,intervencion,Tratamiento,6
328,2025-04-18,intervencion,Tratamiento,4
328,2025-04-21,intervencion,Tratamiento,6
328,2025-04-22,intervencion,Tratamiento,5
328,2025-04-23,intervencion,Tratamiento,4
328,2025-04-24,intervencion,Tratamiento,7
328,2025-04-25,intervencion,Tratamiento,7
329,2025-03-03,baseline,Tratamiento,3
329,2025-03-04,baseline,Tratamiento,5
329,2025-03-05,baseline,Tratamiento,5
329,2025-03-06,baseline,Tratamiento,5
329,2025-03-07,baseline,Tratamiento,6
329,2025-03-10,baseline,Tratamiento,6
329,2025-03-11,baseline,Tratamiento,5
329,2025-03-12,baseline,Tratamiento,7
329,2025-03-13,baseline,Tratamiento,5
329,2025-03-14,baseline,Tratamiento,4
329,2025-03-17,baseline,Tratamiento,4
329,2025-03-18,baseline,Tratamiento,6
329,2025-03-19,baseline,Tratamiento,4
329,2025-03-20,baseline,Tratamiento,4
329,2025-03-21,baseline,Tratamiento,4
329,2025-03-24,baseline,Tratamiento,5
329,2025-03-25,baseline,Tratamiento,4
329,2025-03-26,baseline,Tratamiento,3
329,2025-03-27,baseline,Tratamiento,6
329,2025-03-28,baseline,Tratamiento,4
329,2025-03-31,intervencion,Tratamiento,7
329,2025-04-01,intervencion,Tratamiento,5
329,2025-04-02,intervencion,Tratamiento,6
329,2025-04-03,intervencion,Tratamiento,6
329,2025-04-04,intervencion,Tratamiento,6
329,2025-04-07,intervencion,Tratamiento,5
329,2025-04-08,intervencion,Tratamiento,5
329,2025-04-09,intervencion,Tratamiento,6
329,2025-04-10,intervencion,Tratamiento,7
329,2025-04-11,intervencion,Tratamiento,5
329,2025-04-14,intervencion,Tratamiento,6
329,2025-04-15,intervencion,Tratamiento,5
329,2025-04-16,intervencion,Tratamiento,5
329,2025-04-17,intervencion,Tratamiento,5
329,2025-04-18,intervencion,Tratamiento,3
329,2025-04-21,intervencion,Tratamiento,5
329,2025-04-22,intervencion,Tratamiento,6
329,2025-04-23,intervencion,Tratamiento,4
329,2025-04-24,intervencion,Tratamiento,6
329,2025-04-25,intervencion,Tratamiento,5
330,2025-03-03,baseline,Tratamiento,4
330,2025-03-04,baseline,Tratamiento,5
330,2025-03-05,baseline,Tratamiento,5
330,2025-03-06,baseline,Tratamiento,5
330,2025-03-07,baseline,Tratamiento,6
330,2025-03-10,baseline,Tratamiento,5
330,2025-03-11,baseline,Tratamiento,3
330,2025-03-12,baseline,Tratamiento,4
330,2025-03-13,baseline,Tratamiento,3
330,2025-03-14,baseline,Tratamiento,5
330,2025-03-17,baseline,Tratamiento,5
330,2025-03-18,baseline,Tratamiento,5
330,2025-03-19,baseline,Tratamiento,5
330,2025-03-20,baseline,Tratamiento,5
330,2025-03-21,baseline,Tratamiento,3
330,2025-03-24,baseline,Tratamiento,5
330,2025-03-25,baseline,Tratamiento,3
330,2025-03-26,baseline,Tratamiento,4
330,2025-03-27,baseline,Tratamiento,6
330,2025-03-28,baseline,Tratamiento,6
330,2025-03-31,intervencion,Tratamiento,6
330,2025-04-01,intervencion,Tratamiento,5
330,2025-04-02,intervencion,Tratamiento,4
330,2025-04-03,intervencion,Tratamiento,5
330,2025-04-04,intervencion,Tratamiento,6
330,2025-04-07,intervencion,Tratamiento,5
330,2025-04-08,intervencion,Tratamiento,4
330,2025-04-09,intervencion,Tratamiento,5
330,2025-04-10,intervencion,Tratamiento,3
330,2025-04-11,intervencion,Tratamiento,6
330,2025-04-14,intervencion,Tratamiento,4
330,2025-04-15,intervencion,Tratamiento,4
330,2025-04-16,intervencion,Tratamiento,6
330,2025-04-17,intervencion,Tratamiento,5
330,2025-04-18,intervencion,Tratamiento,5
330,2025-04-21,intervencion,Tratamiento,7
330,2025-04-22,intervencion,Tratamiento,6
330,2025-04-23,intervencion,Tratamiento,4
330,2025-04-24,intervencion,Tratamiento,5
330,2025-04-25,intervencion,Tratamiento,5
331,2025-03-03,baseline,Tratamiento,6
331,2025-03-04,baseline,Tratamiento,5
331,2025-03-05,baseline,Tratamiento,5
331,2025-03-06,baseline,Tratamiento,3
331,2025-03-07,baseline,Tratamiento,5
331,2025-03-10,baseline,Tratamiento,5
331,2025-03-11,baseline,Tratamiento,4
331,2025-03-12,baseline,Tratamiento,4
331,2025-03-13,baseline,Tratamiento,5
331,2025-03-14,baseline,Tratamiento,5
331,2025-03-17,baseline,Tratamiento,3
331,2025-03-18,baseline,Tratamiento,4
331,2025-03-19,baseline,Tratamiento,4
331,2025-03-20,baseline,Tratamiento,5
331,2025-03-21,baseline,Tratamiento,5
331,2025-03-24,baseline,Tratamiento,4
331,2025-03-25,baseline,Tratamiento,4
331,2025-03-26,baseline,Tratamiento,5
331,2025-03-27,baseline,Tratamiento,5
331,2025-03-28,baseline,Tratamiento,5
331,2025-03-31,intervencion,Tratamiento,6
331,2025-04-01,intervencion,Tratamiento,6
331,2025-04-02,intervencion,Tratamiento,6
331,2025-04-03,intervencion,Tratamiento,6
331,2025-04-04,intervencion,Tratamiento,6
331,2025-04-07,intervencion,Tratamiento,4
331,2025-04-08,intervencion,Tratamiento,6
331,2025-04-09,intervencion,Tratamiento,6
331,2025-04-10,intervencion,Tratamiento,6
331,2025-04-11,intervencion,Tratamiento,4
331,2025-04-14,intervencion,Tratamiento,6
331,2025-04-15,intervencion,Tratamiento,5
331,2025-04-16,intervencion,Tratamiento,7
331,2025-04-17,intervencion,Tratamiento,4
331,2025-04-18,intervencion,Tratamiento,4
331,2025-04-21,intervencion,Tratamiento,3
331,2025-04-22,intervencion,Tratamiento,5
331,2025-04-23,intervencion,Tratamiento,7
331,2025-04-24,intervencion,Tratamiento,5
331,2025-04-25,intervencion,Tratamiento,5
332,2025-03-03,baseline,Tratamiento,5
332,2025-03-04,baseline,Tratamiento,4
332,2025-03-05,baseline,Tratamiento,5
332,2025-03-06,baseline,Tratamiento,5
332,2025-03-07,baseline,Tratamiento,4
332,2025-03-10,baseline,Tratamiento,5
332,2025-03-11,baseline,Tratamiento,5
332,2025-03-12,baseline,Tratamiento,5
332,2025-03-13,baseline,Tratamiento,6
332,2025-03-14,baseline,Tratamiento,5
332,2025-03-17,baseline,Tratamiento,5
332,2025-03-18,baseline,Tratamiento,5
332,2025-03-19,baseline,Tratamiento,4
332,2025-03-20,baseline,Tratamiento,4
332,2025-03-21,baseline,Tratamiento,4
332,2025-03-24,baseline,Tratamiento,3
332,2025-03-25,baseline,Tratamiento,5
332,2025-03-26,baseline,Tratamiento,6
332,2025-03-27,baseline,Tratamiento,4
332,2025-03-28,baseline,Tratamiento,5
332,2025-03-31,intervencion,Tratamiento,4
332,2025-04-01,intervencion,Tratamiento,4
332,2025-04-02,intervencion,Tratamiento,7
332,2025-04-03,intervencion,Tratamiento,4
332,2025-04-04,intervencion,Tratamiento,4
332,2025-04-07,intervencion,Tratamiento,5
332,2025-04-08,intervencion,Tratamiento,5
332,2025-04-09,intervencion,Tratamiento,6
332,2025-04-10,intervencion,Tratamiento,7
332,2025-04-11,intervencion,Tratamiento,4
332,2025-04-14,intervencion,Tratamiento,4
332,2025-04-15,intervencion,Tratamiento,6
332,2025-04-16,intervencion,Tratamiento,6
332,2025-04-17,intervencion,Tratamiento,6
332,2025-04-18,intervencion,Tratamiento,4
332,2025-04-21,intervencion,Tratamiento,6
332,2025-04-22,intervencion,Tratamiento,6
332,2025-04-23,intervencion,Tratamiento,5
332,2025-04-24,intervencion,Tratamiento,4
332,2025-04-25,intervencion,Tratamiento,5
333,2025-03-03,baseline,Control,6
333,2025-03-04,baseline,Control,4
333,2025-03-05,baseline,Control,4
333,2025-03-06,baseline,Control,4
333,2025-03-07,baseline,Control,4
333,2025-03-10,baseline,Control,5
333,2025-03-11,baseline,Control,5
333,2025-03-12,baseline,Control,5
333,2025-03-13,baseline,Control,5
333,2025-03-14,baseline,Control,5
333,2025-03-17,baseline,Control,5
333,2025-03-18,baseline,Control,3
333,2025-03-19,baseline,Control,6
333,2025-03-20,baseline,Control,4
333,2025-03-21,baseline,Control,4
333,2025-03-24,baseline,Control,5
333,2025-03-25,baseline,Control,5
333,2025-03-26,baseline,Control,5
333,2025-03-27,baseline,Control,5
333,2025-03-28,baseline,Control,4
333,2025-03-31,intervencion,Control,6
333,2025-04-01,intervencion,Control,5
333,2025-04-02,intervencion,Control,5
333,2025-04-03,intervencion,Control,5
333,2025-04-04,intervencion,Control,4
333,2025-04-07,intervencion,Control,7
333,2025-04-08,intervencion,Control,4
333,2025-04-09,intervencion,Control,5
333,2025-04-10,intervencion,Control,4
333,2025-04-11,intervencion,Control,4
333,2025-04-14,intervencion,Control,4
333,2025-04-15,intervencion,Control,4
333,2025-04-16,intervencion,Control,6
333,2025-04-17,intervencion,Control,4
333,2025-04-18,intervencion,Control,5
333,2025-04-21,intervencion,Control,5
333,2025-04-22,intervencion,Control,4
333,2025-04-23,intervencion,Control,5
333,2025-04-24,intervencion,Control,4
333,2025-04-25,intervencion,Control,4
334,2025-03-03,baseline,Control,4
334,2025-03-04,baseline,Control,5
334,2025-03-05,baseline,Control,5
334,2025-03-06,baseline,Control,5
334,2025-03-07,baseline,Control,4
334,2025-03-10,baseline,Control,4
334,2025-03-11,baseline,Control,4
334,2025-03-12,baseline,Control,3
334,2025-03-13,baseline,Control,5
334,2025-03-14,baseline,Control,5
334,2025-03-17,baseline,Control,5
334,2025-03-18,baseline,Control,6
334,2025-03-19,baseline,Control,4
334,2025-03-20,baseline,Control,4
334,2025-03-21,baseline,Control,5
334,2025-03-24,baseline,Control,5
334,2025-03-25,baseline,Control,3
334,2025-03-26,baseline,Control,5
334,2025-03-27,baseline,Control,5
334,2025-03-28,baseline,Control,3
334,2025-03-31,intervencion,Control,4
334,2025-04-01,intervencion,Control,4
334,2025-04-02,intervencion,Control,4
334,2025-04-03,intervencion,Control,3
334,2025-04-04,intervencion,Control,5
334,2025-04-07,intervencion,Control,6
334,2025-04-08,intervencion,Control,5
334,2025-04-09,intervencion,Control,3
334,2025-04-10,intervencion,Control,5
334,2025-04-11,intervencion,Control,4
334,2025-04-14,intervencion,Control,4
334,2025-04-15,intervencion,Control,5
334,2025-04-16,intervencion,Control,5
334,2025-04-17,intervencion,Control,4
334,2025-04-18,intervencion,Control,3
334,2025-04-21,intervencion,Control,3
334,2025-04-22,intervencion,Control,4
334,2025-04-23,intervencion,Control,4
334,2025-04-24,intervencion,Control,4
334,2025-04-25,intervencion,Control,4
335,2025-03-03,baseline,Tratamiento,5
335,2025-03-04,baseline,Tratamiento,5
335,2025-03-05,baseline,Tratamiento,5
335,2025-03-06,baseline,Tratamiento,5
335,2025-03-07,baseline,Tratamiento,4
335,2025-03-10,baseline,Tratamiento,4
335,2025-03-11,baseline,Tratamiento,4
335,2025-03-12,baseline,Tratamiento,4
335,2025-03-13,baseline,Tratamiento,3
335,2025-03-14,baseline,Tratamiento,4
335,2025-03-17,baseline,Tratamiento,6
335,2025-03-18,baseline,Tratamiento,5
335,2025-03-19,baseline,Tratamiento,5
335,2025-03-20,baseline,Tratamiento,5
335,2025-03-21,baseline,Tratamiento,6
335,2025-03-24,baseline,Tratamiento,4
335,2025-03-25,baseline,Tratamiento,4
335,2025-03-26,baseline,Tratamiento,6
335,2025-03-27,baseline,Tratamiento,5
335,2025-03-28,baseline,Tratamiento,4
335,2025-03-31,intervencion,Tratamiento,5
335,2025-04-01,intervencion,Tratamiento,5
335,2025-04-02,intervencion,Tratamiento,4
335,2025-04-03,intervencion,Tratamiento,4
335,2025-04-04,intervencion,Tratamiento,5
335,2025-04-07,intervencion,Tratamiento,5
335,2025-04-08,intervencion,Tratamiento,6
335,2025-04-09,intervencion,Tratamiento,5
335,2025-04-10,intervencion,Tratamiento,5
335,2025-04-11,intervencion,Tratamiento,6
335,2025-04-14,intervencion,Tratamiento,6
335,2025-04-15,intervencion,Tratamiento,5
335,2025-04-16,intervencion,Tratamiento,4
335,2025-04-17,intervencion,Tratamiento,4
335,2025-04-18,intervencion,Tratamiento,4
335,2025-04-21,intervencion,Tratamiento,5
335,2025-04-22,intervencion,Tratamiento,4
335,2025-04-23,intervencion,Tratamiento,6
335,2025-04-24,intervencion,Tratamiento,4
335,2025-04-25,intervencion,Tratamiento,4
336,2025-03-03,baseline,Control,5
336,2025-03-04,baseline,Control,5
336,2025-03-05,baseline,Control,2
336,2025-03-06,baseline,Control,3
336,2025-03-07,baseline,Control,4
336,2025-03-10,baseline,Control,6
336,2025-03-11,baseline,Control,6
336,2025-03-12,baseline,Control,4
336,2025-03-13,baseline,Control,4
336,2025-03-14,baseline,Control,4
336,2025-03-17,baseline,Control,5
336,2025-03-18,baseline,Control,6
336,2025-03-19,baseline,Control,6
336,2025-03-20,baseline,Control,5
336,2025-03-21,baseline,Control,4
336,2025-03-24,baseline,Control,5
336,2025-03-25,baseline,Control,6
336,2025-03-26,baseline,Control,4
336,2025-03-27,baseline,Control,3
336,2025-03-28,baseline,Control,4
336,2025-03-31,intervencion,Control,4
336,2025-04-01,intervencion,Control,3
336,2025-04-02,intervencion,Control,5
336,2025-04-03,intervencion,Control,5
336,2025-04-04,intervencion,Control,6
336,2025-04-07,intervencion,Control,3
336,2025-04-08,intervencion,Control,5
336,2025-04-09,intervencion,Control,5
336,2025-04-10,intervencion,Control,5
336,2025-04-11,intervencion,Control,4
336,2025-04-14,intervencion,Control,4
336,2025-04-15,intervencion,Control,5
336,2025-04-16,intervencion,Control,5
336,2025-04-17,intervencion,Control,4
336,2025-04-18,intervencion,Control,6
336,2025-04-21,intervencion,Control,4
336,2025-04-22,intervencion,Control,3
336,2025-04-23,intervencion,Control,4
336,2025-04-24,intervencion,Control,5
336,2025-04-25,intervencion,Control,5
337,2025-03-03,baseline,Control,5
337,2025-03-04,baseline,Control,6
337,2025-03-05,baseline,Control,4
337,2025-03-06,baseline,Control,4
337,2025-03-07,baseline,Control,6
337,2025-03-10,baseline,Control,3
337,2025-03-11,baseline,Control,5
337,2025-03-12,baseline,Control,6
337,2025-03-13,baseline,Control,6
337,2025-03-14,baseline,Control,5
337,2025-03-17,baseline,Control,5
337,2025-03-18,baseline,Control,4
337,2025-03-19,baseline,Control,6
337,2025-03-20,baseline,Control,4
337,2025-03-21,baseline,Control,4
337,2025-03-24,baseline,Control,5
337,2025-03-25,baseline,Control,4
337,2025-03-26,baseline,Control,5
337,2025-03-27,baseline,Control,5
337,2025-03-28,baseline,Control,6
337,2025-03-31,intervencion,Control,5
337,2025-04-01,intervencion,Control,4
337,2025-04-02,intervencion,Control,5
337,2025-04-03,intervencion,Control,4
337,2025-04-04,intervencion,Control,5
337,2025-04-07,intervencion,Control,5
337,2025-04-08,intervencion,Control,5
337,2025-04-09,intervencion,Control,3
337,2025-04-10,intervencion,Control,3
337,2025-04-11,intervencion,Control,3
337,2025-04-14,intervencion,Control,6
337,2025-04-15,intervencion,Control,4
337,2025-04-16,intervencion,Control,5
337,2025-04-17,intervencion,Control,4
337,2025-04-18,intervencion,Control,4
337,2025-04-21,intervencion,Control,5
337,2025-04-22,intervencion,Control,6
337,2025-04-23,intervencion,Control,5
337,2025-04-24,intervencion,Control,5
337,2025-04-25,intervencion,Control,6
338,2025-03-03,baseline,Control,4
338,2025-03-04,baseline,Control,6
338,2025-03-05,baseline,Control,5
338,2025-03-06,baseline,Control,5
338,2025-03-07,baseline,Control,4
338,2025-03-10,baseline,Control,4
338,2025-03-11,baseline,Control,4
338,2025-03-12,baseline,Control,4
338,2025-03-13,baseline,Control,4
338,2025-03-14,baseline,Control,5
338,2025-03-17,baseline,Control,4
338,2025-03-18,baseline,Control,5
338,2025-03-19,baseline,Control,5
338,2025-03-20,baseline,Control,4
338,2025-03-21,baseline,Control,4
338,2025-03-24,baseline,Control,4
338,2025-03-25,baseline,Control,4
338,2025-03-26,baseline,Control,4
338,2025-03-27,baseline,Control,6
338,2025-03-28,baseline,Control,3
338,2025-03-31,intervencion,Control,6
338,2025-04-01,intervencion,Control,5
338,2025-04-02,intervencion,Control,5
338,2025-04-03,intervencion,Control,5
338,2025-04-04,intervencion,Control,5
338,2025-04-07,intervencion,Control,6
338,2025-04-08,intervencion,Control,4
338,2025-04-09,intervencion,Control,4
338,2025-04-10,intervencion,Control,4
338,2025-04-11,intervencion,Control,3
338,2025-04-14,intervencion,Control,4
338,2025-04-15,intervencion,Control,6
338,2025-04-16,intervencion,Control,4
338,2025-04-17,intervencion,Control,6
338,2025-04-18,intervencion,Control,6
338,2025-04-21,intervencion,Control,7
338,2025-04-22,intervencion,Control,6
338,2025-04-23,intervencion,Control,7
338,2025-04-24,intervencion,Control,5
338,2025-04-25,intervencion,Control,5
339,2025-03-03,baseline,Control,5
339,2025-03-04,baseline,Control,5
339,2025-03-05,baseline,Control,5
339,2025-03-06,baseline,Control,5
339,2025-03-07,baseline,Control,4
339,2025-03-10,baseline,Control,3
339,2025-03-11,baseline,Control,5
339,2025-03-12,baseline,Control,4
339,2025-03-13,baseline,Control,4
339,2025-03-14,baseline,Control,4
339,2025-03-17,baseline,Control,4
339,2025-03-18,baseline,Control,6
339,2025-03-19,baseline,Control,4
339,2025-03-20,baseline,Control,6
339,2025-03-21,baseline,Control,5
339,2025-03-24,baseline,Control,5
339,2025-03-25,baseline,Control,5
339,2025-03-26,baseline,Control,3
339,2025-03-27,baseline,Control,5
339,2025-03-28,baseline,Control,5
339,2025-03-31,intervencion,Control,5
339,2025-04-01,intervencion,Control,3
339,2025-04-02,intervencion,Control,3
339,2025-04-03,intervencion,Control,4
339,2025-04-04,intervencion,Control,6
339,2025-04-07,intervencion,Control,5
339,2025-04-08,intervencion,Control,4
339,2025-04-09,intervencion,Control,3
339,2025-04-10,intervencion,Control,4
339,2025-04-11,intervencion,Control,4
339,2025-04-14,intervencion,Control,5
339,2025-04-15,intervencion,Control,6
339,2025-04-16,intervencion,Control,4
339,2025-04-17,intervencion,Control,5
339,2025-04-18,intervencion,Control,5
339,2025-04-21,intervencion,Control,4
339,2025-04-22,intervencion,Control,5
339,2025-04-23,intervencion,Control,5
339,2025-04-24,intervencion,Control,5
339,2025-04-25,intervencion,Control,3
340,2025-03-03,baseline,Control,5
340,2025-03-04,baseline,Control,5
340,2025-03-05,baseline,Control,6
340,2025-03-06,baseline,Control,4
340,2025-03-07,baseline,Control,4
340,2025-03-10,baseline,Control,4
340,2025-03-11,baseline,Control,5
340,2025-03-12,baseline,Control,5
340,2025-03-13,baseline,Control,5
340,2025-03-14,baseline,Control,4
340,2025-03-17,baseline,Control,5
340,2025-03-18,baseline,Control,4
340,2025-03-19,baseline,Control,4
340,2025-03-20,baseline,Control,6
340,2025-03-21,baseline,Control,3
340,2025-03-24,baseline,Control,4
340,2025-03-25,baseline,Control,3
340,2025-03-26,baseline,Control,5
340,2025-03-27,baseline,Control,6
340,2025-03-28,baseline,Control,5
340,2025-03-31,intervencion,Control,4
340,2025-04-01,intervencion,Control,6
340,2025-04-02,intervencion,Control,5
340,2025-04-03,intervencion,Control,5
340,2025-04-04,intervencion,Control,5
340,2025-04-07,intervencion,Control,2
340,2025-04-08,intervencion,Control,5
340,2025-04-09,intervencion,Control,4
340,2025-04-10,intervencion,Control,4
340,2025-04-11,intervencion,Control,6
340,2025-04-14,intervencion,Control,4
340,2025-04-15,intervencion,Control,6
340,2025-04-16,intervencion,Control,3
340,2025-04-17,intervencion,Control,4
340,2025-04-18,intervencion,Control,5
340,2025-04-21,intervencion,Control,4
340,2025-04-22,intervencion,Control,5
340,2025-04-23,intervencion,Control,4
340,2025-04-24,intervencion,Control,4
340,2025-04-25,intervencion,Control,4
341,2025-03-03,baseline,Tratamiento,5
341,2025-03-04,baseline,Tratamiento,5
341,2025-03-05,baseline,Tratamiento,6
341,2025-03-06,baseline,Tratamiento,4
341,2025-03-07,baseline,Tratamiento,4
341,2025-03-10,baseline,Tratamiento,4
341,2025-03-11,baseline,Tratamiento,6
341,2025-03-12,baseline,Tratamiento,5
341,2025-03-13,baseline,Tratamiento,3
341,2025-03-14,baseline,Tratamiento,3
341,2025-03-17,baseline,Tratamiento,4
341,2025-03-18,baseline,Tratamiento,5
341,2025-03-19,baseline,Tratamiento,5
341,2025-03-20,baseline,Tratamiento,5
341,2025-03-21,baseline,Tratamiento,4
341,2025-03-24,baseline,Tratamiento,6
341,2025-03-25,baseline,Tratamiento,5
341,2025-03-26,baseline,Tratamiento,5
341,2025-03-27,baseline,Tratamiento,6
341,2025-03-28,baseline,Tratamiento,3
341,2025-03-31,intervencion,Tratamiento,5
341,2025-04-01,intervencion,Tratamiento,5
341,2025-04-02,intervencion,Tratamiento,5
341,2025-04-03,intervencion,Tratamiento,3
341,2025-04-04,intervencion,Tratamiento,5
341,2025-04-07,intervencion,Tratamiento,5
341,2025-04-08,intervencion,Tratamiento,5
341,2025-04-09,intervencion,Tratamiento,6
341,2025-04-10,intervencion,Tratamiento,6
341,2025-04-11,intervencion,Tratamiento,5
341,2025-04-14,intervencion,Tratamiento,6
341,2025-04-15,intervencion,Tratamiento,5
341,2025-04-16,intervencion,Tratamiento,5
341,2025-04-17,intervencion,Tratamiento,6
341,2025-04-18,intervencion,Tratamiento,5
341,2025-04-21,intervencion,Tratamiento,5
341,2025-04-22,intervencion,Tratamiento,6
341,2025-04-23,intervencion,Tratamiento,6
341,2025-04-24,intervencion,Tratamiento,6
341,2025-04-25,intervencion,Tratamiento,7
342,2025-03-03,baseline,Control,5
342,2025-03-04,baseline,Control,4
342,2025-03-05,baseline,Control,5
342,2025-03-06,baseline,Control,5
342,2025-03-07,baseline,Control,5
342,2025-03-10,baseline,Control,6
342,2025-03-11,baseline,Control,3
342,2025-03-12,baseline,Control,6
342,2025-03-13,baseline,Control,6
342,2025-03-14,baseline,Control,5
342,2025-03-17,baseline,Control,5
342,2025-03-18,baseline,Control,4
342,2025-03-19,baseline,Control,5
342,2025-03-20,baseline,Control,5
342,2025-03-21,baseline,Control,5
342,2025-03-24,baseline,Control,5
342,2025-03-25,baseline,Control,5
342,2025-03-26,baseline,Control,5
342,2025-03-27,baseline,Control,5
342,2025-03-28,baseline,Control,4
342,2025-03-31,intervencion,Control,5
342,2025-04-01,intervencion,Control,6
342,2025-04-02,intervencion,Control,5
342,2025-04-03,intervencion,Control,6
342,2025-04-04,intervencion,Control,4
342,2025-04-07,intervencion,Control,5
342,2025-04-08,intervencion,Control,4
342,2025-04-09,intervencion,Control,6
342,2025-04-10,intervencion,Control,6
342,2025-04-11,intervencion,Control,5
342,2025-04-14,intervencion,Control,6
342,2025-04-15,intervencion,Control,6
342,2025-04-16,intervencion,Control,5
342,2025-04-17,intervencion,Control,5
342,2025-04-18,intervencion,Control,5
342,2025-04-21,intervencion,Control,4
342,2025-04-22,intervencion,Control,5
342,2025-04-23,intervencion,Control,7
342,2025-04-24,intervencion,Control,4
342,2025-04-25,intervencion,Control,5
343,2025-03-03,baseline,Tratamiento,5
343,2025-03-04,baseline,Tratamiento,4
343,2025-03-05,baseline,Tratamiento,5
343,2025-03-06,baseline,Tratamiento,6
343,2025-03-07,baseline,Tratamiento,5
343,2025-03-10,baseline,Tratamiento,5
343,2025-03-11,baseline,Tratamiento,6
343,2025-03-12,baseline,Tratamiento,4
343,2025-03-13,baseline,Tratamiento,4
343,2025-03-14,baseline,Tratamiento,6
343,2025-03-17,baseline,Tratamiento,5
343,2025-03-18,baseline,Tratamiento,5
343,2025-03-19,baseline,Tratamiento,4
343,2025-03-20,baseline,Tratamiento,5
343,2025-03-21,baseline,Tratamiento,4
343,2025-03-24,baseline,Tratamiento,5
343,2025-03-25,baseline,Tratamiento,4
343,2025-03-26,baseline,Tratamiento,4
343,2025-03-27,baseline,Tratamiento,4
343,2025-03-28,baseline,Tratamiento,3
343,2025-03-31,intervencion,Tratamiento,4
343,2025-04-01,intervencion,Tratamiento,6
343,2025-04-02,intervencion,Tratamiento,5
343,2025-04-03,intervencion,Tratamiento,4
343,2025-04-04,intervencion,Tratamiento,5
343,2025-04-07,intervencion,Tratamiento,4
343,2025-04-08,intervencion,Tratamiento,6
343,2025-04-09,intervencion,Tratamiento,5
343,2025-04-10,intervencion,Tratamiento,5
343,2025-04-11,intervencion,Tratamiento,5
343,2025-04-14,intervencion,Tratamiento,7
343,2025-04-15,intervencion,Tratamiento,4
343,2025-04-16,intervencion,Tratamiento,5
343,2025-04-17,intervencion,Tratamiento,6
343,2025-04-18,intervencion,Tratamiento,4
343,2025-04-21,intervencion,Tratamiento,4
343,2025-04-22,intervencion,Tratamiento,4
343,2025-04-23,intervencion,Tratamiento,6
343,2025-04-24,intervencion,Tratamiento,5
343,2025-04-25,intervencion,Tratamiento,5
344,2025-03-03,baseline,Tratamiento,5
344,2025-03-04,baseline,Tratamiento,4
344,2025-03-05,baseline,Tratamiento,5
344,2025-03-06,baseline,Tratamiento,3
344,2025-03-07,baseline,Tratamiento,5
344,2025-03-10,baseline,Tratamiento,5
344,2025-03-11,baseline,Tratamiento,5
344,2025-03-12,baseline,Tratamiento,4
344,2025-03-13,baseline,Tratamiento,4
344,2025-03-14,baseline,Tratamiento,3
344,2025-03-17,baseline,Tratamiento,4
344,2025-03-18,baseline,Tratamiento,6
344,2025-03-19,baseline,Tratamiento,4
344,2025-03-20,baseline,Tratamiento,3
344,2025-03-21,baseline,Tratamiento,4
344,2025-03-24,baseline,Tratamiento,3
344,2025-03-25,baseline,Tratamiento,3
344,2025-03-26,baseline,Tratamiento,5
344,2025-03-27,baseline,Tratamiento,3
344,2025-03-28,baseline,Tratamiento,5
344,2025-03-31,intervencion,Tratamiento,5
344,2025-04-01,intervencion,Tratamiento,4
344,2025-04-02,intervencion,Tratamiento,5
344,2025-04-03,intervencion,Tratamiento,4
344,2025-04-04,intervencion,Tratamiento,6
344,2025-04-07,intervencion,Tratamiento,4
344,2025-04-08,intervencion,Tratamiento,5
344,2025-04-09,intervencion,Tratamiento,4
344,2025-04-10,intervencion,Tratamiento,6
344,2025-04-11,intervencion,Tratamiento,5
344,2025-04-14,intervencion,Tratamiento,3
344,2025-04-15,intervencion,Tratamiento,5
344,2025-04-16,intervencion,Tratamiento,3
344,2025-04-17,intervencion,Tratamiento,5
344,2025-04-18,intervencion,Tratamiento,5
344,2025-04-21,intervencion,Tratamiento,5
344,2025-04-22,intervencion,Tratamiento,5
344,2025-04-23,intervencion,Tratamiento,6
344,2025-04-24,intervencion,Tratamiento,4
344,2025-04-25,intervencion,Tratamiento,4
345,2025-03-03,baseline,Control,5
345,2025-03-04,baseline,Control,3
345,2025-03-05,baseline,Control,4
345,2025-03-06,baseline,Control,6
345,2025-03-07,baseline,Control,3
345,2025-03-10,baseline,Control,4
345,2025-03-11,baseline,Control,4
345,2025-03-12,baseline,Control,6
345,2025-03-13,baseline,Control,4
345,2025-03-14,baseline,Control,4
345,2025-03-17,baseline,Control,4
345,2025-03-18,baseline,Control,5
345,2025-03-19,baseline,Control,5
345,2025-03-20,baseline,Control,4
345,2025-03-21,baseline,Control,5
345,2025-03-24,baseline,Control,5
345,2025-03-25,baseline,Control,5
345,2025-03-26,baseline,Control,4
345,2025-03-27,baseline,Control,5
345,2025-03-28,baseline,Control,4
345,2025-03-31,intervencion,Control,6
345,2025-04-01,intervencion,Control,5
345,2025-04-02,intervencion,Control,5
345,2025-04-03,intervencion,Control,4
345,2025-04-04,intervencion,Control,4
345,2025-04-07,intervencion,Control,5
345,2025-04-08,intervencion,Control,5
345,2025-04-09,intervencion,Control,4
345,2025-04-10,intervencion,Control,5
345,2025-04-11,intervencion,Control,5
345,2025-04-14,intervencion,Control,5
345,2025-04-15,intervencion,Control,3
345,2025-04-16,intervencion,Control,4
345,2025-04-17,intervencion,Control,3
345,2025-04-18,intervencion,Control,5
345,2025-04-21,intervencion,Control,4
345,2025-04-22,intervencion,Control,4
345,2025-04-23,intervencion,Control,4
345,2025-04-24,intervencion,Control,4
345,2025-04-25,intervencion,Control,4
346,2025-03-03,baseline,Control,5
346,2025-03-04,baseline,Control,5
346,2025-03-05,baseline,Control,5
346,2025-03-06,baseline,Control,4
346,2025-03-07,baseline,Control,3
346,2025-03-10,baseline,Control,4
346,2025-03-11,baseline,Control,4
346,2025-03-12,baseline,Control,5
346,2025-03-13,baseline,Control,5
346,2025-03-14,baseline,Control,5
346,2025-03-17,baseline,Control,6
346,2025-03-18,baseline,Control,4
346,2025-03-19,baseline,Control,4
346,2025-03-20,baseline,Control,6
346,2025-03-21,baseline,Control,5
346,2025-03-24,baseline,Control,4
346,2025-03-25,baseline,Control,6
346,2025-03-26,baseline,Control,5
346,2025-03-27,baseline,Control,4
346,2025-03-28,baseline,Control,4
346,2025-03-31,intervencion,Control,6
346,2025-04-01,intervencion,Control,5
346,2025-04-02,intervencion,Control,5
346,2025-04-03,intervencion,Control,5
346,2025-04-04,intervencion,Control,5
346,2025-04-07,intervencion,Control,5
346,2025-04-08,intervencion,Control,5
346,2025-04-09,intervencion,Control,5
346,2025-04-10,intervencion,Control,5
346,2025-04-11,intervencion,Control,4
346,2025-04-14,intervencion,Control,6
346,2025-04-15,intervencion,Control,3
346,2025-04-16,intervencion,Control,5
346,2025-04-17,intervencion,Control,3
346,2025-04-18,intervencion,Control,5
346,2025-04-21,intervencion,Control,4
346,2025-04-22,intervencion,Control,5
346,2025-04-23,intervencion,Control,5
346,2025-04-24,intervencion,Control,4
346,2025-04-25,intervencion,Control,5
347,2025-03-03,baseline,Control,6
347,2025-03-04,baseline,Control,3
347,2025-03-05,baseline,Control,4
347,2025-03-06,baseline,Control,5
347,2025-03-07,baseline,Control,5
347,2025-03-10,baseline,Control,5
347,2025-03-11,baseline,Control,6
347,2025-03-12,baseline,Control,4
347,2025-03-13,baseline,Control,4
347,2025-03-14,baseline,Control,4
347,2025-03-17,baseline,Control,4
347,2025-03-18,baseline,Control,6
347,2025-03-19,baseline,Control,3
347,2025-03-20,baseline,Control,4
347,2025-03-21,baseline,Control,3
347,2025-03-24,baseline,Control,6
347,2025-03-25,baseline,Control,4
347,2025-03-26,baseline,Control,4
347,2025-03-27,baseline,Control,3
347,2025-03-28,baseline,Control,4
347,2025-03-31,intervencion,Control,5
347,2025-04-01,intervencion,Control,5
347,2025-04-02,intervencion,Control,5
347,2025-04-03,intervencion,Control,3
347,2025-04-04,intervencion,Control,4
347,2025-04-07,intervencion,Control,5
347,2025-04-08,intervencion,Control,4
347,2025-04-09,intervencion,Control,5
347,2025-04-10,intervencion,Control,5
347,2025-04-11,intervencion,Control,4
347,2025-04-14,intervencion,Control,5
347,2025-04-15,intervencion,Control,5
347,2025-04-16,intervencion,Control,6
347,2025-04-17,intervencion,Control,6
347,2025-04-18,intervencion,Control,4
347,2025-04-21,intervencion,Control,5
347,2025-04-22,intervencion,Control,6
347,2025-04-23,intervencion,Control,4
347,2025-04-24,intervencion,Control,4
347,2025-04-25,intervencion,Control,4
348,2025-03-03,baseline,Control,4
348,2025-03-04,baseline,Control,4
348,2025-03-05,baseline,Control,4
348,2025-03-06,baseline,Control,5
348,2025-03-07,baseline,Control,3
348,2025-03-10,baseline,Control,4
348,2025-03-11,baseline,Control,5
348,2025-03-12,baseline,Control,5
348,2025-03-13,baseline,Control,4
348,2025-03-14,baseline,Control,5
348,2025-03-17,baseline,Control,6
348,2025-03-18,baseline,Control,5
348,2025-03-19,baseline,Control,4
348,2025-03-20,baseline,Control,5
348,2025-03-21,baseline,Control,6
348,2025-03-24,baseline,Control,4
348,2025-03-25,baseline,Control,5
348,2025-03-26,baseline,Control,6
348,2025-03-27,baseline,Control,5
348,2025-03-28,baseline,Control,3
348,2025-03-31,intervencion,Control,5
348,2025-04-01,intervencion,Control,4
348,2025-04-02,intervencion,Control,3
348,2025-04-03,intervencion,Control,3
348,2025-04-04,intervencion,Control,6
348,2025-04-07,intervencion,Control,4
348,2025-04-08,intervencion,Control,5
348,2025-04-09,intervencion,Control,5
348,2025-04-10,intervencion,Control,5
348,2025-04-11,intervencion,Control,5
348,2025-04-14,intervencion,Control,5
348,2025-04-15,intervencion,Control,5
348,2025-04-16,intervencion,Control,4
348,2025-04-17,intervencion,Control,4
348,2025-04-18,intervencion,Control,5
348,2025-04-21,intervencion,Control,4
348,2025-04-22,intervencion,Control,5
348,2025-04-23,intervencion,Control,6
348,2025-04-24,intervencion,Control,5
348,2025-04-25,intervencion,Control,4
349,2025-03-03,baseline,Control,3
349,2025-03-04,baseline,Control,4
349,2025-03-05,baseline,Control,3
349,2025-03-06,baseline,Control,4
349,2025-03-07,baseline,Control,5
349,2025-03-10,baseline,Control,5
349,2025-03-11,baseline,Control,6
349,2025-03-12,baseline,Control,5
349,2025-03-13,baseline,Control,6
349,2025-03-14,baseline,Control,5
349,2025-03-17,baseline,Control,6
349,2025-03-18,baseline,Control,4
349,2025-03-19,baseline,Control,4
349,2025-03-20,baseline,Control,4
349,2025-03-21,baseline,Control,5
349,2025-03-24,baseline,Control,4
349,2025-03-25,baseline,Control,4
349,2025-03-26,baseline,Control,5
349,2025-03-27,baseline,Control,4
349,2025-03-28,baseline,Control,3
349,2025-03-31,intervencion,Control,4
349,2025-04-01,intervencion,Control,4
349,2025-04-02,intervencion,Control,4
349,2025-04-03,intervencion,Control,4
349,2025-04-04,intervencion,Control,5
349,2025-04-07,intervencion,Control,5
349,2025-04-08,intervencion,Control,4
349,2025-04-09,intervencion,Control,3
349,2025-04-10,intervencion,Control,4
349,2025-04-11,intervencion,Control,5
349,2025-04-14,intervencion,Control,5
349,2025-04-15,intervencion,Control,5
349,2025-04-16,intervencion,Control,6
349,2025-04-17,intervencion,Control,6
349,2025-04-18,intervencion,Control,4
349,2025-04-21,intervencion,Control,6
349,2025-04-22,intervencion,Control,4
349,2025-04-23,intervencion,Control,6
349,2025-04-24,intervencion,Control,5
349,2025-04-25,intervencion,Control,3
350,2025-03-03,baseline,Tratamiento,4
350,2025-03-04,baseline,Tratamiento,4
350,2025-03-05,baseline,Tratamiento,3
350,2025-03-06,baseline,Tratamiento,5
350,2025-03-07,baseline,Tratamiento,6
350,2025-03-10,baseline,Tratamiento,4
350,2025-03-11,baseline,Tratamiento,5
350,2025-03-12,baseline,Tratamiento,6
350,2025-03-13,baseline,Tratamiento,5
350,2025-03-14,baseline,Tratamiento,5
350,2025-03-17,baseline,Tratamiento,4
350,2025-03-18,baseline,Tratamiento,5
350,2025-03-19,baseline,Tratamiento,5
350,2025-03-20,baseline,Tratamiento,5
350,2025-03-21,baseline,Tratamiento,5
350,2025-03-24,baseline,Tratamiento,5
350,2025-03-25,baseline,Tratamiento,3
350,2025-03-26,baseline,Tratamiento,5
350,2025-03-27,baseline,Tratamiento,3
350,2025-03-28,baseline,Tratamiento,5
350,2025-03-31,intervencion,Tratamiento,6
350,2025-04-01,intervencion,Tratamiento,4
350,2025-04-02,intervencion,Tratamiento,4
350,2025-04-03,intervencion,Tratamiento,7
350,2025-04-04,intervencion,Tratamiento,5
350,2025-04-07,intervencion,Tratamiento,4
350,2025-04-08,intervencion,Tratamiento,6
350,2025-04-09,intervencion,Tratamiento,4
350,2025-04-10,intervencion,Tratamiento,3
350,2025-04-11,intervencion,Tratamiento,5
350,2025-04-14,intervencion,Tratamiento,4
350,2025-04-15,intervencion,Tratamiento,5
350,2025-04-16,intervencion,Tratamiento,4
350,2025-04-17,intervencion,Tratamiento,6
350,2025-04-18,intervencion,Tratamiento,5
350,2025-04-21,intervencion,Tratamiento,3
350,2025-04-22,intervencion,Tratamiento,5
350,2025-04-23,intervencion,Tratamiento,5
350,2025-04-24,intervencion,Tratamiento,6
350,2025-04-25,intervencion,Tratamiento,5
351,2025-03-03,baseline,Tratamiento,5
351,2025-03-04,baseline,Tratamiento,4
351,2025-03-05,baseline,Tratamiento,4
351,2025-03-06,baseline,Tratamiento,5
351,2025-03-07,baseline,Tratamiento,4
351,2025-03-10,baseline,Tratamiento,6
351,2025-03-11,baseline,Tratamiento,4
351,2025-03-12,baseline,Tratamiento,3
351,2025-03-13,baseline,Tratamiento,4
351,2025-03-14,baseline,Tratamiento,5
351,2025-03-17,baseline,Tratamiento,4
351,2025-03-18,baseline,Tratamiento,4
351,2025-03-19,baseline,Tratamiento,6
351,2025-03-20,baseline,Tratamiento,4
351,2025-03-21,baseline,Tratamiento,3
351,2025-03-24,baseline,Tratamiento,4
351,2025-03-25,baseline,Tratamiento,5
351,2025-03-26,baseline,Tratamiento,4
351,2025-03-27,baseline,Tratamiento,3
351,2025-03-28,baseline,Tratamiento,6
351,2025-03-31,intervencion,Tratamiento,5
351,2025-04-01,intervencion,Tratamiento,5
351,2025-04-02,intervencion,Tratamiento,5
351,2025-04-03,intervencion,Tratamiento,4
351,2025-04-04,intervencion,Tratamiento,5
351,2025-04-07,intervencion,Tratamiento,6
351,2025-04-08,intervencion,Tratamiento,6
351,2025-04-09,intervencion,Tratamiento,6
351,2025-04-10,intervencion,Tratamiento,5
351,2025-04-11,intervencion,Tratamiento,3
351,2025-04-14,intervencion,Tratamiento,5
351,2025-04-15,intervencion,Tratamiento,4
351,2025-04-16,intervencion,Tratamiento,6
351,2025-04-17,intervencion,Tratamiento,6
351,2025-04-18,intervencion,Tratamiento,4
351,2025-04-21,intervencion,Tratamiento,5
351,2025-04-22,intervencion,Tratamiento,5
351,2025-04-23,intervencion,Tratamiento,6
351,2025-04-24,intervencion,Tratamiento,3
351,2025-04-25,intervencion,Tratamiento,3
352,2025-03-03,baseline,Tratamiento,5
352,2025-03-04,baseline,Tratamiento,2
352,2025-03-05,baseline,Tratamiento,5
352,2025-03-06,baseline,Tratamiento,5
352,2025-03-07,baseline,Tratamiento,6
352,2025-03-10,baseline,Tratamiento,4
352,2025-03-11,baseline,Tratamiento,5
352,2025-03-12,baseline,Tratamiento,5
352,2025-03-13,baseline,Tratamiento,4
352,2025-03-14,baseline,Tratamiento,5
352,2025-03-17,baseline,Tratamiento,5
352,2025-03-18,baseline,Tratamiento,4
352,2025-03-19,baseline,Tratamiento,5
352,2025-03-20,baseline,Tratamiento,4
352,2025-03-21,baseline,Tratamiento,5
352,2025-03-24,baseline,Tratamiento,4
352,2025-03-25,baseline,Tratamiento,5
352,2025-03-26,baseline,Tratamiento,4
352,2025-03-27,baseline,Tratamiento,4
352,2025-03-28,baseline,Tratamiento,5
352,2025-03-31,intervencion,Tratamiento,4
352,2025-04-01,intervencion,Tratamiento,6
352,2025-04-02,intervencion,Tratamiento,5
352,2025-04-03,intervencion,Tratamiento,4
352,2025-04-04,intervencion,Tratamiento,5
352,2025-04-07,intervencion,Tratamiento,4
352,2025-04-08,intervencion,Tratamiento,4
352,2025-04-09,intervencion,Tratamiento,4
352,2025-04-10,intervencion,Tratamiento,5
352,2025-04-11,intervencion,Tratamiento,5
352,2025-04-14,intervencion,Tratamiento,5
352,2025-04-15,intervencion,Tratamiento,6
352,2025-04-16,intervencion,Tratamiento,4
352,2025-04-17,intervencion,Tratamiento,5
352,2025-04-18,intervencion,Tratamiento,6
352,2025-04-21,intervencion,Tratamiento,3
352,2025-04-22,intervencion,Tratamiento,5
352,2025-04-23,intervencion,Tratamiento,4
352,2025-04-24,intervencion,Tratamiento,5
352,2025-04-25,intervencion,Tratamiento,5
353,2025-03-03,baseline,Control,5
353,2025-03-04,baseline,Control,5
353,2025-03-05,baseline,Control,3
353,2025-03-06,baseline,Control,4
353,2025-03-07,baseline,Control,5
353,2025-03-10,baseline,Control,5
353,2025-03-11,baseline,Control,7
353,2025-03-12,baseline,Control,5
353,2025-03-13,baseline,Control,4
353,2025-03-14,baseline,Control,5
353,2025-03-17,baseline,Control,5
353,2025-03-18,baseline,Control,4
353,2025-03-19,baseline,Control,5
353,2025-03-20,baseline,Control,3
353,2025-03-21,baseline,Control,5
353,2025-03-24,baseline,Control,4
353,2025-03-25,baseline,Control,5
353,2025-03-26,baseline,Control,6
353,2025-03-27,baseline,Control,3
353,2025-03-28,baseline,Control,5
353,2025-03-31,intervencion,Control,5
353,2025-04-01,intervencion,Control,5
353,2025-04-02,intervencion,Control,3
353,2025-04-03,intervencion,Control,6
353,2025-04-04,intervencion,Control,4
353,2025-04-07,intervencion,Control,4
353,2025-04-08,intervencion,Control,4
353,2025-04-09,intervencion,Control,4
353,2025-04-10,intervencion,Control,4
353,2025-04-11,intervencion,Control,5
353,2025-04-14,intervencion,Control,4
353,2025-04-15,intervencion,Control,5
353,2025-04-16,intervencion,Control,5
353,2025-04-17,intervencion,Control,6
353,2025-04-18,intervencion,Control,4
353,2025-04-21,intervencion,Control,4
353,2025-04-22,intervencion,Control,3
353,2025-04-23,intervencion,Control,7
353,2025-04-24,intervencion,Control,5
353,2025-04-25,intervencion,Control,4
354,2025-03-03,baseline,Tratamiento,6
354,2025-03-04,baseline,Tratamiento,6
354,2025-03-05,baseline,Tratamiento,3
354,2025-03-06,baseline,Tratamiento,4
354,2025-03-07,baseline,Tratamiento,4
354,2025-03-10,baseline,Tratamiento,4
354,2025-03-11,baseline,Tratamiento,5
354,2025-03-12,baseline,Tratamiento,5
354,2025-03-13,baseline,Tratamiento,3
354,2025-03-14,baseline,Tratamiento,5
354,2025-03-17,baseline,Tratamiento,6
354,2025-03-18,baseline,Tratamiento,5
354,2025-03-19,baseline,Tratamiento,5
354,2025-03-20,baseline,Tratamiento,4
354,2025-03-21,baseline,Tratamiento,5
354,2025-03-24,baseline,Tratamiento,4
354,2025-03-25,baseline,Tratamiento,5
354,2025-03-26,baseline,Tratamiento,5
354,2025-03-27,baseline,Tratamiento,6
354,2025-03-28,baseline,Tratamiento,4
354,2025-03-31,intervencion,Tratamiento,5
354,2025-04-01,intervencion,Tratamiento,4
354,2025-04-02,intervencion,Tratamiento,5
354,2025-04-03,intervencion,Tratamiento,5
354,2025-04-04,intervencion,Tratamiento,4
354,2025-04-07,intervencion,Tratamiento,4
354,2025-04-08,intervencion,Tratamiento,5
354,2025-04-09,intervencion,Tratamiento,4
354,2025-04-10,intervencion,Tratamiento,4
354,2025-04-11,intervencion,Tratamiento,6
354,2025-04-14,intervencion,Tratamiento,5
354,2025-04-15,intervencion,Tratamiento,6
354,2025-04-16,intervencion,Tratamiento,5
354,2025-04-17,intervencion,Tratamiento,5
354,2025-04-18,intervencion,Tratamiento,5
354,2025-04-21,intervencion,Tratamiento,6
354,2025-04-22,intervencion,Tratamiento,6
354,2025-04-23,intervencion,Tratamiento,6
354,2025-04-24,intervencion,Tratamiento,4
354,2025-04-25,intervencion,Tratamiento,4
355,2025-03-03,baseline,Control,5
355,2025-03-04,baseline,Control,6
355,2025-03-05,baseline,Control,6
355,2025-03-06,baseline,Control,5
355,2025-03-07,baseline,Control,5
355,2025-03-10,baseline,Control,5
355,2025-03-11,baseline,Control,5
355,2025-03-12,baseline,Control,5
355,2025-03-13,baseline,Control,5
355,2025-03-14,baseline,Control,4
355,2025-03-17,baseline,Control,4
355,2025-03-18,baseline,Control,4
355,2025-03-19,baseline,Control,3
355,2025-03-20,baseline,Control,5
355,2025-03-21,baseline,Control,5
355,2025-03-24,baseline,Control,5
355,2025-03-25,baseline,Control,6
355,2025-03-26,baseline,Control,6
355,2025-03-27,baseline,Control,6
355,2025-03-28,baseline,Control,4
355,2025-03-31,intervencion,Control,3
355,2025-04-01,intervencion,Control,5
355,2025-04-02,intervencion,Control,6
355,2025-04-03,intervencion,Control,6
355,2025-04-04,intervencion,Control,5
355,2025-04-07,intervencion,Control,3
355,2025-04-08,intervencion,Control,5
355,2025-04-09,intervencion,Control,5
355,2025-04-10,intervencion,Control,6
355,2025-04-11,intervencion,Control,6
355,2025-04-14,intervencion,Control,5
355,2025-04-15,intervencion,Control,4
355,2025-04-16,intervencion,Control,4
355,2025-04-17,intervencion,Control,5
355,2025-04-18,intervencion,Control,4
355,2025-04-21,intervencion,Control,6
355,2025-04-22,intervencion,Control,3
355,2025-04-23,intervencion,Control,5
355,2025-04-24,intervencion,Control,5
355,2025-04-25,intervencion,Control,4
356,2025-03-03,baseline,Control,4
356,2025-03-04,baseline,Control,3
356,2025-03-05,baseline,Control,4
356,2025-03-06,baseline,Control,4
356,2025-03-07,baseline,Control,6
356,2025-03-10,baseline,Control,4
356,2025-03-11,baseline,Control,5
356,2025-03-12,baseline,Control,3
356,2025-03-13,baseline,Control,5
356,2025-03-14,baseline,Control,3
356,2025-03-17,baseline,Control,6
356,2025-03-18,baseline,Control,4
356,2025-03-19,baseline,Control,2
356,2025-03-20,baseline,Control,4
356,2025-03-21,baseline,Control,4
356,2025-03-24,baseline,Control,4
356,2025-03-25,baseline,Control,4
356,2025-03-26,baseline,Control,4
356,2025-03-27,baseline,Control,4
356,2025-03-28,baseline,Control,4
356,2025-03-31,intervencion,Control,5
356,2025-04-01,intervencion,Control,6
356,2025-04-02,intervencion,Control,4
356,2025-04-03,intervencion,Control,5
356,2025-04-04,intervencion,Control,4
356,2025-04-07,intervencion,Control,5
356,2025-04-08,intervencion,Control,5
356,2025-04-09,intervencion,Control,4
356,2025-04-10,intervencion,Control,5
356,2025-04-11,intervencion,Control,5
356,2025-04-14,intervencion,Control,4
356,2025-04-15,intervencion,Control,6
356,2025-04-16,intervencion,Control,4
356,2025-04-17,intervencion,Control,6
356,2025-04-18,intervencion,Control,5
356,2025-04-21,intervencion,Control,6
356,2025-04-22,intervencion,Control,6
356,2025-04-23,intervencion,Control,5
356,2025-04-24,intervencion,Control,4
356,2025-04-25,intervencion,Control,4
357,2025-03-03,baseline,Tratamiento,5
357,2025-03-04,baseline,Tratamiento,5
357,2025-03-05,baseline,Tratamiento,4
357,2025-03-06,baseline,Tratamiento,5
357,2025-03-07,baseline,Tratamiento,5
357,2025-03-10,baseline,Tratamiento,5
357,2025-03-11,baseline,Tratamiento,4
357,2025-03-12,baseline,Tratamiento,5
357,2025-03-13,baseline,Tratamiento,5
357,2025-03-14,baseline,Tratamiento,6
357,2025-03-17,baseline,Tratamiento,5
357,2025-03-18,baseline,Tratamiento,5
357,2025-03-19,baseline,Tratamiento,4
357,2025-03-20,baseline,Tratamiento,6
357,2025-03-21,baseline,Tratamiento,4
357,2025-03-24,baseline,Tratamiento,5
357,2025-03-25,baseline,Tratamiento,4
357,2025-03-26,baseline,Tratamiento,3
357,2025-03-27,baseline,Tratamiento,3
357,2025-03-28,baseline,Tratamiento,5
357,2025-03-31,intervencion,Tratamiento,6
357,2025-04-01,intervencion,Tratamiento,5
357,2025-04-02,intervencion,Tratamiento,6
357,2025-04-03,intervencion,Tratamiento,5
357,2025-04-04,intervencion,Tratamiento,4
357,2025-04-07,intervencion,Tratamiento,5
357,2025-04-08,intervencion,Tratamiento,5
357,2025-04-09,intervencion,Tratamiento,4
357,2025-04-10,intervencion,Tratamiento,5
357,2025-04-11,intervencion,Tratamiento,5
357,2025-04-14,intervencion,Tratamiento,4
357,2025-04-15,intervencion,Tratamiento,5
357,2025-04-16,intervencion,Tratamiento,6
357,2025-04-17,intervencion,Tratamiento,6
357,2025-04-18,intervencion,Tratamiento,5
357,2025-04-21,intervencion,Tratamiento,5
357,2025-04-22,intervencion,Tratamiento,4
357,2025-04-23,intervencion,Tratamiento,6
357,2025-04-24,intervencion,Tratamiento,6
357,2025-04-25,intervencion,Tratamiento,6
358,2025-03-03,baseline,Control,3
358,2025-03-04,baseline,Control,5
358,2025-03-05,baseline,Control,4
358,2025-03-06,baseline,Control,5
358,2025-03-07,baseline,Control,4
358,2025-03-10,baseline,Control,4
358,2025-03-11,baseline,Control,5
358,2025-03-12,baseline,Control,4
358,2025-03-13,baseline,Control,4
358,2025-03-14,baseline,Control,5
358,2025-03-17,baseline,Control,6
358,2025-03-18,baseline,Control,5
358,2025-03-19,baseline,Control,6
358,2025-03-20,baseline,Control,5
358,2025-03-21,baseline,Control,6
358,2025-03-24,baseline,Control,3
358,2025-03-25,baseline,Control,6
358,2025-03-26,baseline,Control,7
358,2025-03-27,baseline,Control,5
358,2025-03-28,baseline,Control,5
358,2025-03-31,intervencion,Control,5
358,2025-04-01,intervencion,Control,4
358,2025-04-02,intervencion,Control,4
358,2025-04-03,intervencion,Control,5
358,2025-04-04,intervencion,Control,5
358,2025-04-07,intervencion,Control,5
358,2025-04-08,intervencion,Control,6
358,2025-04-09,intervencion,Control,5
358,2025-04-10,intervencion,Control,3
358,2025-04-11,intervencion,Control,6
358,2025-04-14,intervencion,Control,4
358,2025-04-15,intervencion,Control,4
358,2025-04-16,intervencion,Control,5
358,2025-04-17,intervencion,Control,5
358,2025-04-18,intervencion,Control,3
358,2025-04-21,intervencion,Control,4
358,2025-04-22,intervencion,Control,3
358,2025-04-23,intervencion,Control,5
358,2025-04-24,intervencion,Control,6
358,2025-04-25,intervencion,Control,4
359,2025-03-03,baseline,Tratamiento,5
359,2025-03-04,baseline,Tratamiento,5
359,2025-03-05,baseline,Tratamiento,4
359,2025-03-06,baseline,Tratamiento,3
359,2025-03-07,baseline,Tratamiento,4
359,2025-03-10,baseline,Tratamiento,4
359,2025-03-11,baseline,Tratamiento,6
359,2025-03-12,baseline,Tratamiento,4
359,2025-03-13,baseline,Tratamiento,4
359,2025-03-14,baseline,Tratamiento,5
359,2025-03-17,baseline,Tratamiento,3
359,2025-03-18,baseline,Tratamiento,5
359,2025-03-19,baseline,Tratamiento,4
359,2025-03-20,baseline,Tratamiento,4
359,2025-03-21,baseline,Tratamiento,5
359,2025-03-24,baseline,Tratamiento,6
359,2025-03-25,baseline,Tratamiento,7
359,2025-03-26,baseline,Tratamiento,4
359,2025-03-27,baseline,Tratamiento,4
359,2025-03-28,baseline,Tratamiento,5
359,2025-03-31,intervencion,Tratamiento,6
359,2025-04-01,intervencion,Tratamiento,3
359,2025-04-02,intervencion,Tratamiento,5
359,2025-04-03,intervencion,Tratamiento,5
359,2025-04-04,intervencion,Tratamiento,3
359,2025-04-07,intervencion,Tratamiento,4
359,2025-04-08,intervencion,Tratamiento,4
359,2025-04-09,intervencion,Tratamiento,5
359,2025-04-10,intervencion,Tratamiento,6
359,2025-04-11,intervencion,Tratamiento,5
359,2025-04-14,intervencion,Tratamiento,6
359,2025-04-15,intervencion,Tratamiento,5
359,2025-04-16,intervencion,Tratamiento,4
359,2025-04-17,intervencion,Tratamiento,5
359,2025-04-18,intervencion,Tratamiento,6
359,2025-04-21,intervencion,Tratamiento,6
359,2025-04-22,intervencion,Tratamiento,5
359,2025-04-23,intervencion,Tratamiento,4
359,2025-04-24,intervencion,Tratamiento,5
359,2025-04-25,intervencion,Tratamiento,5
360,2025-03-03,baseline,Control,6
360,2025-03-04,baseline,Control,4
360,2025-03-05,baseline,Control,4
360,2025-03-06,baseline,Control,5
360,2025-03-07,baseline,Control,4
360,2025-03-10,baseline,Control,4
360,2025-03-11,baseline,Control,6
360,2025-03-12,baseline,Control,3
360,2025-03-13,baseline,Control,6
360,2025-03-14,baseline,Control,4
360,2025-03-17,baseline,Control,5
360,2025-03-18,baseline,Control,5
360,2025-03-19,baseline,Control,5
360,2025-03-20,baseline,Control,4
360,2025-03-21,baseline,Control,5
360,2025-03-24,baseline,Control,4
360,2025-03-25,baseline,Control,4
360,2025-03-26,baseline,Control,6
360,2025-03-27,baseline,Control,5
360,2025-03-28,baseline,Control,4
360,2025-03-31,intervencion,Control,3
360,2025-04-01,intervencion,Control,6
360,2025-04-02,intervencion,Control,4
360,2025-04-03,intervencion,Control,6
360,2025-04-04,intervencion,Control,5
360,2025-04-07,intervencion,Control,5
360,2025-04-08,intervencion,Control,5
360,2025-04-09,intervencion,Control,7
360,2025-04-10,intervencion,Control,3
360,2025-04-11,intervencion,Control,5
360,2025-04-14,intervencion,Control,4
360,2025-04-15,intervencion,Control,4
360,2025-04-16,intervencion,Control,5
360,2025-04-17,intervencion,Control,4
360,2025-04-18,intervencion,Control,5
360,2025-04-21,intervencion,Control,5
360,2025-04-22,intervencion,Control,3
360,2025-04-23,intervencion,Control,5
360,2025-04-24,intervencion,Control,5
360,2025-04-25,intervencion,Control,4
361,2025-03-03,baseline,Control,6
361,2025-03-04,baseline,Control,6
361,2025-03-05,baseline,Control,5
361,2025-03-06,baseline,Control,5
361,2025-03-07,baseline,Control,5
361,2025-03-10,baseline,Control,6
361,2025-03-11,baseline,Control,6
361,2025-03-12,baseline,Control,5
361,2025-03-13,baseline,Control,4
361,2025-03-14,baseline,Control,5
361,2025-03-17,baseline,Control,5
361,2025-03-18,baseline,Control,5
361,2025-03-19,baseline,Control,5
361,2025-03-20,baseline,Control,4
361,2025-03-21,baseline,Control,6
361,2025-03-24,baseline,Control,4
361,2025-03-25,baseline,Control,4
361,2025-03-26,baseline,Control,3
361,2025-03-27,baseline,Control,4
361,2025-03-28,baseline,Control,6
361,2025-03-31,intervencion,Control,6
361,2025-04-01,intervencion,Control,5
361,2025-04-02,intervencion,Control,5
361,2025-04-03,intervencion,Control,5
361,2025-04-04,intervencion,Control,4
361,2025-04-07,intervencion,Control,7
361,2025-04-08,intervencion,Control,6
361,2025-04-09,intervencion,Control,5
361,2025-04-10,intervencion,Control,4
361,2025-04-11,intervencion,Control,4
361,2025-04-14,intervencion,Control,4
361,2025-04-15,intervencion,Control,5
361,2025-04-16,intervencion,Control,5
361,2025-04-17,intervencion,Control,4
361,2025-04-18,intervencion,Control,3
361,2025-04-21,intervencion,Control,7
361,2025-04-22,intervencion,Control,5
361,2025-04-23,intervencion,Control,5
361,2025-04-24,intervencion,Control,4
361,2025-04-25,intervencion,Control,3
362,2025-03-03,baseline,Control,5
362,2025-03-04,baseline,Control,4
362,2025-03-05,baseline,Control,5
362,2025-03-06,baseline,Control,5
362,2025-03-07,baseline,Control,5
362,2025-03-10,baseline,Control,5
362,2025-03-11,baseline,Control,6
362,2025-03-12,baseline,Control,5
362,2025-03-13,baseline,Control,6
362,2025-03-14,baseline,Control,5
362,2025-03-17,baseline,Control,3
362,2025-03-18,baseline,Control,4
362,2025-03-19,baseline,Control,4
362,2025-03-20,baseline,Control,5
362,2025-03-21,baseline,Control,4
362,2025-03-24,baseline,Control,5
362,2025-03-25,baseline,Control,5
362,2025-03-26,baseline,Control,6
362,2025-03-27,baseline,Control,6
362,2025-03-28,baseline,Control,3
362,2025-03-31,intervencion,Control,4
362,2025-04-01,intervencion,Control,7
362,2025-04-02,intervencion,Control,6
362,2025-04-03,intervencion,Control,5
362,2025-04-04,intervencion,Control,5
362,2025-04-07,intervencion,Control,5
362,2025-04-08,intervencion,Control,3
362,2025-04-09,intervencion,Control,4
362,2025-04-10,intervencion,Control,4
362,2025-04-11,intervencion,Control,4
362,2025-04-14,intervencion,Control,4
362,2025-04-15,intervencion,Control,7
362,2025-04-16,intervencion,Control,4
362,2025-04-17,intervencion,Control,5
362,2025-04-18,intervencion,Control,5
362,2025-04-21,intervencion,Control,5
362,2025-04-22,intervencion,Control,4
362,2025-04-23,intervencion,Control,6
362,2025-04-24,intervencion,Control,5
362,2025-04-25,intervencion,Control,3
363,2025-03-03,baseline,Control,5
363,2025-03-04,baseline,Control,4
363,2025-03-05,baseline,Control,4
363,2025-03-06,baseline,Control,5
363,2025-03-07,baseline,Control,5
363,2025-03-10,baseline,Control,5
363,2025-03-11,baseline,Control,5
363,2025-03-12,baseline,Control,5
363,2025-03-13,baseline,Control,3
363,2025-03-14,baseline,Control,5
363,2025-03-17,baseline,Control,5
363,2025-03-18,baseline,Control,4
363,2025-03-19,baseline,Control,5
363,2025-03-20,baseline,Control,5
363,2025-03-21,baseline,Control,6
363,2025-03-24,baseline,Control,5
363,2025-03-25,baseline,Control,5
363,2025-03-26,baseline,Control,5
363,2025-03-27,baseline,Control,4
363,2025-03-28,baseline,Control,5
363,2025-03-31,intervencion,Control,4
363,2025-04-01,intervencion,Control,6
363,2025-04-02,intervencion,Control,3
363,2025-04-03,intervencion,Control,5
363,2025-04-04,intervencion,Control,5
363,2025-04-07,intervencion,Control,5
363,2025-04-08,intervencion,Control,4
363,2025-04-09,intervencion,Control,5
363,2025-04-10,intervencion,Control,5
363,2025-04-11,intervencion,Control,5
363,2025-04-14,intervencion,Control,4
363,2025-04-15,intervencion,Control,5
363,2025-04-16,intervencion,Control,3
363,2025-04-17,intervencion,Control,4
363,2025-04-18,intervencion,Control,3
363,2025-04-21,intervencion,Control,5
363,2025-04-22,intervencion,Control,5
363,2025-04-23,intervencion,Control,5
363,2025-04-24,intervencion,Control,6
363,2025-04-25,intervencion,Control,4
364,2025-03-03,baseline,Control,5
364,2025-03-04,baseline,Control,5
364,2025-03-05,baseline,Control,5
364,2025-03-06,baseline,Control,6
364,2025-03-07,baseline,Control,6
364,2025-03-10,baseline,Control,4
364,2025-03-11,baseline,Control,5
364,2025-03-12,baseline,Control,5
364,2025-03-13,baseline,Control,5
364,2025-03-14,baseline,Control,5
364,2025-03-17,baseline,Control,4
364,2025-03-18,baseline,Control,1
364,2025-03-19,baseline,Control,6
364,2025-03-20,baseline,Control,4
364,2025-03-21,baseline,Control,4
364,2025-03-24,baseline,Control,4
364,2025-03-25,baseline,Control,4
364,2025-03-26,baseline,Control,5
364,2025-03-27,baseline,Control,5
364,2025-03-28,baseline,Control,4
364,2025-03-31,intervencion,Control,5
364,2025-04-01,intervencion,Control,5
364,2025-04-02,intervencion,Control,5
364,2025-04-03,intervencion,Control,3
364,2025-04-04,intervencion,Control,4
364,2025-04-07,intervencion,Control,5
364,2025-04-08,intervencion,Control,4
364,2025-04-09,intervencion,Control,4
364,2025-04-10,intervencion,Control,4
364,2025-04-11,intervencion,Control,5
364,2025-04-14,intervencion,Control,5
364,2025-04-15,intervencion,Control,4
364,2025-04-16,intervencion,Control,4
364,2025-04-17,intervencion,Control,5
364,2025-04-18,intervencion,Control,6
364,2025-04-21,intervencion,Control,3
364,2025-04-22,intervencion,Control,3
364,2025-04-23,intervencion,Control,6
364,2025-04-24,intervencion,Control,6
364,2025-04-25,intervencion,Control,3
365,2025-03-03,baseline,Tratamiento,5
365,2025-03-04,baseline,Tratamiento,6
365,2025-03-05,baseline,Tratamiento,4
365,2025-03-06,baseline,Tratamiento,6
365,2025-03-07,baseline,Tratamiento,4
365,2025-03-10,baseline,Tratamiento,5
365,2025-03-11,baseline,Tratamiento,4
365,2025-03-12,baseline,Tratamiento,6
365,2025-03-13,baseline,Tratamiento,5
365,2025-03-14,baseline,Tratamiento,6
365,2025-03-17,baseline,Tratamiento,6
365,2025-03-18,baseline,Tratamiento,5
365,2025-03-19,baseline,Tratamiento,7
365,2025-03-20,baseline,Tratamiento,6
365,2025-03-21,baseline,Tratamiento,5
365,2025-03-24,baseline,Tratamiento,4
365,2025-03-25,baseline,Tratamiento,3
365,2025-03-26,baseline,Tratamiento,3
365,2025-03-27,baseline,Tratamiento,4
365,2025-03-28,baseline,Tratamiento,6
365,2025-03-31,intervencion,Tratamiento,5
365,2025-04-01,intervencion,Tratamiento,4
365,2025-04-02,intervencion,Tratamiento,5
365,2025-04-03,intervencion,Tratamiento,5
365,2025-04-04,intervencion,Tratamiento,6
365,2025-04-07,intervencion,Tratamiento,4
365,2025-04-08,intervencion,Tratamiento,5
365,2025-04-09,intervencion,Tratamiento,5
365,2025-04-10,intervencion,Tratamiento,4
365,2025-04-11,intervencion,Tratamiento,6
365,2025-04-14,intervencion,Tratamiento,5
365,2025-04-15,intervencion,Tratamiento,4
365,2025-04-16,intervencion,Tratamiento,6
365,2025-04-17,intervencion,Tratamiento,5
365,2025-04-18,intervencion,Tratamiento,5
365,2025-04-21,intervencion,Tratamiento,4
365,2025-04-22,intervencion,Tratamiento,6
365,2025-04-23,intervencion,Tratamiento,7
365,2025-04-24,intervencion,Tratamiento,4
365,2025-04-25,intervencion,Tratamiento,5
366,2025-03-03,baseline,Tratamiento,4
366,2025-03-04,baseline,Tratamiento,7
366,2025-03-05,baseline,Tratamiento,6
366,2025-03-06,baseline,Tratamiento,5
366,2025-03-07,baseline,Tratamiento,3
366,2025-03-10,baseline,Tratamiento,4
366,2025-03-11,baseline,Tratamiento,5
366,2025-03-12,baseline,Tratamiento,3
366,2025-03-13,baseline,Tratamiento,3
366,2025-03-14,baseline,Tratamiento,5
366,2025-03-17,baseline,Tratamiento,5
366,2025-03-18,baseline,Tratamiento,5
366,2025-03-19,baseline,Tratamiento,4
366,2025-03-20,baseline,Tratamiento,5
366,2025-03-21,baseline,Tratamiento,4
366,2025-03-24,baseline,Tratamiento,5
366,2025-03-25,baseline,Tratamiento,5
366,2025-03-26,baseline,Tratamiento,5
366,2025-03-27,baseline,Tratamiento,6
366,2025-03-28,baseline,Tratamiento,4
366,2025-03-31,intervencion,Tratamiento,4
366,2025-04-01,intervencion,Tratamiento,3
366,2025-04-02,intervencion,Tratamiento,3
366,2025-04-03,intervencion,Tratamiento,5
366,2025-04-04,intervencion,Tratamiento,5
366,2025-04-07,intervencion,Tratamiento,4
366,2025-04-08,intervencion,Tratamiento,4
366,2025-04-09,intervencion,Tratamiento,6
366,2025-04-10,intervencion,Tratamiento,6
366,2025-04-11,intervencion,Tratamiento,4
366,2025-04-14,intervencion,Tratamiento,5
366,2025-04-15,intervencion,Tratamiento,5
366,2025-04-16,intervencion,Tratamiento,4
366,2025-04-17,intervencion,Tratamiento,4
366,2025-04-18,intervencion,Tratamiento,5
366,2025-04-21,intervencion,Tratamiento,6
366,2025-04-22,intervencion,Tratamiento,6
366,2025-04-23,intervencion,Tratamiento,4
366,2025-04-24,intervencion,Tratamiento,5
366,2025-04-25,intervencion,Tratamiento,5
367,2025-03-03,baseline,Tratamiento,4
367,2025-03-04,baseline,Tratamiento,4
367,2025-03-05,baseline,Tratamiento,3
367,2025-03-06,baseline,Tratamiento,6
367,2025-03-07,baseline,Tratamiento,6
367,2025-03-10,baseline,Tratamiento,4
367,2025-03-11,baseline,Tratamiento,4
367,2025-03-12,baseline,Tratamiento,6
367,2025-03-13,baseline,Tratamiento,6
367,2025-03-14,baseline,Tratamiento,4
367,2025-03-17,baseline,Tratamiento,4
367,2025-03-18,baseline,Tratamiento,5
367,2025-03-19,baseline,Tratamiento,4
367,2025-03-20,baseline,Tratamiento,5
367,2025-03-21,baseline,Tratamiento,4
367,2025-03-24,baseline,Tratamiento,4
367,2025-03-25,baseline,Tratamiento,5
367,2025-03-26,baseline,Tratamiento,3
367,2025-03-27,baseline,Tratamiento,3
367,2025-03-28,baseline,Tratamiento,5
367,2025-03-31,intervencion,Tratamiento,4
367,2025-04-01,intervencion,Tratamiento,7
367,2025-04-02,intervencion,Tratamiento,7
367,2025-04-03,intervencion,Tratamiento,4
367,2025-04-04,intervencion,Tratamiento,7
367,2025-04-07,intervencion,Tratamiento,6
367,2025-04-08,intervencion,Tratamiento,4
367,2025-04-09,intervencion,Tratamiento,3
367,2025-04-10,intervencion,Tratamiento,6
367,2025-04-11,intervencion,Tratamiento,5
367,2025-04-14,intervencion,Tratamiento,5
367,2025-04-15,intervencion,Tratamiento,5
367,2025-04-16,intervencion,Tratamiento,4
367,2025-04-17,intervencion,Tratamiento,5
367,2025-04-18,intervencion,Tratamiento,6
367,2025-04-21,intervencion,Tratamiento,5
367,2025-04-22,intervencion,Tratamiento,5
367,2025-04-23,intervencion,Tratamiento,4
367,2025-04-24,intervencion,Tratamiento,5
367,2025-04-25,intervencion,Tratamiento,4
368,2025-03-03,baseline,Control,5
368,2025-03-04,baseline,Control,4
368,2025-03-05,baseline,Control,4
368,2025-03-06,baseline,Control,7
368,2025-03-07,baseline,Control,4
368,2025-03-10,baseline,Control,4
368,2025-03-11,baseline,Control,5
368,2025-03-12,baseline,Control,3
368,2025-03-13,baseline,Control,6
368,2025-03-14,baseline,Control,5
368,2025-03-17,baseline,Control,5
368,2025-03-18,baseline,Control,2
368,2025-03-19,baseline,Control,4
368,2025-03-20,baseline,Control,3
368,2025-03-21,baseline,Control,6
368,2025-03-24,baseline,Control,6
368,2025-03-25,baseline,Control,5
368,2025-03-26,baseline,Control,4
368,2025-03-27,baseline,Control,6
368,2025-03-28,baseline,Control,4
368,2025-03-31,intervencion,Control,6
368,2025-04-01,intervencion,Control,5
368,2025-04-02,intervencion,Control,5
368,2025-04-03,intervencion,Control,4
368,2025-04-04,intervencion,Control,6
368,2025-04-07,intervencion,Control,5
368,2025-04-08,intervencion,Control,6
368,2025-04-09,intervencion,Control,5
368,2025-04-10,intervencion,Control,5
368,2025-04-11,intervencion,Control,5
368,2025-04-14,intervencion,Control,6
368,2025-04-15,intervencion,Control,6
368,2025-04-16,intervencion,Control,5
368,2025-04-17,intervencion,Control,3
368,2025-04-18,intervencion,Control,5
368,2025-04-21,intervencion,Control,3
368,2025-04-22,intervencion,Control,5
368,2025-04-23,intervencion,Control,4
368,2025-04-24,intervencion,Control,3
368,2025-04-25,intervencion,Control,5
369,2025-03-03,baseline,Tratamiento,7
369,2025-03-04,baseline,Tratamiento,4
369,2025-03-05,baseline,Tratamiento,5
369,2025-03-06,baseline,Tratamiento,7
369,2025-03-07,baseline,Tratamiento,5
369,2025-03-10,baseline,Tratamiento,4
369,2025-03-11,baseline,Tratamiento,5
369,2025-03-12,baseline,Tratamiento,5
369,2025-03-13,baseline,Tratamiento,6
369,2025-03-14,baseline,Tratamiento,6
369,2025-03-17,baseline,Tratamiento,2
369,2025-03-18,baseline,Tratamiento,4
369,2025-03-19,baseline,Tratamiento,5
369,2025-03-20,baseline,Tratamiento,4
369,2025-03-21,baseline,Tratamiento,1
369,2025-03-24,baseline,Tratamiento,4
369,2025-03-25,baseline,Tratamiento,5
369,2025-03-26,baseline,Tratamiento,4
369,2025-03-27,baseline,Tratamiento,4
369,2025-03-28,baseline,Tratamiento,5
369,2025-03-31,intervencion,Tratamiento,5
369,2025-04-01,intervencion,Tratamiento,5
369,2025-04-02,intervencion,Tratamiento,6
369,2025-04-03,intervencion,Tratamiento,5
369,2025-04-04,intervencion,Tratamiento,4
369,2025-04-07,intervencion,Tratamiento,4
369,2025-04-08,intervencion,Tratamiento,5
369,2025-04-09,intervencion,Tratamiento,6
369,2025-04-10,intervencion,Tratamiento,4
369,2025-04-11,intervencion,Tratamiento,5
369,2025-04-14,intervencion,Tratamiento,5
369,2025-04-15,intervencion,Tratamiento,7
369,2025-04-16,intervencion,Tratamiento,5
369,2025-04-17,intervencion,Tratamiento,4
369,2025-04-18,intervencion,Tratamiento,6
369,2025-04-21,intervencion,Tratamiento,6
369,2025-04-22,intervencion,Tratamiento,5
369,2025-04-23,intervencion,Tratamiento,4
369,2025-04-24,intervencion,Tratamiento,5
369,2025-04-25,intervencion,Tratamiento,5
370,2025-03-03,baseline,Control,3
370,2025-03-04,baseline,Control,5
370,2025-03-05,baseline,Control,4
370,2025-03-06,baseline,Control,3
370,2025-03-07,baseline,Control,4
370,2025-03-10,baseline,Control,6
370,2025-03-11,baseline,Control,6
370,2025-03-12,baseline,Control,5
370,2025-03-13,baseline,Control,5
370,2025-03-14,baseline,Control,5
370,2025-03-17,baseline,Control,5
370,2025-03-18,baseline,Control,4
370,2025-03-19,baseline,Control,4
370,2025-03-20,baseline,Control,4
370,2025-03-21,baseline,Control,6
370,2025-03-24,baseline,Control,6
370,2025-03-25,baseline,Control,4
370,2025-03-26,baseline,Control,5
370,2025-03-27,baseline,Control,4
370,2025-03-28,baseline,Control,4
370,2025-03-31,intervencion,Control,4
370,2025-04-01,intervencion,Control,6
370,2025-04-02,intervencion,Control,5
370,2025-04-03,intervencion,Control,5
370,2025-04-04,intervencion,Control,5
370,2025-04-07,intervencion,Control,4
370,2025-04-08,intervencion,Control,5
370,2025-04-09,intervencion,Control,6
370,2025-04-10,intervencion,Control,6
370,2025-04-11,intervencion,Control,4
370,2025-04-14,intervencion,Control,3
370,2025-04-15,intervencion,Control,5
370,2025-04-16,intervencion,Control,6
370,2025-04-17,intervencion,Control,5
370,2025-04-18,intervencion,Control,5
370,2025-04-21,intervencion,Control,3
370,2025-04-22,intervencion,Control,4
370,2025-04-23,intervencion,Control,3
370,2025-04-24,intervencion,Control,4
370,2025-04-25,intervencion,Control,3
371,2025-03-03,baseline,Tratamiento,6
371,2025-03-04,baseline,Tratamiento,6
371,2025-03-05,baseline,Tratamiento,5
371,2025-03-06,baseline,Tratamiento,3
371,2025-03-07,baseline,Tratamiento,5
371,2025-03-10,baseline,Tratamiento,6
371,2025-03-11,baseline,Tratamiento,5
371,2025-03-12,baseline,Tratamiento,6
371,2025-03-13,baseline,Tratamiento,4
371,2025-03-14,baseline,Tratamiento,4
371,2025-03-17,baseline,Tratamiento,5
371,2025-03-18,baseline,Tratamiento,3
371,2025-03-19,baseline,Tratamiento,7
371,2025-03-20,baseline,Tratamiento,5
371,2025-03-21,baseline,Tratamiento,5
371,2025-03-24,baseline,Tratamiento,4
371,2025-03-25,baseline,Tratamiento,3
371,2025-03-26,baseline,Tratamiento,6
371,2025-03-27,baseline,Tratamiento,4
371,2025-03-28,baseline,Tratamiento,5
371,2025-03-31,intervencion,Tratamiento,5
371,2025-04-01,intervencion,Tratamiento,5
371,2025-04-02,intervencion,Tratamiento,4
371,2025-04-03,intervencion,Tratamiento,5
371,2025-04-04,intervencion,Tratamiento,4
371,2025-04-07,intervencion,Tratamiento,6
371,2025-04-08,intervencion,Tratamiento,5
371,2025-04-09,intervencion,Tratamiento,5
371,2025-04-10,intervencion,Tratamiento,4
371,2025-04-11,intervencion,Tratamiento,7
371,2025-04-14,intervencion,Tratamiento,4
371,2025-04-15,intervencion,Tratamiento,4
371,2025-04-16,intervencion,Tratamiento,5
371,2025-04-17,intervencion,Tratamiento,5
371,2025-04-18,intervencion,Tratamiento,6
371,2025-04-21,intervencion,Tratamiento,6
371,2025-04-22,intervencion,Tratamiento,5
371,2025-04-23,intervencion,Tratamiento,5
371,2025-04-24,intervencion,Tratamiento,5
371,2025-04-25,intervencion,Tratamiento,7
372,2025-03-03,baseline,Tratamiento,5
372,2025-03-04,baseline,Tratamiento,4
372,2025-03-05,baseline,Tratamiento,5
372,2025-03-06,baseline,Tratamiento,2
372,2025-03-07,baseline,Tratamiento,5
372,2025-03-10,baseline,Tratamiento,6
372,2025-03-11,baseline,Tratamiento,5
372,2025-03-12,baseline,Tratamiento,5
372,2025-03-13,baseline,Tratamiento,5
372,2025-03-14,baseline,Tratamiento,6
372,2025-03-17,baseline,Tratamiento,6
372,2025-03-18,baseline,Tratamiento,5
372,2025-03-19,baseline,Tratamiento,4
372,2025-03-20,baseline,Tratamiento,3
372,2025-03-21,baseline,Tratamiento,5
372,2025-03-24,baseline,Tratamiento,5
372,2025-03-25,baseline,Tratamiento,5
372,2025-03-26,baseline,Tratamiento,4
372,2025-03-27,baseline,Tratamiento,5
372,2025-03-28,baseline,Tratamiento,4
372,2025-03-31,intervencion,Tratamiento,5
372,2025-04-01,intervencion,Tratamiento,5
372,2025-04-02,intervencion,Tratamiento,5
372,2025-04-03,intervencion,Tratamiento,4
372,2025-04-04,intervencion,Tratamiento,5
372,2025-04-07,intervencion,Tratamiento,4
372,2025-04-08,intervencion,Tratamiento,4
372,2025-04-09,intervencion,Tratamiento,6
372,2025-04-10,intervencion,Tratamiento,4
372,2025-04-11,intervencion,Tratamiento,6
372,2025-04-14,intervencion,Tratamiento,5
372,2025-04-15,intervencion,Tratamiento,3
372,2025-04-16,intervencion,Tratamiento,6
372,2025-04-17,intervencion,Tratamiento,5
372,2025-04-18,intervencion,Tratamiento,5
372,2025-04-21,intervencion,Tratamiento,6
372,2025-04-22,intervencion,Tratamiento,6
372,2025-04-23,intervencion,Tratamiento,5
372,2025-04-24,intervencion,Tratamiento,6
372,2025-04-25,intervencion,Tratamiento,5
373,2025-03-03,baseline,Tratamiento,4
373,2025-03-04,baseline,Tratamiento,3
373,2025-03-05,baseline,Tratamiento,5
373,2025-03-06,baseline,Tratamiento,6
373,2025-03-07,baseline,Tratamiento,5
373,2025-03-10,baseline,Tratamiento,4
373,2025-03-11,baseline,Tratamiento,6
373,2025-03-12,baseline,Tratamiento,4
373,2025-03-13,baseline,Tratamiento,3
373,2025-03-14,baseline,Tratamiento,6
373,2025-03-17,baseline,Tratamiento,4
373,2025-03-18,baseline,Tratamiento,6
373,2025-03-19,baseline,Tratamiento,6
373,2025-03-20,baseline,Tratamiento,4
373,2025-03-21,baseline,Tratamiento,5
373,2025-03-24,baseline,Tratamiento,7
373,2025-03-25,baseline,Tratamiento,6
373,2025-03-26,baseline,Tratamiento,5
373,2025-03-27,baseline,Tratamiento,7
373,2025-03-28,baseline,Tratamiento,5
373,2025-03-31,intervencion,Tratamiento,5
373,2025-04-01,intervencion,Tratamiento,4
373,2025-04-02,intervencion,Tratamiento,3
373,2025-04-03,intervencion,Tratamiento,5
373,2025-04-04,intervencion,Tratamiento,5
373,2025-04-07,intervencion,Tratamiento,5
373,2025-04-08,intervencion,Tratamiento,4
373,2025-04-09,intervencion,Tratamiento,6
373,2025-04-10,intervencion,Tratamiento,4
373,2025-04-11,intervencion,Tratamiento,5
373,2025-04-14,intervencion,Tratamiento,6
373,2025-04-15,intervencion,Tratamiento,5
373,2025-04-16,intervencion,Tratamiento,4
373,2025-04-17,intervencion,Tratamiento,6
373,2025-04-18,intervencion,Tratamiento,6
373,2025-04-21,intervencion,Tratamiento,5
373,2025-04-22,intervencion,Tratamiento,6
373,2025-04-23,intervencion,Tratamiento,5
373,2025-04-24,intervencion,Tratamiento,4
373,2025-04-25,intervencion,Tratamiento,4
374,2025-03-03,baseline,Tratamiento,5
374,2025-03-04,baseline,Tratamiento,5
374,2025-03-05,baseline,Tratamiento,6
374,2025-03-06,baseline,Tratamiento,5
374,2025-03-07,baseline,Tratamiento,6
374,2025-03-10,baseline,Tratamiento,4
374,2025-03-11,baseline,Tratamiento,4
374,2025-03-12,baseline,Tratamiento,3
374,2025-03-13,baseline,Tratamiento,4
374,2025-03-14,baseline,Tratamiento,3
374,2025-03-17,baseline,Tratamiento,6
374,2025-03-18,baseline,Tratamiento,5
374,2025-03-19,baseline,Tratamiento,5
374,2025-03-20,baseline,Tratamiento,6
374,2025-03-21,baseline,Tratamiento,3
374,2025-03-24,baseline,Tratamiento,4
374,2025-03-25,baseline,Tratamiento,6
374,2025-03-26,baseline,Tratamiento,4
374,2025-03-27,baseline,Tratamiento,7
374,2025-03-28,baseline,Tratamiento,5
374,2025-03-31,intervencion,Tratamiento,6
374,2025-04-01,intervencion,Tratamiento,6
374,2025-04-02,intervencion,Tratamiento,5
374,2025-04-03,intervencion,Tratamiento,5
374,2025-04-04,intervencion,Tratamiento,5
374,2025-04-07,intervencion,Tratamiento,4
374,2025-04-08,intervencion,Tratamiento,5
374,2025-04-09,intervencion,Tratamiento,5
374,2025-04-10,intervencion,Tratamiento,6
374,2025-04-11,intervencion,Tratamiento,5
374,2025-04-14,intervencion,Tratamiento,7
374,2025-04-15,intervencion,Tratamiento,3
374,2025-04-16,intervencion,Tratamiento,4
374,2025-04-17,intervencion,Tratamiento,5
374,2025-04-18,intervencion,Tratamiento,6
374,2025-04-21,intervencion,Tratamiento,5
374,2025-04-22,intervencion,Tratamiento,4
374,2025-04-23,intervencion,Tratamiento,5
374,2025-04-24,intervencion,Tratamiento,4
374,2025-04-25,intervencion,Tratamiento,4
375,2025-03-03,baseline,Control,6
375,2025-03-04,baseline,Control,4
375,2025-03-05,baseline,Control,5
375,2025-03-06,baseline,Control,5
375,2025-03-07,baseline,Control,4
375,2025-03-10,baseline,Control,4
375,2025-03-11,baseline,Control,4
375,2025-03-12,baseline,Control,5
375,2025-03-13,baseline,Control,6
375,2025-03-14,baseline,Control,5
375,2025-03-17,baseline,Control,4
375,2025-03-18,baseline,Control,5
375,2025-03-19,baseline,Control,5
375,2025-03-20,baseline,Control,4
375,2025-03-21,baseline,Control,5
375,2025-03-24,baseline,Control,5
375,2025-03-25,baseline,Control,5
375,2025-03-26,baseline,Control,5
375,2025-03-27,baseline,Control,4
375,2025-03-28,baseline,Control,6
375,2025-03-31,intervencion,Control,3
375,2025-04-01,intervencion,Control,5
375,2025-04-02,intervencion,Control,5
375,2025-04-03,intervencion,Control,5
375,2025-04-04,intervencion,Control,4
375,2025-04-07,intervencion,Control,6
375,2025-04-08,intervencion,Control,5
375,2025-04-09,intervencion,Control,4
375,2025-04-10,intervencion,Control,4
375,2025-04-11,intervencion,Control,5
375,2025-04-14,intervencion,Control,3
375,2025-04-15,intervencion,Control,6
375,2025-04-16,intervencion,Control,6
375,2025-04-17,intervencion,Control,6
375,2025-04-18,intervencion,Control,6
375,2025-04-21,intervencion,Control,4
375,2025-04-22,intervencion,Control,4
375,2025-04-23,intervencion,Control,2
375,2025-04-24,intervencion,Control,4
375,2025-04-25,intervencion,Control,6
376,2025-03-03,baseline,Tratamiento,4
376,2025-03-04,baseline,Tratamiento,4
376,2025-03-05,baseline,Tratamiento,4
376,2025-03-06,baseline,Tratamiento,5
376,2025-03-07,baseline,Tratamiento,6
376,2025-03-10,baseline,Tratamiento,3
376,2025-03-11,baseline,Tratamiento,3
376,2025-03-12,baseline,Tratamiento,6
376,2025-03-13,baseline,Tratamiento,5
376,2025-03-14,baseline,Tratamiento,4
376,2025-03-17,baseline,Tratamiento,6
376,2025-03-18,baseline,Tratamiento,3
376,2025-03-19,baseline,Tratamiento,5
376,2025-03-20,baseline,Tratamiento,5
376,2025-03-21,baseline,Tratamiento,5
376,2025-03-24,baseline,Tratamiento,2
376,2025-03-25,baseline,Tratamiento,4
376,2025-03-26,baseline,Tratamiento,5
376,2025-03-27,baseline,Tratamiento,5
376,2025-03-28,baseline,Tratamiento,6
376,2025-03-31,intervencion,Tratamiento,6
376,2025-04-01,intervencion,Tratamiento,4
376,2025-04-02,intervencion,Tratamiento,6
376,2025-04-03,intervencion,Tratamiento,4
376,2025-04-04,intervencion,Tratamiento,5
376,2025-04-07,intervencion,Tratamiento,6
376,2025-04-08,intervencion,Tratamiento,4
376,2025-04-09,intervencion,Tratamiento,6
376,2025-04-10,intervencion,Tratamiento,4
376,2025-04-11,intervencion,Tratamiento,4
376,2025-04-14,intervencion,Tratamiento,6
376,2025-04-15,intervencion,Tratamiento,4
376,2025-04-16,intervencion,Tratamiento,4
376,2025-04-17,intervencion,Tratamiento,6
376,2025-04-18,intervencion,Tratamiento,5
376,2025-04-21,intervencion,Tratamiento,4
376,2025-04-22,intervencion,Tratamiento,6
376,2025-04-23,intervencion,Tratamiento,5
376,2025-04-24,intervencion,Tratamiento,4
376,2025-04-25,intervencion,Tratamiento,3
377,2025-03-03,baseline,Control,5
377,2025-03-04,baseline,Control,4
377,2025-03-05,baseline,Control,3
377,2025-03-06,baseline,Control,5
377,2025-03-07,baseline,Control,5
377,2025-03-10,baseline,Control,4
377,2025-03-11,baseline,Control,5
377,2025-03-12,baseline,Control,6
377,2025-03-13,baseline,Control,6
377,2025-03-14,baseline,Control,6
377,2025-03-17,baseline,Control,5
377,2025-03-18,baseline,Control,4
377,2025-03-19,baseline,Control,5
377,2025-03-20,baseline,Control,5
377,2025-03-21,baseline,Control,3
377,2025-03-24,baseline,Control,4
377,2025-03-25,baseline,Control,3
377,2025-03-26,baseline,Control,5
377,2025-03-27,baseline,Control,5
377,2025-03-28,baseline,Control,4
377,2025-03-31,intervencion,Control,5
377,2025-04-01,intervencion,Control,4
377,2025-04-02,intervencion,Control,4
377,2025-04-03,intervencion,Control,5
377,2025-04-04,intervencion,Control,5
377,2025-04-07,intervencion,Control,4
377,2025-04-08,intervencion,Control,5
377,2025-04-09,intervencion,Control,4
377,2025-04-10,intervencion,Control,4
377,2025-04-11,intervencion,Control,5
377,2025-04-14,intervencion,Control,5
377,2025-04-15,intervencion,Control,5
377,2025-04-16,intervencion,Control,5
377,2025-04-17,intervencion,Control,4
377,2025-04-18,intervencion,Control,5
377,2025-04-21,intervencion,Control,5
377,2025-04-22,intervencion,Control,5
377,2025-04-23,intervencion,Control,4
377,2025-04-24,intervencion,Control,5
377,2025-04-25,intervencion,Control,3
378,2025-03-03,baseline,Control,4
378,2025-03-04,baseline,Control,4
378,2025-03-05,baseline,Control,3
378,2025-03-06,baseline,Control,4
378,2025-03-07,baseline,Control,5
378,2025-03-10,baseline,Control,3
378,2025-03-11,baseline,Control,4
378,2025-03-12,baseline,Control,3
378,2025-03-13,baseline,Control,6
378,2025-03-14,baseline,Control,5
378,2025-03-17,baseline,Control,5
378,2025-03-18,baseline,Control,5
378,2025-03-19,baseline,Control,5
378,2025-03-20,baseline,Control,5
378,2025-03-21,baseline,Control,3
378,2025-03-24,baseline,Control,6
378,2025-03-25,baseline,Control,6
378,2025-03-26,baseline,Control,5
378,2025-03-27,baseline,Control,4
378,2025-03-28,baseline,Control,2
378,2025-03-31,intervencion,Control,3
378,2025-04-01,intervencion,Control,5
378,2025-04-02,intervencion,Control,6
378,2025-04-03,intervencion,Control,5
378,2025-04-04,intervencion,Control,5
378,2025-04-07,intervencion,Control,6
378,2025-04-08,intervencion,Control,6
378,2025-04-09,intervencion,Control,4
378,2025-04-10,intervencion,Control,7
378,2025-04-11,intervencion,Control,4
378,2025-04-14,intervencion,Control,3
378,2025-04-15,intervencion,Control,4
378,2025-04-16,intervencion,Control,4
378,2025-04-17,intervencion,Control,4
378,2025-04-18,intervencion,Control,5
378,2025-04-21,intervencion,Control,5
378,2025-04-22,intervencion,Control,5
378,2025-04-23,intervencion,Control,5
378,2025-04-24,intervencion,Control,3
378,2025-04-25,intervencion,Control,3
379,2025-03-03,baseline,Tratamiento,4
379,2025-03-04,baseline,Tratamiento,4
379,2025-03-05,baseline,Tratamiento,4
379,2025-03-06,baseline,Tratamiento,6
379,2025-03-07,baseline,Tratamiento,5
379,2025-03-10,baseline,Tratamiento,3
379,2025-03-11,baseline,Tratamiento,4
379,2025-03-12,baseline,Tratamiento,6
379,2025-03-13,baseline,Tratamiento,6
379,2025-03-14,baseline,Tratamiento,5
379,2025-03-17,baseline,Tratamiento,3
379,2025-03-18,baseline,Tratamiento,5
379,2025-03-19,baseline,Tratamiento,5
379,2025-03-20,baseline,Tratamiento,5
379,2025-03-21,baseline,Tratamiento,4
379,2025-03-24,baseline,Tratamiento,4
379,2025-03-25,baseline,Tratamiento,4
379,2025-03-26,baseline,Tratamiento,4
379,2025-03-27,baseline,Tratamiento,6
379,2025-03-28,baseline,Tratamiento,5
379,2025-03-31,intervencion,Tratamiento,5
379,2025-04-01,intervencion,Tratamiento,5
379,2025-04-02,intervencion,Tratamiento,5
379,2025-04-03,intervencion,Tratamiento,7
379,2025-04-04,intervencion,Tratamiento,6
379,2025-04-07,intervencion,Tratamiento,6
379,2025-04-08,intervencion,Tratamiento,5
379,2025-04-09,intervencion,Tratamiento,5
379,2025-04-10,intervencion,Tratamiento,6
379,2025-04-11,intervencion,Tratamiento,6
379,2025-04-14,intervencion,Tratamiento,4
379,2025-04-15,intervencion,Tratamiento,5
379,2025-04-16,intervencion,Tratamiento,6
379,2025-04-17,intervencion,Tratamiento,3
379,2025-04-18,intervencion,Tratamiento,4
379,2025-04-21,intervencion,Tratamiento,5
379,2025-04-22,intervencion,Tratamiento,3
379,2025-04-23,intervencion,Tratamiento,3
379,2025-04-24,intervencion,Tratamiento,5
379,2025-04-25,intervencion,Tratamiento,5
380,2025-03-03,baseline,Control,5
380,2025-03-04,baseline,Control,6
380,2025-03-05,baseline,Control,5
380,2025-03-06,baseline,Control,4
380,2025-03-07,baseline,Control,3
380,2025-03-10,baseline,Control,4
380,2025-03-11,baseline,Control,5
380,2025-03-12,baseline,Control,5
380,2025-03-13,baseline,Control,5
380,2025-03-14,baseline,Control,5
380,2025-03-17,baseline,Control,6
380,2025-03-18,baseline,Control,5
380,2025-03-19,baseline,Control,6
380,2025-03-20,baseline,Control,4
380,2025-03-21,baseline,Control,5
380,2025-03-24,baseline,Control,4
380,2025-03-25,baseline,Control,5
380,2025-03-26,baseline,Control,4
380,2025-03-27,baseline,Control,4
380,2025-03-28,baseline,Control,3
380,2025-03-31,intervencion,Control,5
380,2025-04-01,intervencion,Control,6
380,2025-04-02,intervencion,Control,5
380,2025-04-03,intervencion,Control,5
380,2025-04-04,intervencion,Control,5
380,2025-04-07,intervencion,Control,5
380,2025-04-08,intervencion,Control,5
380,2025-04-09,intervencion,Control,5
380,2025-04-10,intervencion,Control,4
380,2025-04-11,intervencion,Control,4
380,2025-04-14,intervencion,Control,5
380,2025-04-15,intervencion,Control,4
380,2025-04-16,intervencion,Control,3
380,2025-04-17,intervencion,Control,3
380,2025-04-18,intervencion,Control,5
380,2025-04-21,intervencion,Control,5
380,2025-04-22,intervencion,Control,5
380,2025-04-23,intervencion,Control,7
380,2025-04-24,intervencion,Control,4
380,2025-04-25,intervencion,Control,5
381,2025-03-03,baseline,Tratamiento,6
381,2025-03-04,baseline,Tratamiento,6
381,2025-03-05,baseline,Tratamiento,5
381,2025-03-06,baseline,Tratamiento,6
381,2025-03-07,baseline,Tratamiento,5
381,2025-03-10,baseline,Tratamiento,6
381,2025-03-11,baseline,Tratamiento,6
381,2025-03-12,baseline,Tratamiento,4
381,2025-03-13,baseline,Tratamiento,5
381,2025-03-14,baseline,Tratamiento,3
381,2025-03-17,baseline,Tratamiento,6
381,2025-03-18,baseline,Tratamiento,5
381,2025-03-19,baseline,Tratamiento,6
381,2025-03-20,baseline,Tratamiento,5
381,2025-03-21,baseline,Tratamiento,3
381,2025-03-24,baseline,Tratamiento,7
381,2025-03-25,baseline,Tratamiento,5
381,2025-03-26,baseline,Tratamiento,4
381,2025-03-27,baseline,Tratamiento,6
381,2025-03-28,baseline,Tratamiento,6
381,2025-03-31,intervencion,Tratamiento,5
381,2025-04-01,intervencion,Tratamiento,5
381,2025-04-02,intervencion,Tratamiento,5
381,2025-04-03,intervencion,Tratamiento,4
381,2025-04-04,intervencion,Tratamiento,4
381,2025-04-07,intervencion,Tratamiento,7
381,2025-04-08,intervencion,Tratamiento,5
381,2025-04-09,intervencion,Tratamiento,4
381,2025-04-10,intervencion,Tratamiento,5
381,2025-04-11,intervencion,Tratamiento,6
381,2025-04-14,intervencion,Tratamiento,3
381,2025-04-15,intervencion,Tratamiento,5
381,2025-04-16,intervencion,Tratamiento,7
381,2025-04-17,intervencion,Tratamiento,7
381,2025-04-18,intervencion,Tratamiento,5
381,2025-04-21,intervencion,Tratamiento,6
381,2025-04-22,intervencion,Tratamiento,6
381,2025-04-23,intervencion,Tratamiento,5
381,2025-04-24,intervencion,Tratamiento,6
381,2025-04-25,intervencion,Tratamiento,7
382,2025-03-03,baseline,Control,3
382,2025-03-04,baseline,Control,5
382,2025-03-05,baseline,Control,5
382,2025-03-06,baseline,Control,5
382,2025-03-07,baseline,Control,5
382,2025-03-10,baseline,Control,5
382,2025-03-11,baseline,Control,5
382,2025-03-12,baseline,Control,6
382,2025-03-13,baseline,Control,5
382,2025-03-14,baseline,Control,4
382,2025-03-17,baseline,Control,4
382,2025-03-18,baseline,Control,4
382,2025-03-19,baseline,Control,5
382,2025-03-20,baseline,Control,4
382,2025-03-21,baseline,Control,5
382,2025-03-24,baseline,Control,5
382,2025-03-25,baseline,Control,6
382,2025-03-26,baseline,Control,4
382,2025-03-27,baseline,Control,4
382,2025-03-28,baseline,Control,6
382,2025-03-31,intervencion,Control,5
382,2025-04-01,intervencion,Control,4
382,2025-04-02,intervencion,Control,5
382,2025-04-03,intervencion,Control,5
382,2025-04-04,intervencion,Control,3
382,2025-04-07,intervencion,Control,6
382,2025-04-08,intervencion,Control,4
382,2025-04-09,intervencion,Control,6
382,2025-04-10,intervencion,Control,3
382,2025-04-11,intervencion,Control,5
382,2025-04-14,intervencion,Control,4
382,2025-04-15,intervencion,Control,3
382,2025-04-16,intervencion,Control,5
382,2025-04-17,intervencion,Control,3
382,2025-04-18,intervencion,Control,4
382,2025-04-21,intervencion,Control,6
382,2025-04-22,intervencion,Control,4
382,2025-04-23,intervencion,Control,4
382,2025-04-24,intervencion,Control,5
382,2025-04-25,intervencion,Control,4
383,2025-03-03,baseline,Control,4
383,2025-03-04,baseline,Control,6
383,2025-03-05,baseline,Control,4
383,2025-03-06,baseline,Control,4
383,2025-03-07,baseline,Control,5
383,2025-03-10,baseline,Control,3
383,2025-03-11,baseline,Control,6
383,2025-03-12,baseline,Control,4
383,2025-03-13,baseline,Control,5
383,2025-03-14,baseline,Control,5
383,2025-03-17,baseline,Control,4
383,2025-03-18,baseline,Control,4
383,2025-03-19,baseline,Control,5
383,2025-03-20,baseline,Control,5
383,2025-03-21,baseline,Control,4
383,2025-03-24,baseline,Control,4
383,2025-03-25,baseline,Control,6
383,2025-03-26,baseline,Control,4
383,2025-03-27,baseline,Control,5
383,2025-03-28,baseline,Control,4
383,2025-03-31,intervencion,Control,4
383,2025-04-01,intervencion,Control,6
383,2025-04-02,intervencion,Control,5
383,2025-04-03,intervencion,Control,4
383,2025-04-04,intervencion,Control,4
383,2025-04-07,intervencion,Control,4
383,2025-04-08,intervencion,Control,4
383,2025-04-09,intervencion,Control,4
383,2025-04-10,intervencion,Control,6
383,2025-04-11,intervencion,Control,5
383,2025-04-14,intervencion,Control,4
383,2025-04-15,intervencion,Control,5
383,2025-04-16,intervencion,Control,3
383,2025-04-17,intervencion,Control,6
383,2025-04-18,intervencion,Control,6
383,2025-04-21,intervencion,Control,7
383,2025-04-22,intervencion,Control,6
383,2025-04-23,intervencion,Control,5
383,2025-04-24,intervencion,Control,6
383,2025-04-25,intervencion,Control,4
384,2025-03-03,baseline,Control,4
384,2025-03-04,baseline,Control,5
384,2025-03-05,baseline,Control,6
384,2025-03-06,baseline,Control,4
384,2025-03-07,baseline,Control,4
384,2025-03-10,baseline,Control,5
384,2025-03-11,baseline,Control,5
384,2025-03-12,baseline,Control,4
384,2025-03-13,baseline,Control,5
384,2025-03-14,baseline,Control,6
384,2025-03-17,baseline,Control,6
384,2025-03-18,baseline,Control,5
384,2025-03-19,baseline,Control,5
384,2025-03-20,baseline,Control,6
384,2025-03-21,baseline,Control,5
384,2025-03-24,baseline,Control,5
384,2025-03-25,baseline,Control,6
384,2025-03-26,baseline,Control,5
384,2025-03-27,baseline,Control,4
384,2025-03-28,baseline,Control,3
384,2025-03-31,intervencion,Control,4
384,2025-04-01,intervencion,Control,5
384,2025-04-02,intervencion,Control,5
384,2025-04-03,intervencion,Control,7
384,2025-04-04,intervencion,Control,5
384,2025-04-07,intervencion,Control,4
384,2025-04-08,intervencion,Control,4
384,2025-04-09,intervencion,Control,6
384,2025-04-10,intervencion,Control,5
384,2025-04-11,intervencion,Control,3
384,2025-04-14,intervencion,Control,5
384,2025-04-15,intervencion,Control,4
384,2025-04-16,intervencion,Control,4
384,2025-04-17,intervencion,Control,5
384,2025-04-18,intervencion,Control,4
384,2025-04-21,intervencion,Control,4
384,2025-04-22,intervencion,Control,4
384,2025-04-23,intervencion,Control,4
384,2025-04-24,intervencion,Control,4
384,2025-04-25,intervencion,Control,4
385,2025-03-03,baseline,Tratamiento,4
385,2025-03-04,baseline,Tratamiento,5
385,2025-03-05,baseline,Tratamiento,5
385,2025-03-06,baseline,Tratamiento,6
385,2025-03-07,baseline,Tratamiento,6
385,2025-03-10,baseline,Tratamiento,5
385,2025-03-11,baseline,Tratamiento,5
385,2025-03-12,baseline,Tratamiento,5
385,2025-03-13,baseline,Tratamiento,5
385,2025-03-14,baseline,Tratamiento,5
385,2025-03-17,baseline,Tratamiento,5
385,2025-03-18,baseline,Tratamiento,4
385,2025-03-19,baseline,Tratamiento,5
385,2025-03-20,baseline,Tratamiento,5
385,2025-03-21,baseline,Tratamiento,6
385,2025-03-24,baseline,Tratamiento,5
385,2025-03-25,baseline,Tratamiento,4
385,2025-03-26,baseline,Tratamiento,6
385,2025-03-27,baseline,Tratamiento,2
385,2025-03-28,baseline,Tratamiento,6
385,2025-03-31,intervencion,Tratamiento,4
385,2025-04-01,intervencion,Tratamiento,5
385,2025-04-02,intervencion,Tratamiento,5
385,2025-04-03,intervencion,Tratamiento,6
385,2025-04-04,intervencion,Tratamiento,5
385,2025-04-07,intervencion,Tratamiento,3
385,2025-04-08,intervencion,Tratamiento,5
385,2025-04-09,intervencion,Tratamiento,5
385,2025-04-10,intervencion,Tratamiento,3
385,2025-04-11,intervencion,Tratamiento,5
385,2025-04-14,intervencion,Tratamiento,4
385,2025-04-15,intervencion,Tratamiento,6
385,2025-04-16,intervencion,Tratamiento,5
385,2025-04-17,intervencion,Tratamiento,7
385,2025-04-18,intervencion,Tratamiento,5
385,2025-04-21,intervencion,Tratamiento,5
385,2025-04-22,intervencion,Tratamiento,5
385,2025-04-23,intervencion,Tratamiento,3
385,2025-04-24,intervencion,Tratamiento,5
385,2025-04-25,intervencion,Tratamiento,6
386,2025-03-03,baseline,Tratamiento,5
386,2025-03-04,baseline,Tratamiento,4
386,2025-03-05,baseline,Tratamiento,3
386,2025-03-06,baseline,Tratamiento,5
386,2025-03-07,baseline,Tratamiento,5
386,2025-03-10,baseline,Tratamiento,5
386,2025-03-11,baseline,Tratamiento,4
386,2025-03-12,baseline,Tratamiento,3
386,2025-03-13,baseline,Tratamiento,5
386,2025-03-14,baseline,Tratamiento,5
386,2025-03-17,baseline,Tratamiento,6
386,2025-03-18,baseline,Tratamiento,5
386,2025-03-19,baseline,Tratamiento,5
386,2025-03-20,baseline,Tratamiento,5
386,2025-03-21,baseline,Tratamiento,4
386,2025-03-24,baseline,Tratamiento,4
386,2025-03-25,baseline,Tratamiento,5
386,2025-03-26,baseline,Tratamiento,4
386,2025-03-27,baseline,Tratamiento,4
386,2025-03-28,baseline,Tratamiento,6
386,2025-03-31,intervencion,Tratamiento,6
386,2025-04-01,intervencion,Tratamiento,5
386,2025-04-02,intervencion,Tratamiento,6
386,2025-04-03,intervencion,Tratamiento,4
386,2025-04-04,intervencion,Tratamiento,7
386,2025-04-07,intervencion,Tratamiento,5
386,2025-04-08,intervencion,Tratamiento,7
386,2025-04-09,intervencion,Tratamiento,7
386,2025-04-10,intervencion,Tratamiento,3
386,2025-04-11,intervencion,Tratamiento,6
386,2025-04-14,intervencion,Tratamiento,5
386,2025-04-15,intervencion,Tratamiento,4
386,2025-04-16,intervencion,Tratamiento,5
386,2025-04-17,intervencion,Tratamiento,4
386,2025-04-18,intervencion,Tratamiento,5
386,2025-04-21,intervencion,Tratamiento,4
386,2025-04-22,intervencion,Tratamiento,5
386,2025-04-23,intervencion,Tratamiento,6
386,2025-04-24,intervencion,Tratamiento,5
386,2025-04-25,intervencion,Tratamiento,5
387,2025-03-03,baseline,Tratamiento,5
387,2025-03-04,baseline,Tratamiento,3
387,2025-03-05,baseline,Tratamiento,4
387,2025-03-06,baseline,Tratamiento,4
387,2025-03-07,baseline,Tratamiento,5
387,2025-03-10,baseline,Tratamiento,5
387,2025-03-11,baseline,Tratamiento,5
387,2025-03-12,baseline,Tratamiento,5
387,2025-03-13,baseline,Tratamiento,4
387,2025-03-14,baseline,Tratamiento,6
387,2025-03-17,baseline,Tratamiento,4
387,2025-03-18,baseline,Tratamiento,5
387,2025-03-19,baseline,Tratamiento,4
387,2025-03-20,baseline,Tratamiento,5
387,2025-03-21,baseline,Tratamiento,4
387,2025-03-24,baseline,Tratamiento,6
387,2025-03-25,baseline,Tratamiento,6
387,2025-03-26,baseline,Tratamiento,5
387,2025-03-27,baseline,Tratamiento,5
387,2025-03-28,baseline,Tratamiento,4
387,2025-03-31,intervencion,Tratamiento,7
387,2025-04-01,intervencion,Tratamiento,4
387,2025-04-02,intervencion,Tratamiento,6
387,2025-04-03,intervencion,Tratamiento,5
387,2025-04-04,intervencion,Tratamiento,5
387,2025-04-07,intervencion,Tratamiento,5
387,2025-04-08,intervencion,Tratamiento,4
387,2025-04-09,intervencion,Tratamiento,5
387,2025-04-10,intervencion,Tratamiento,5
387,2025-04-11,intervencion,Tratamiento,7
387,2025-04-14,intervencion,Tratamiento,6
387,2025-04-15,intervencion,Tratamiento,5
387,2025-04-16,intervencion,Tratamiento,5
387,2025-04-17,intervencion,Tratamiento,7
387,2025-04-18,intervencion,Tratamiento,4
387,2025-04-21,intervencion,Tratamiento,5
387,2025-04-22,intervencion,Tratamiento,3
387,2025-04-23,intervencion,Tratamiento,5
387,2025-04-24,intervencion,Tratamiento,6
387,2025-04-25,intervencion,Tratamiento,4
388,2025-03-03,baseline,Control,6
388,2025-03-04,baseline,Control,4
388,2025-03-05,baseline,Control,4
388,2025-03-06,baseline,Control,5
388,2025-03-07,baseline,Control,6
388,2025-03-10,baseline,Control,4
388,2025-03-11,baseline,Control,5
388,2025-03-12,baseline,Control,5
388,2025-03-13,baseline,Control,5
388,2025-03-14,baseline,Control,5
388,2025-03-17,baseline,Control,5
388,2025-03-18,baseline,Control,4
388,2025-03-19,baseline,Control,6
388,2025-03-20,baseline,Control,4
388,2025-03-21,baseline,Control,4
388,2025-03-24,baseline,Control,6
388,2025-03-25,baseline,Control,4
388,2025-03-26,baseline,Control,5
388,2025-03-27,baseline,Control,4
388,2025-03-28,baseline,Control,7
388,2025-03-31,intervencion,Control,7
388,2025-04-01,intervencion,Control,5
388,2025-04-02,intervencion,Control,5
388,2025-04-03,intervencion,Control,5
388,2025-04-04,intervencion,Control,4
388,2025-04-07,intervencion,Control,5
388,2025-04-08,intervencion,Control,5
388,2025-04-09,intervencion,Control,3
388,2025-04-10,intervencion,Control,5
388,2025-04-11,intervencion,Control,5
388,2025-04-14,intervencion,Control,5
388,2025-04-15,intervencion,Control,5
388,2025-04-16,intervencion,Control,4
388,2025-04-17,intervencion,Control,5
388,2025-04-18,intervencion,Control,5
388,2025-04-21,intervencion,Control,6
388,2025-04-22,intervencion,Control,5
388,2025-04-23,intervencion,Control,4
388,2025-04-24,intervencion,Control,5
388,2025-04-25,intervencion,Control,3
389,2025-03-03,baseline,Control,6
389,2025-03-04,baseline,Control,5
389,2025-03-05,baseline,Control,7
389,2025-03-06,baseline,Control,4
389,2025-03-07,baseline,Control,4
389,2025-03-10,baseline,Control,5
389,2025-03-11,baseline,Control,5
389,2025-03-12,baseline,Control,5
389,2025-03-13,baseline,Control,5
389,2025-03-14,baseline,Control,4
389,2025-03-17,baseline,Control,3
389,2025-03-18,baseline,Control,5
389,2025-03-19,baseline,Control,3
389,2025-03-20,baseline,Control,3
389,2025-03-21,baseline,Control,4
389,2025-03-24,baseline,Control,5
389,2025-03-25,baseline,Control,6
389,2025-03-26,baseline,Control,5
389,2025-03-27,baseline,Control,6
389,2025-03-28,baseline,Control,5
389,2025-03-31,intervencion,Control,5
389,2025-04-01,intervencion,Control,7
389,2025-04-02,intervencion,Control,3
389,2025-04-03,intervencion,Control,4
389,2025-04-04,intervencion,Control,4
389,2025-04-07,intervencion,Control,5
389,2025-04-08,intervencion,Control,4
389,2025-04-09,intervencion,Control,5
389,2025-04-10,intervencion,Control,5
389,2025-04-11,intervencion,Control,5
389,2025-04-14,intervencion,Control,5
389,2025-04-15,intervencion,Control,6
389,2025-04-16,intervencion,Control,5
389,2025-04-17,intervencion,Control,5
389,2025-04-18,intervencion,Control,4
389,2025-04-21,intervencion,Control,4
389,2025-04-22,intervencion,Control,6
389,2025-04-23,intervencion,Control,4
389,2025-04-24,intervencion,Control,5
389,2025-04-25,intervencion,Control,5
390,2025-03-03,baseline,Tratamiento,6
390,2025-03-04,baseline,Tratamiento,3
390,2025-03-05,baseline,Tratamiento,5
390,2025-03-06,baseline,Tratamiento,5
390,2025-03-07,baseline,Tratamiento,4
390,2025-03-10,baseline,Tratamiento,4
390,2025-03-11,baseline,Tratamiento,6
390,2025-03-12,baseline,Tratamiento,5
390,2025-03-13,baseline,Tratamiento,4
390,2025-03-14,baseline,Tratamiento,4
390,2025-03-17,baseline,Tratamiento,4
390,2025-03-18,baseline,Tratamiento,5
390,2025-03-19,baseline,Tratamiento,3
390,2025-03-20,baseline,Tratamiento,4
390,2025-03-21,baseline,Tratamiento,7
390,2025-03-24,baseline,Tratamiento,5
390,2025-03-25,baseline,Tratamiento,5
390,2025-03-26,baseline,Tratamiento,4
390,2025-03-27,baseline,Tratamiento,3
390,2025-03-28,baseline,Tratamiento,5
390,2025-03-31,intervencion,Tratamiento,5
390,2025-04-01,intervencion,Tratamiento,6
390,2025-04-02,intervencion,Tratamiento,5
390,2025-04-03,intervencion,Tratamiento,7
390,2025-04-04,intervencion,Tratamiento,5
390,2025-04-07,intervencion,Tratamiento,5
390,2025-04-08,intervencion,Tratamiento,4
390,2025-04-09,intervencion,Tratamiento,6
390,2025-04-10,intervencion,Tratamiento,5
390,2025-04-11,intervencion,Tratamiento,4
390,2025-04-14,intervencion,Tratamiento,5
390,2025-04-15,intervencion,Tratamiento,6
390,2025-04-16,intervencion,Tratamiento,6
390,2025-04-17,intervencion,Tratamiento,4
390,2025-04-18,intervencion,Tratamiento,5
390,2025-04-21,intervencion,Tratamiento,7
390,2025-04-22,intervencion,Tratamiento,5
390,2025-04-23,intervencion,Tratamiento,5
390,2025-04-24,intervencion,Tratamiento,6
390,2025-04-25,intervencion,Tratamiento,4
391,2025-03-03,baseline,Control,4
391,2025-03-04,baseline,Control,4
391,2025-03-05,baseline,Control,6
391,2025-03-06,baseline,Control,6
391,2025-03-07,baseline,Control,5
391,2025-03-10,baseline,Control,5
391,2025-03-11,baseline,Control,6
391,2025-03-12,baseline,Control,5
391,2025-03-13,baseline,Control,5
391,2025-03-14,baseline,Control,6
391,2025-03-17,baseline,Control,6
391,2025-03-18,baseline,Control,5
391,2025-03-19,baseline,Control,4
391,2025-03-20,baseline,Control,6
391,2025-03-21,baseline,Control,6
391,2025-03-24,baseline,Control,4
391,2025-03-25,baseline,Control,4
391,2025-03-26,baseline,Control,6
391,2025-03-27,baseline,Control,3
391,2025-03-28,baseline,Control,3
391,2025-03-31,intervencion,Control,4
391,2025-04-01,intervencion,Control,5
391,2025-04-02,intervencion,Control,4
391,2025-04-03,intervencion,Control,5
391,2025-04-04,intervencion,Control,5
391,2025-04-07,intervencion,Control,4
391,2025-04-08,intervencion,Control,6
391,2025-04-09,intervencion,Control,5
391,2025-04-10,intervencion,Control,6
391,2025-04-11,intervencion,Control,3
391,2025-04-14,intervencion,Control,3
391,2025-04-15,intervencion,Control,5
391,2025-04-16,intervencion,Control,6
391,2025-04-17,intervencion,Control,4
391,2025-04-18,intervencion,Control,5
391,2025-04-21,intervencion,Control,3
391,2025-04-22,intervencion,Control,4
391,2025-04-23,intervencion,Control,5
391,2025-04-24,intervencion,Control,4
391,2025-04-25,intervencion,Control,3
392,2025-03-03,baseline,Control,3
392,2025-03-04,baseline,Control,3
392,2025-03-05,baseline,Control,5
392,2025-03-06,baseline,Control,5
392,2025-03-07,baseline,Control,5
392,2025-03-10,baseline,Control,4
392,2025-03-11,baseline,Control,6
392,2025-03-12,baseline,Control,5
392,2025-03-13,baseline,Control,5
392,2025-03-14,baseline,Control,4
392,2025-03-17,baseline,Control,4
392,2025-03-18,baseline,Control,5
392,2025-03-19,baseline,Control,6
392,2025-03-20,baseline,Control,6
392,2025-03-21,baseline,Control,4
392,2025-03-24,baseline,Control,5
392,2025-03-25,baseline,Control,4
392,2025-03-26,baseline,Control,5
392,2025-03-27,baseline,Control,4
392,2025-03-28,baseline,Control,5
392,2025-03-31,intervencion,Control,7
392,2025-04-01,intervencion,Control,4
392,2025-04-02,intervencion,Control,7
392,2025-04-03,intervencion,Control,5
392,2025-04-04,intervencion,Control,4
392,2025-04-07,intervencion,Control,4
392,2025-04-08,intervencion,Control,7
392,2025-04-09,intervencion,Control,5
392,2025-04-10,intervencion,Control,4
392,2025-04-11,intervencion,Control,4
392,2025-04-14,intervencion,Control,5
392,2025-04-15,intervencion,Control,5
392,2025-04-16,intervencion,Control,5
392,2025-04-17,intervencion,Control,6
392,2025-04-18,intervencion,Control,4
392,2025-04-21,intervencion,Control,5
392,2025-04-22,intervencion,Control,5
392,2025-04-23,intervencion,Control,4
392,2025-04-24,intervencion,Control,6
392,2025-04-25,intervencion,Control,3
393,2025-03-03,baseline,Tratamiento,2
393,2025-03-04,baseline,Tratamiento,5
393,2025-03-05,baseline,Tratamiento,4
393,2025-03-06,baseline,Tratamiento,3
393,2025-03-07,baseline,Tratamiento,3
393,2025-03-10,baseline,Tratamiento,6
393,2025-03-11,baseline,Tratamiento,5
393,2025-03-12,baseline,Tratamiento,5
393,2025-03-13,baseline,Tratamiento,7
393,2025-03-14,baseline,Tratamiento,6
393,2025-03-17,baseline,Tratamiento,6
393,2025-03-18,baseline,Tratamiento,4
393,2025-03-19,baseline,Tratamiento,4
393,2025-03-20,baseline,Tratamiento,5
393,2025-03-21,baseline,Tratamiento,5
393,2025-03-24,baseline,Tratamiento,6
393,2025-03-25,baseline,Tratamiento,3
393,2025-03-26,baseline,Tratamiento,5
393,2025-03-27,baseline,Tratamiento,5
393,2025-03-28,baseline,Tratamiento,5
393,2025-03-31,intervencion,Tratamiento,5
393,2025-04-01,intervencion,Tratamiento,5
393,2025-04-02,intervencion,Tratamiento,4
393,2025-04-03,intervencion,Tratamiento,5
393,2025-04-04,intervencion,Tratamiento,4
393,2025-04-07,intervencion,Tratamiento,4
393,2025-04-08,intervencion,Tratamiento,5
393,2025-04-09,intervencion,Tratamiento,5
393,2025-04-10,intervencion,Tratamiento,4
393,2025-04-11,intervencion,Tratamiento,4
393,2025-04-14,intervencion,Tratamiento,7
393,2025-04-15,intervencion,Tratamiento,4
393,2025-04-16,intervencion,Tratamiento,5
393,2025-04-17,intervencion,Tratamiento,3
393,2025-04-18,intervencion,Tratamiento,6
393,2025-04-21,intervencion,Tratamiento,5
393,2025-04-22,intervencion,Tratamiento,5
393,2025-04-23,intervencion,Tratamiento,5
393,2025-04-24,intervencion,Tratamiento,6
393,2025-04-25,intervencion,Tratamiento,2
394,2025-03-03,baseline,Tratamiento,4
394,2025-03-04,baseline,Tratamiento,4
394,2025-03-05,baseline,Tratamiento,4
394,2025-03-06,baseline,Tratamiento,7
394,2025-03-07,baseline,Tratamiento,4
394,2025-03-10,baseline,Tratamiento,5
394,2025-03-11,baseline,Tratamiento,6
394,2025-03-12,baseline,Tratamiento,5
394,2025-03-13,baseline,Tratamiento,4
394,2025-03-14,baseline,Tratamiento,3
394,2025-03-17,baseline,Tratamiento,5
394,2025-03-18,baseline,Tratamiento,6
394,2025-03-19,baseline,Tratamiento,5
394,2025-03-20,baseline,Tratamiento,6
394,2025-03-21,baseline,Tratamiento,7
394,2025-03-24,baseline,Tratamiento,5
394,2025-03-25,baseline,Tratamiento,4
394,2025-03-26,baseline,Tratamiento,5
394,2025-03-27,baseline,Tratamiento,6
394,2025-03-28,baseline,Tratamiento,4
394,2025-03-31,intervencion,Tratamiento,6
394,2025-04-01,intervencion,Tratamiento,5
394,2025-04-02,intervencion,Tratamiento,5
394,2025-04-03,intervencion,Tratamiento,5
394,2025-04-04,intervencion,Tratamiento,5
394,2025-04-07,intervencion,Tratamiento,5
394,2025-04-08,intervencion,Tratamiento,4
394,2025-04-09,intervencion,Tratamiento,5
394,2025-04-10,intervencion,Tratamiento,4
394,2025-04-11,intervencion,Tratamiento,5
394,2025-04-14,intervencion,Tratamiento,4
394,2025-04-15,intervencion,Tratamiento,6
394,2025-04-16,intervencion,Tratamiento,6
394,2025-04-17,intervencion,Tratamiento,5
394,2025-04-18,intervencion,Tratamiento,4
394,2025-04-21,intervencion,Tratamiento,5
394,2025-04-22,intervencion,Tratamiento,4
394,2025-04-23,intervencion,Tratamiento,5
394,2025-04-24,intervencion,Tratamiento,6
394,2025-04-25,intervencion,Tratamiento,6
395,2025-03-03,baseline,Control,5
395,2025-03-04,baseline,Control,6
395,2025-03-05,baseline,Control,5
395,2025-03-06,baseline,Control,4
395,2025-03-07,baseline,Control,5
395,2025-03-10,baseline,Control,5
395,2025-03-11,baseline,Control,4
395,2025-03-12,baseline,Control,5
395,2025-03-13,baseline,Control,4
395,2025-03-14,baseline,Control,3
395,2025-03-17,baseline,Control,5
395,2025-03-18,baseline,Control,3
395,2025-03-19,baseline,Control,5
395,2025-03-20,baseline,Control,3
395,2025-03-21,baseline,Control,4
395,2025-03-24,baseline,Control,4
395,2025-03-25,baseline,Control,6
395,2025-03-26,baseline,Control,4
395,2025-03-27,baseline,Control,4
395,2025-03-28,baseline,Control,5
395,2025-03-31,intervencion,Control,4
395,2025-04-01,intervencion,Control,5
395,2025-04-02,intervencion,Control,4
395,2025-04-03,intervencion,Control,5
395,2025-04-04,intervencion,Control,7
395,2025-04-07,intervencion,Control,4
395,2025-04-08,intervencion,Control,5
395,2025-04-09,intervencion,Control,3
395,2025-04-10,intervencion,Control,4
395,2025-04-11,intervencion,Control,5
395,2025-04-14,intervencion,Control,4
395,2025-04-15,intervencion,Control,5
395,2025-04-16,intervencion,Control,5
395,2025-04-17,intervencion,Control,3
395,2025-04-18,intervencion,Control,6
395,2025-04-21,intervencion,Control,3
395,2025-04-22,intervencion,Control,4
395,2025-04-23,intervencion,Control,5
395,2025-04-24,intervencion,Control,6
395,2025-04-25,intervencion,Control,4
396,2025-03-03,baseline,Control,5
396,2025-03-04,baseline,Control,5
396,2025-03-05,baseline,Control,5
396,2025-03-06,baseline,Control,6
396,2025-03-07,baseline,Control,4
396,2025-03-10,baseline,Control,6
396,2025-03-11,baseline,Control,6
396,2025-03-12,baseline,Control,6
396,2025-03-13,baseline,Control,5
396,2025-03-14,baseline,Control,5
396,2025-03-17,baseline,Control,4
396,2025-03-18,baseline,Control,3
396,2025-03-19,baseline,Control,4
396,2025-03-20,baseline,Control,5
396,2025-03-21,baseline,Control,5
396,2025-03-24,baseline,Control,5
396,2025-03-25,baseline,Control,3
396,2025-03-26,baseline,Control,4
396,2025-03-27,baseline,Control,6
396,2025-03-28,baseline,Control,5
396,2025-03-31,intervencion,Control,5
396,2025-04-01,intervencion,Control,5
396,2025-04-02,intervencion,Control,4
396,2025-04-03,intervencion,Control,3
396,2025-04-04,intervencion,Control,5
396,2025-04-07,intervencion,Control,2
396,2025-04-08,intervencion,Control,4
396,2025-04-09,intervencion,Control,5
396,2025-04-10,intervencion,Control,4
396,2025-04-11,intervencion,Control,7
396,2025-04-14,intervencion,Control,6
396,2025-04-15,intervencion,Control,6
396,2025-04-16,intervencion,Control,4
396,2025-04-17,intervencion,Control,6
396,2025-04-18,intervencion,Control,5
396,2025-04-21,intervencion,Control,4
396,2025-04-22,intervencion,Control,5
396,2025-04-23,intervencion,Control,5
396,2025-04-24,intervencion,Control,4
396,2025-04-25,intervencion,Control,5
397,2025-03-03,baseline,Tratamiento,5
397,2025-03-04,baseline,Tratamiento,4
397,2025-03-05,baseline,Tratamiento,4
397,2025-03-06,baseline,Tratamiento,4
397,2025-03-07,baseline,Tratamiento,5
397,2025-03-10,baseline,Tratamiento,4
397,2025-03-11,baseline,Tratamiento,5
397,2025-03-12,baseline,Tratamiento,3
397,2025-03-13,baseline,Tratamiento,4
397,2025-03-14,baseline,Tratamiento,4
397,2025-03-17,baseline,Tratamiento,4
397,2025-03-18,baseline,Tratamiento,5
397,2025-03-19,baseline,Tratamiento,5
397,2025-03-20,baseline,Tratamiento,3
397,2025-03-21,baseline,Tratamiento,4
397,2025-03-24,baseline,Tratamiento,4
397,2025-03-25,baseline,Tratamiento,5
397,2025-03-26,baseline,Tratamiento,4
397,2025-03-27,baseline,Tratamiento,5
397,2025-03-28,baseline,Tratamiento,4
397,2025-03-31,intervencion,Tratamiento,7
397,2025-04-01,intervencion,Tratamiento,4
397,2025-04-02,intervencion,Tratamiento,5
397,2025-04-03,intervencion,Tratamiento,5
397,2025-04-04,intervencion,Tratamiento,5
397,2025-04-07,intervencion,Tratamiento,4
397,2025-04-08,intervencion,Tratamiento,3
397,2025-04-09,intervencion,Tratamiento,4
397,2025-04-10,intervencion,Tratamiento,4
397,2025-04-11,intervencion,Tratamiento,6
397,2025-04-14,intervencion,Tratamiento,7
397,2025-04-15,intervencion,Tratamiento,5
397,2025-04-16,intervencion,Tratamiento,4
397,2025-04-17,intervencion,Tratamiento,6
397,2025-04-18,intervencion,Tratamiento,4
397,2025-04-21,intervencion,Tratamiento,4
397,2025-04-22,intervencion,Tratamiento,4
397,2025-04-23,intervencion,Tratamiento,4
397,2025-04-24,intervencion,Tratamiento,5
397,2025-04-25,intervencion,Tratamiento,4
398,2025-03-03,baseline,Control,4
398,2025-03-04,baseline,Control,6
398,2025-03-05,baseline,Control,5
398,2025-03-06,baseline,Control,5
398,2025-03-07,baseline,Control,3
398,2025-03-10,baseline,Control,5
398,2025-03-11,baseline,Control,4
398,2025-03-12,baseline,Control,6
398,2025-03-13,baseline,Control,5
398,2025-03-14,baseline,Control,4
398,2025-03-17,baseline,Control,3
398,2025-03-18,baseline,Control,7
398,2025-03-19,baseline,Control,5
398,2025-03-20,baseline,Control,5
398,2025-03-21,baseline,Control,6
398,2025-03-24,baseline,Control,5
398,2025-03-25,baseline,Control,6
398,2025-03-26,baseline,Control,4
398,2025-03-27,baseline,Control,5
398,2025-03-28,baseline,Control,4
398,2025-03-31,intervencion,Control,4
398,2025-04-01,intervencion,Control,5
398,2025-04-02,intervencion,Control,3
398,2025-04-03,intervencion,Control,5
398,2025-04-04,intervencion,Control,4
398,2025-04-07,intervencion,Control,3
398,2025-04-08,intervencion,Control,4
398,2025-04-09,intervencion,Control,4
398,2025-04-10,intervencion,Control,5
398,2025-04-11,intervencion,Control,5
398,2025-04-14,intervencion,Control,6
398,2025-04-15,intervencion,Control,5
398,2025-04-16,intervencion,Control,4
398,2025-04-17,intervencion,Control,5
398,2025-04-18,intervencion,Control,4
398,2025-04-21,intervencion,Control,5
398,2025-04-22,intervencion,Control,5
398,2025-04-23,intervencion,Control,4
398,2025-04-24,intervencion,Control,5
398,2025-04-25,intervencion,Control,5
399,2025-03-03,baseline,Control,4
399,2025-03-04,baseline,Control,5
399,2025-03-05,baseline,Control,3
399,2025-03-06,baseline,Control,6
399,2025-03-07,baseline,Control,5
399,2025-03-10,baseline,Control,6
399,2025-03-11,baseline,Control,4
399,2025-03-12,baseline,Control,6
399,2025-03-13,baseline,Control,5
399,2025-03-14,baseline,Control,4
399,2025-03-17,baseline,Control,4
399,2025-03-18,baseline,Control,4
399,2025-03-19,baseline,Control,3
399,2025-03-20,baseline,Control,4
399,2025-03-21,baseline,Control,3
399,2025-03-24,baseline,Control,6
399,2025-03-25,baseline,Control,3
399,2025-03-26,baseline,Control,5
399,2025-03-27,baseline,Control,5
399,2025-03-28,baseline,Control,5
399,2025-03-31,intervencion,Control,5
399,2025-04-01,intervencion,Control,5
399,2025-04-02,intervencion,Control,4
399,2025-04-03,intervencion,Control,5
399,2025-04-04,intervencion,Control,4
399,2025-04-07,intervencion,Control,6
399,2025-04-08,intervencion,Control,6
399,2025-04-09,intervencion,Control,4
399,2025-04-10,intervencion,Control,3
399,2025-04-11,intervencion,Control,5
399,2025-04-14,intervencion,Control,6
399,2025-04-15,intervencion,Control,6
399,2025-04-16,intervencion,Control,5
399,2025-04-17,intervencion,Control,6
399,2025-04-18,intervencion,Control,6
399,2025-04-21,intervencion,Control,6
399,2025-04-22,intervencion,Control,5
399,2025-04-23,intervencion,Control,3
399,2025-04-24,intervencion,Control,5
399,2025-04-25,intervencion,Control,5
400,2025-03-03,baseline,Control,5
400,2025-03-04,baseline,Control,5
400,2025-03-05,baseline,Control,6
400,2025-03-06,baseline,Control,4
400,2025-03-07,baseline,Control,5
400,2025-03-10,baseline,Control,5
400,2025-03-11,baseline,Control,4
400,2025-03-12,baseline,Control,4
400,2025-03-13,baseline,Control,3
400,2025-03-14,baseline,Control,5
400,2025-03-17,baseline,Control,5
400,2025-03-18,baseline,Control,4
400,2025-03-19,baseline,Control,3
400,2025-03-20,baseline,Control,5
400,2025-03-21,baseline,Control,4
400,2025-03-24,baseline,Control,4
400,2025-03-25,baseline,Control,4
400,2025-03-26,baseline,Control,4
400,2025-03-27,baseline,Control,5
400,2025-03-28,baseline,Control,4
400,2025-03-31,intervencion,Control,4
400,2025-04-01,intervencion,Control,5
400,2025-04-02,intervencion,Control,6
400,2025-04-03,intervencion,Control,5
400,2025-04-04,intervencion,Control,5
400,2025-04-07,intervencion,Control,4
400,2025-04-08,intervencion,Control,4
400,2025-04-09,intervencion,Control,4
400,2025-04-10,intervencion,Control,3
400,2025-04-11,intervencion,Control,6
400,2025-04-14,intervencion,Control,5
400,2025-04-15,intervencion,Control,5
400,2025-04-16,intervencion,Control,5
400,2025-04-17,intervencion,Control,5
400,2025-04-18,intervencion,Control,4
400,2025-04-21,intervencion,Control,4
400,2025-04-22,intervencion,Control,4
400,2025-04-23,intervencion,Control,7
400,2025-04-24,intervencion,Control,6
400,2025-04-25,intervencion,Control,5
401,2025-03-03,baseline,Control,6
401,2025-03-04,baseline,Control,6
401,2025-03-05,baseline,Control,3
401,2025-03-06,baseline,Control,4
401,2025-03-07,baseline,Control,5
401,2025-03-10,baseline,Control,5
401,2025-03-11,baseline,Control,4
401,2025-03-12,baseline,Control,5
401,2025-03-13,baseline,Control,4
401,2025-03-14,baseline,Control,6
401,2025-03-17,baseline,Control,3
401,2025-03-18,baseline,Control,4
401,2025-03-19,baseline,Control,3
401,2025-03-20,baseline,Control,4
401,2025-03-21,baseline,Control,5
401,2025-03-24,baseline,Control,5
401,2025-03-25,baseline,Control,4
401,2025-03-26,baseline,Control,6
401,2025-03-27,baseline,Control,6
401,2025-03-28,baseline,Control,5
401,2025-03-31,intervencion,Control,5
401,2025-04-01,intervencion,Control,4
401,2025-04-02,intervencion,Control,5
401,2025-04-03,intervencion,Control,4
401,2025-04-04,intervencion,Control,6
401,2025-04-07,intervencion,Control,6
401,2025-04-08,intervencion,Control,4
401,2025-04-09,intervencion,Control,4
401,2025-04-10,intervencion,Control,5
401,2025-04-11,intervencion,Control,4
401,2025-04-14,intervencion,Control,5
401,2025-04-15,intervencion,Control,4
401,2025-04-16,intervencion,Control,6
401,2025-04-17,intervencion,Control,5
401,2025-04-18,intervencion,Control,7
401,2025-04-21,intervencion,Control,5
401,2025-04-22,intervencion,Control,3
401,2025-04-23,intervencion,Control,6
401,2025-04-24,intervencion,Control,6
401,2025-04-25,intervencion,Control,5
402,2025-03-03,baseline,Control,5
402,2025-03-04,baseline,Control,4
402,2025-03-05,baseline,Control,3
402,2025-03-06,baseline,Control,5
402,2025-03-07,baseline,Control,6
402,2025-03-10,baseline,Control,5
402,2025-03-11,baseline,Control,6
402,2025-03-12,baseline,Control,6
402,2025-03-13,baseline,Control,5
402,2025-03-14,baseline,Control,6
402,2025-03-17,baseline,Control,6
402,2025-03-18,baseline,Control,5
402,2025-03-19,baseline,Control,4
402,2025-03-20,baseline,Control,5
402,2025-03-21,baseline,Control,2
402,2025-03-24,baseline,Control,5
402,2025-03-25,baseline,Control,5
402,2025-03-26,baseline,Control,5
402,2025-03-27,baseline,Control,5
402,2025-03-28,baseline,Control,5
402,2025-03-31,intervencion,Control,3
402,2025-04-01,intervencion,Control,6
402,2025-04-02,intervencion,Control,4
402,2025-04-03,intervencion,Control,4
402,2025-04-04,intervencion,Control,6
402,2025-04-07,intervencion,Control,5
402,2025-04-08,intervencion,Control,5
402,2025-04-09,intervencion,Control,5
402,2025-04-10,intervencion,Control,4
402,2025-04-11,intervencion,Control,5
402,2025-04-14,intervencion,Control,6
402,2025-04-15,intervencion,Control,4
402,2025-04-16,intervencion,Control,4
402,2025-04-17,intervencion,Control,5
402,2025-04-18,intervencion,Control,5
402,2025-04-21,intervencion,Control,5
402,2025-04-22,intervencion,Control,3
402,2025-04-23,intervencion,Control,2
402,2025-04-24,intervencion,Control,5
402,2025-04-25,intervencion,Control,4
403,2025-03-03,baseline,Control,4
403,2025-03-04,baseline,Control,3
403,2025-03-05,baseline,Control,6
403,2025-03-06,baseline,Control,5
403,2025-03-07,baseline,Control,5
403,2025-03-10,baseline,Control,5
403,2025-03-11,baseline,Control,3
403,2025-03-12,baseline,Control,4
403,2025-03-13,baseline,Control,4
403,2025-03-14,baseline,Control,4
403,2025-03-17,baseline,Control,4
403,2025-03-18,baseline,Control,5
403,2025-03-19,baseline,Control,6
403,2025-03-20,baseline,Control,3
403,2025-03-21,baseline,Control,5
403,2025-03-24,baseline,Control,5
403,2025-03-25,baseline,Control,4
403,2025-03-26,baseline,Control,4
403,2025-03-27,baseline,Control,5
403,2025-03-28,baseline,Control,5
403,2025-03-31,intervencion,Control,5
403,2025-04-01,intervencion,Control,5
403,2025-04-02,intervencion,Control,4
403,2025-04-03,intervencion,Control,4
403,2025-04-04,intervencion,Control,5
403,2025-04-07,intervencion,Control,5
403,2025-04-08,intervencion,Control,4
403,2025-04-09,intervencion,Control,5
403,2025-04-10,intervencion,Control,6
403,2025-04-11,intervencion,Control,4
403,2025-04-14,intervencion,Control,4
403,2025-04-15,intervencion,Control,4
403,2025-04-16,intervencion,Control,3
403,2025-04-17,intervencion,Control,6
403,2025-04-18,intervencion,Control,4
403,2025-04-21,intervencion,Control,4
403,2025-04-22,intervencion,Control,4
403,2025-04-23,intervencion,Control,4
403,2025-04-24,intervencion,Control,4
403,2025-04-25,intervencion,Control,6
404,2025-03-03,baseline,Control,3
404,2025-03-04,baseline,Control,3
404,2025-03-05,baseline,Control,5
404,2025-03-06,baseline,Control,5
404,2025-03-07,baseline,Control,4
404,2025-03-10,baseline,Control,5
404,2025-03-11,baseline,Control,5
404,2025-03-12,baseline,Control,5
404,2025-03-13,baseline,Control,3
404,2025-03-14,baseline,Control,3
404,2025-03-17,baseline,Control,4
404,2025-03-18,baseline,Control,4
404,2025-03-19,baseline,Control,5
404,2025-03-20,baseline,Control,3
404,2025-03-21,baseline,Control,4
404,2025-03-24,baseline,Control,4
404,2025-03-25,baseline,Control,5
404,2025-03-26,baseline,Control,5
404,2025-03-27,baseline,Control,4
404,2025-03-28,baseline,Control,4
404,2025-03-31,intervencion,Control,6
404,2025-04-01,intervencion,Control,4
404,2025-04-02,intervencion,Control,6
404,2025-04-03,intervencion,Control,4
404,2025-04-04,intervencion,Control,5
404,2025-04-07,intervencion,Control,4
404,2025-04-08,intervencion,Control,5
404,2025-04-09,intervencion,Control,4
404,2025-04-10,intervencion,Control,5
404,2025-04-11,intervencion,Control,6
404,2025-04-14,intervencion,Control,6
404,2025-04-15,intervencion,Control,6
404,2025-04-16,intervencion,Control,3
404,2025-04-17,intervencion,Control,4
404,2025-04-18,intervencion,Control,5
404,2025-04-21,intervencion,Control,5
404,2025-04-22,intervencion,Control,4
404,2025-04-23,intervencion,Control,4
404,2025-04-24,intervencion,Control,6
404,2025-04-25,intervencion,Control,5
405,2025-03-03,baseline,Tratamiento,6
405,2025-03-04,baseline,Tratamiento,4
405,2025-03-05,baseline,Tratamiento,4
405,2025-03-06,baseline,Tratamiento,5
405,2025-03-07,baseline,Tratamiento,4
405,2025-03-10,baseline,Tratamiento,4
405,2025-03-11,baseline,Tratamiento,4
405,2025-03-12,baseline,Tratamiento,4
405,2025-03-13,baseline,Tratamiento,5
405,2025-03-14,baseline,Tratamiento,3
405,2025-03-17,baseline,Tratamiento,5
405,2025-03-18,baseline,Tratamiento,4
405,2025-03-19,baseline,Tratamiento,4
405,2025-03-20,baseline,Tratamiento,4
405,2025-03-21,baseline,Tratamiento,4
405,2025-03-24,baseline,Tratamiento,4
405,2025-03-25,baseline,Tratamiento,4
405,2025-03-26,baseline,Tratamiento,4
405,2025-03-27,baseline,Tratamiento,6
405,2025-03-28,baseline,Tratamiento,5
405,2025-03-31,intervencion,Tratamiento,5
405,2025-04-01,intervencion,Tratamiento,4
405,2025-04-02,intervencion,Tratamiento,5
405,2025-04-03,intervencion,Tratamiento,4
405,2025-04-04,intervencion,Tratamiento,6
405,2025-04-07,intervencion,Tratamiento,4
405,2025-04-08,intervencion,Tratamiento,3
405,2025-04-09,intervencion,Tratamiento,5
405,2025-04-10,intervencion,Tratamiento,5
405,2025-04-11,intervencion,Tratamiento,4
405,2025-04-14,intervencion,Tratamiento,6
405,2025-04-15,intervencion,Tratamiento,2
405,2025-04-16,intervencion,Tratamiento,6
405,2025-04-17,intervencion,Tratamiento,6
405,2025-04-18,intervencion,Tratamiento,4
405,2025-04-21,intervencion,Tratamiento,5
405,2025-04-22,intervencion,Tratamiento,5
405,2025-04-23,intervencion,Tratamiento,5
405,2025-04-24,intervencion,Tratamiento,4
405,2025-04-25,intervencion,Tratamiento,3
406,2025-03-03,baseline,Tratamiento,7
406,2025-03-04,baseline,Tratamiento,5
406,2025-03-05,baseline,Tratamiento,5
406,2025-03-06,baseline,Tratamiento,5
406,2025-03-07,baseline,Tratamiento,5
406,2025-03-10,baseline,Tratamiento,5
406,2025-03-11,baseline,Tratamiento,3
406,2025-03-12,baseline,Tratamiento,4
406,2025-03-13,baseline,Tratamiento,4
406,2025-03-14,baseline,Tratamiento,4
406,2025-03-17,baseline,Tratamiento,5
406,2025-03-18,baseline,Tratamiento,3
406,2025-03-19,baseline,Tratamiento,3
406,2025-03-20,baseline,Tratamiento,4
406,2025-03-21,baseline,Tratamiento,5
406,2025-03-24,baseline,Tratamiento,5
406,2025-03-25,baseline,Tratamiento,6
406,2025-03-26,baseline,Tratamiento,4
406,2025-03-27,baseline,Tratamiento,5
406,2025-03-28,baseline,Tratamiento,5
406,2025-03-31,intervencion,Tratamiento,5
406,2025-04-01,intervencion,Tratamiento,5
406,2025-04-02,intervencion,Tratamiento,5
406,2025-04-03,intervencion,Tratamiento,4
406,2025-04-04,intervencion,Tratamiento,4
406,2025-04-07,intervencion,Tratamiento,5
406,2025-04-08,intervencion,Tratamiento,5
406,2025-04-09,intervencion,Tratamiento,5
406,2025-04-10,intervencion,Tratamiento,6
406,2025-04-11,intervencion,Tratamiento,5
406,2025-04-14,intervencion,Tratamiento,4
406,2025-04-15,intervencion,Tratamiento,5
406,2025-04-16,intervencion,Tratamiento,6
406,2025-04-17,intervencion,Tratamiento,4
406,2025-04-18,intervencion,Tratamiento,5
406,2025-04-21,intervencion,Tratamiento,5
406,2025-04-22,intervencion,Tratamiento,4
406,2025-04-23,intervencion,Tratamiento,5
406,2025-04-24,intervencion,Tratamiento,4
406,2025-04-25,intervencion,Tratamiento,5
407,2025-03-03,baseline,Tratamiento,3
407,2025-03-04,baseline,Tratamiento,6
407,2025-03-05,baseline,Tratamiento,5
407,2025-03-06,baseline,Tratamiento,4
407,2025-03-07,baseline,Tratamiento,6
407,2025-03-10,baseline,Tratamiento,4
407,2025-03-11,baseline,Tratamiento,4
407,2025-03-12,baseline,Tratamiento,3
407,2025-03-13,baseline,Tratamiento,6
407,2025-03-14,baseline,Tratamiento,6
407,2025-03-17,baseline,Tratamiento,3
407,2025-03-18,baseline,Tratamiento,4
407,2025-03-19,baseline,Tratamiento,5
407,2025-03-20,baseline,Tratamiento,4
407,2025-03-21,baseline,Tratamiento,5
407,2025-03-24,baseline,Tratamiento,4
407,2025-03-25,baseline,Tratamiento,5
407,2025-03-26,baseline,Tratamiento,4
407,2025-03-27,baseline,Tratamiento,5
407,2025-03-28,baseline,Tratamiento,4
407,2025-03-31,intervencion,Tratamiento,5
407,2025-04-01,intervencion,Tratamiento,3
407,2025-04-02,intervencion,Tratamiento,5
407,2025-04-03,intervencion,Tratamiento,4
407,2025-04-04,intervencion,Tratamiento,6
407,2025-04-07,intervencion,Tratamiento,5
407,2025-04-08,intervencion,Tratamiento,5
407,2025-04-09,intervencion,Tratamiento,5
407,2025-04-10,intervencion,Tratamiento,3
407,2025-04-11,intervencion,Tratamiento,3
407,2025-04-14,intervencion,Tratamiento,5
407,2025-04-15,intervencion,Tratamiento,5
407,2025-04-16,intervencion,Tratamiento,5
407,2025-04-17,intervencion,Tratamiento,4
407,2025-04-18,intervencion,Tratamiento,5
407,2025-04-21,intervencion,Tratamiento,5
407,2025-04-22,intervencion,Tratamiento,6
407,2025-04-23,intervencion,Tratamiento,6
407,2025-04-24,intervencion,Tratamiento,4
407,2025-04-25,intervencion,Tratamiento,5
408,2025-03-03,baseline,Tratamiento,5
408,2025-03-04,baseline,Tratamiento,5
408,2025-03-05,baseline,Tratamiento,6
408,2025-03-06,baseline,Tratamiento,5
408,2025-03-07,baseline,Tratamiento,6
408,2025-03-10,baseline,Tratamiento,4
408,2025-03-11,baseline,Tratamiento,4
408,2025-03-12,baseline,Tratamiento,3
408,2025-03-13,baseline,Tratamiento,5
408,2025-03-14,baseline,Tratamiento,5
408,2025-03-17,baseline,Tratamiento,2
408,2025-03-18,baseline,Tratamiento,5
408,2025-03-19,baseline,Tratamiento,5
408,2025-03-20,baseline,Tratamiento,5
408,2025-03-21,baseline,Tratamiento,4
408,2025-03-24,baseline,Tratamiento,5
408,2025-03-25,baseline,Tratamiento,5
408,2025-03-26,baseline,Tratamiento,5
408,2025-03-27,baseline,Tratamiento,4
408,2025-03-28,baseline,Tratamiento,5
408,2025-03-31,intervencion,Tratamiento,6
408,2025-04-01,intervencion,Tratamiento,5
408,2025-04-02,intervencion,Tratamiento,5
408,2025-04-03,intervencion,Tratamiento,6
408,2025-04-04,intervencion,Tratamiento,5
408,2025-04-07,intervencion,Tratamiento,4
408,2025-04-08,intervencion,Tratamiento,6
408,2025-04-09,intervencion,Tratamiento,6
408,2025-04-10,intervencion,Tratamiento,6
408,2025-04-11,intervencion,Tratamiento,6
408,2025-04-14,intervencion,Tratamiento,3
408,2025-04-15,intervencion,Tratamiento,4
408,2025-04-16,intervencion,Tratamiento,4
408,2025-04-17,intervencion,Tratamiento,5
408,2025-04-18,intervencion,Tratamiento,6
408,2025-04-21,intervencion,Tratamiento,4
408,2025-04-22,intervencion,Tratamiento,7
408,2025-04-23,intervencion,Tratamiento,5
408,2025-04-24,intervencion,Tratamiento,4
408,2025-04-25,intervencion,Tratamiento,6
409,2025-03-03,baseline,Control,5
409,2025-03-04,baseline,Control,5
409,2025-03-05,baseline,Control,4
409,2025-03-06,baseline,Control,5
409,2025-03-07,baseline,Control,4
409,2025-03-10,baseline,Control,4
409,2025-03-11,baseline,Control,5
409,2025-03-12,baseline,Control,4
409,2025-03-13,baseline,Control,6
409,2025-03-14,baseline,Control,4
409,2025-03-17,baseline,Control,4
409,2025-03-18,baseline,Control,4
409,2025-03-19,baseline,Control,6
409,2025-03-20,baseline,Control,4
409,2025-03-21,baseline,Control,6
409,2025-03-24,baseline,Control,6
409,2025-03-25,baseline,Control,4
409,2025-03-26,baseline,Control,5
409,2025-03-27,baseline,Control,4
409,2025-03-28,baseline,Control,5
409,2025-03-31,intervencion,Control,4
409,2025-04-01,intervencion,Control,4
409,2025-04-02,intervencion,Control,5
409,2025-04-03,intervencion,Control,3
409,2025-04-04,intervencion,Control,5
409,2025-04-07,intervencion,Control,5
409,2025-04-08,intervencion,Control,5
409,2025-04-09,intervencion,Control,5
409,2025-04-10,intervencion,Control,4
409,2025-04-11,intervencion,Control,4
409,2025-04-14,intervencion,Control,4
409,2025-04-15,intervencion,Control,4
409,2025-04-16,intervencion,Control,6
409,2025-04-17,intervencion,Control,5
409,2025-04-18,intervencion,Control,4
409,2025-04-21,intervencion,Control,4
409,2025-04-22,intervencion,Control,3
409,2025-04-23,intervencion,Control,4
409,2025-04-24,intervencion,Control,5
409,2025-04-25,intervencion,Control,4
410,2025-03-03,baseline,Tratamiento,4
410,2025-03-04,baseline,Tratamiento,4
410,2025-03-05,baseline,Tratamiento,5
410,2025-03-06,baseline,Tratamiento,5
410,2025-03-07,baseline,Tratamiento,4
410,2025-03-10,baseline,Tratamiento,4
410,2025-03-11,baseline,Tratamiento,7
410,2025-03-12,baseline,Tratamiento,6
410,2025-03-13,baseline,Tratamiento,6
410,2025-03-14,baseline,Tratamiento,3
410,2025-03-17,baseline,Tratamiento,4
410,2025-03-18,baseline,Tratamiento,4
410,2025-03-19,baseline,Tratamiento,5
410,2025-03-20,baseline,Tratamiento,6
410,2025-03-21,baseline,Tratamiento,5
410,2025-03-24,baseline,Tratamiento,4
410,2025-03-25,baseline,Tratamiento,4
410,2025-03-26,baseline,Tratamiento,5
410,2025-03-27,baseline,Tratamiento,5
410,2025-03-28,baseline,Tratamiento,5
410,2025-03-31,intervencion,Tratamiento,5
410,2025-04-01,intervencion,Tratamiento,5
410,2025-04-02,intervencion,Tratamiento,5
410,2025-04-03,intervencion,Tratamiento,6
410,2025-04-04,intervencion,Tratamiento,6
410,2025-04-07,intervencion,Tratamiento,5
410,2025-04-08,intervencion,Tratamiento,5
410,2025-04-09,intervencion,Tratamiento,5
410,2025-04-10,intervencion,Tratamiento,4
410,2025-04-11,intervencion,Tratamiento,4
410,2025-04-14,intervencion,Tratamiento,5
410,2025-04-15,intervencion,Tratamiento,4
410,2025-04-16,intervencion,Tratamiento,6
410,2025-04-17,intervencion,Tratamiento,5
410,2025-04-18,intervencion,Tratamiento,6
410,2025-04-21,intervencion,Tratamiento,6
410,2025-04-22,intervencion,Tratamiento,6
410,2025-04-23,intervencion,Tratamiento,5
410,2025-04-24,intervencion,Tratamiento,5
410,2025-04-25,intervencion,Tratamiento,6
411,2025-03-03,baseline,Control,3
411,2025-03-04,baseline,Control,6
411,2025-03-05,baseline,Control,7
411,2025-03-06,baseline,Control,5
411,2025-03-07,baseline,Control,5
411,2025-03-10,baseline,Control,5
411,2025-03-11,baseline,Control,4
411,2025-03-12,baseline,Control,5
411,2025-03-13,baseline,Control,5
411,2025-03-14,baseline,Control,4
411,2025-03-17,baseline,Control,4
411,2025-03-18,baseline,Control,4
411,2025-03-19,baseline,Control,5
411,2025-03-20,baseline,Control,4
411,2025-03-21,baseline,Control,4
411,2025-03-24,baseline,Control,5
411,2025-03-25,baseline,Control,4
411,2025-03-26,baseline,Control,2
411,2025-03-27,baseline,Control,4
411,2025-03-28,baseline,Control,5
411,2025-03-31,intervencion,Control,5
411,2025-04-01,intervencion,Control,5
411,2025-04-02,intervencion,Control,5
411,2025-04-03,intervencion,Control,4
411,2025-04-04,intervencion,Control,4
411,2025-04-07,intervencion,Control,5
411,2025-04-08,intervencion,Control,4
411,2025-04-09,intervencion,Control,5
411,2025-04-10,intervencion,Control,5
411,2025-04-11,intervencion,Control,6
411,2025-04-14,intervencion,Control,4
411,2025-04-15,intervencion,Control,6
411,2025-04-16,intervencion,Control,6
411,2025-04-17,intervencion,Control,5
411,2025-04-18,intervencion,Control,5
411,2025-04-21,intervencion,Control,4
411,2025-04-22,intervencion,Control,5
411,2025-04-23,intervencion,Control,6
411,2025-04-24,intervencion,Control,4
411,2025-04-25,intervencion,Control,5
412,2025-03-03,baseline,Control,5
412,2025-03-04,baseline,Control,5
412,2025-03-05,baseline,Control,5
412,2025-03-06,baseline,Control,5
412,2025-03-07,baseline,Control,4
412,2025-03-10,baseline,Control,5
412,2025-03-11,baseline,Control,6
412,2025-03-12,baseline,Control,4
412,2025-03-13,baseline,Control,5
412,2025-03-14,baseline,Control,3
412,2025-03-17,baseline,Control,5
412,2025-03-18,baseline,Control,6
412,2025-03-19,baseline,Control,4
412,2025-03-20,baseline,Control,5
412,2025-03-21,baseline,Control,4
412,2025-03-24,baseline,Control,4
412,2025-03-25,baseline,Control,5
412,2025-03-26,baseline,Control,4
412,2025-03-27,baseline,Control,4
412,2025-03-28,baseline,Control,4
412,2025-03-31,intervencion,Control,5
412,2025-04-01,intervencion,Control,5
412,2025-04-02,intervencion,Control,4
412,2025-04-03,intervencion,Control,5
412,2025-04-04,intervencion,Control,4
412,2025-04-07,intervencion,Control,6
412,2025-04-08,intervencion,Control,4
412,2025-04-09,intervencion,Control,5
412,2025-04-10,intervencion,Control,4
412,2025-04-11,intervencion,Control,5
412,2025-04-14,intervencion,Control,6
412,2025-04-15,intervencion,Control,6
412,2025-04-16,intervencion,Control,6
412,2025-04-17,intervencion,Control,5
412,2025-04-18,intervencion,Control,6
412,2025-04-21,intervencion,Control,6
412,2025-04-22,intervencion,Control,4
412,2025-04-23,intervencion,Control,4
412,2025-04-24,intervencion,Control,3
412,2025-04-25,intervencion,Control,6
413,2025-03-03,baseline,Control,3
413,2025-03-04,baseline,Control,3
413,2025-03-05,baseline,Control,4
413,2025-03-06,baseline,Control,3
413,2025-03-07,baseline,Control,5
413,2025-03-10,baseline,Control,4
413,2025-03-11,baseline,Control,3
413,2025-03-12,baseline,Control,5
413,2025-03-13,baseline,Control,5
413,2025-03-14,baseline,Control,3
413,2025-03-17,baseline,Control,4
413,2025-03-18,baseline,Control,5
413,2025-03-19,baseline,Control,4
413,2025-03-20,baseline,Control,4
413,2025-03-21,baseline,Control,6
413,2025-03-24,baseline,Control,7
413,2025-03-25,baseline,Control,4
413,2025-03-26,baseline,Control,3
413,2025-03-27,baseline,Control,4
413,2025-03-28,baseline,Control,5
413,2025-03-31,intervencion,Control,5
413,2025-04-01,intervencion,Control,5
413,2025-04-02,intervencion,Control,7
413,2025-04-03,intervencion,Control,3
413,2025-04-04,intervencion,Control,4
413,2025-04-07,intervencion,Control,6
413,2025-04-08,intervencion,Control,4
413,2025-04-09,intervencion,Control,5
413,2025-04-10,intervencion,Control,5
413,2025-04-11,intervencion,Control,6
413,2025-04-14,intervencion,Control,6
413,2025-04-15,intervencion,Control,5
413,2025-04-16,intervencion,Control,3
413,2025-04-17,intervencion,Control,4
413,2025-04-18,intervencion,Control,7
413,2025-04-21,intervencion,Control,3
413,2025-04-22,intervencion,Control,5
413,2025-04-23,intervencion,Control,2
413,2025-04-24,intervencion,Control,3
413,2025-04-25,intervencion,Control,5
414,2025-03-03,baseline,Tratamiento,5
414,2025-03-04,baseline,Tratamiento,4
414,2025-03-05,baseline,Tratamiento,4
414,2025-03-06,baseline,Tratamiento,3
414,2025-03-07,baseline,Tratamiento,5
414,2025-03-10,baseline,Tratamiento,4
414,2025-03-11,baseline,Tratamiento,3
414,2025-03-12,baseline,Tratamiento,5
414,2025-03-13,baseline,Tratamiento,5
414,2025-03-14,baseline,Tratamiento,4
414,2025-03-17,baseline,Tratamiento,5
414,2025-03-18,baseline,Tratamiento,5
414,2025-03-19,baseline,Tratamiento,4
414,2025-03-20,baseline,Tratamiento,5
414,2025-03-21,baseline,Tratamiento,5
414,2025-03-24,baseline,Tratamiento,6
414,2025-03-25,baseline,Tratamiento,5
414,2025-03-26,baseline,Tratamiento,4
414,2025-03-27,baseline,Tratamiento,5
414,2025-03-28,baseline,Tratamiento,5
414,2025-03-31,intervencion,Tratamiento,4
414,2025-04-01,intervencion,Tratamiento,5
414,2025-04-02,intervencion,Tratamiento,6
414,2025-04-03,intervencion,Tratamiento,6
414,2025-04-04,intervencion,Tratamiento,3
414,2025-04-07,intervencion,Tratamiento,6
414,2025-04-08,intervencion,Tratamiento,6
414,2025-04-09,intervencion,Tratamiento,5
414,2025-04-10,intervencion,Tratamiento,5
414,2025-04-11,intervencion,Tratamiento,5
414,2025-04-14,intervencion,Tratamiento,4
414,2025-04-15,intervencion,Tratamiento,5
414,2025-04-16,intervencion,Tratamiento,4
414,2025-04-17,intervencion,Tratamiento,3
414,2025-04-18,intervencion,Tratamiento,7
414,2025-04-21,intervencion,Tratamiento,5
414,2025-04-22,intervencion,Tratamiento,5
414,2025-04-23,intervencion,Tratamiento,5
414,2025-04-24,intervencion,Tratamiento,4
414,2025-04-25,intervencion,Tratamiento,5
415,2025-03-03,baseline,Tratamiento,5
415,2025-03-04,baseline,Tratamiento,4
415,2025-03-05,baseline,Tratamiento,4
415,2025-03-06,baseline,Tratamiento,5
415,2025-03-07,baseline,Tratamiento,5
415,2025-03-10,baseline,Tratamiento,5
415,2025-03-11,baseline,Tratamiento,5
415,2025-03-12,baseline,Tratamiento,4
415,2025-03-13,baseline,Tratamiento,4
415,2025-03-14,baseline,Tratamiento,6
415,2025-03-17,baseline,Tratamiento,4
415,2025-03-18,baseline,Tratamiento,3
415,2025-03-19,baseline,Tratamiento,5
415,2025-03-20,baseline,Tratamiento,4
415,2025-03-21,baseline,Tratamiento,4
415,2025-03-24,baseline,Tratamiento,5
415,2025-03-25,baseline,Tratamiento,4
415,2025-03-26,baseline,Tratamiento,3
415,2025-03-27,baseline,Tratamiento,6
415,2025-03-28,baseline,Tratamiento,3
415,2025-03-31,intervencion,Tratamiento,5
415,2025-04-01,intervencion,Tratamiento,3
415,2025-04-02,intervencion,Tratamiento,5
415,2025-04-03,intervencion,Tratamiento,4
415,2025-04-04,intervencion,Tratamiento,6
415,2025-04-07,intervencion,Tratamiento,5
415,2025-04-08,intervencion,Tratamiento,6
415,2025-04-09,intervencion,Tratamiento,5
415,2025-04-10,intervencion,Tratamiento,4
415,2025-04-11,intervencion,Tratamiento,5
415,2025-04-14,intervencion,Tratamiento,5
415,2025-04-15,intervencion,Tratamiento,3
415,2025-04-16,intervencion,Tratamiento,4
415,2025-04-17,intervencion,Tratamiento,4
415,2025-04-18,intervencion,Tratamiento,6
415,2025-04-21,intervencion,Tratamiento,6
415,2025-04-22,intervencion,Tratamiento,5
415,2025-04-23,intervencion,Tratamiento,5
415,2025-04-24,intervencion,Tratamiento,3
415,2025-04-25,intervencion,Tratamiento,4
416,2025-03-03,baseline,Control,5
416,2025-03-04,baseline,Control,5
416,2025-03-05,baseline,Control,4
416,2025-03-06,baseline,Control,5
416,2025-03-07,baseline,Control,5
416,2025-03-10,baseline,Control,5
416,2025-03-11,baseline,Control,5
416,2025-03-12,baseline,Control,5
416,2025-03-13,baseline,Control,5
416,2025-03-14,baseline,Control,6
416,2025-03-17,baseline,Control,5
416,2025-03-18,baseline,Control,6
416,2025-03-19,baseline,Control,4
416,2025-03-20,baseline,Control,3
416,2025-03-21,baseline,Control,4
416,2025-03-24,baseline,Control,4
416,2025-03-25,baseline,Control,6
416,2025-03-26,baseline,Control,4
416,2025-03-27,baseline,Control,5
416,2025-03-28,baseline,Control,5
416,2025-03-31,intervencion,Control,5
416,2025-04-01,intervencion,Control,4
416,2025-04-02,intervencion,Control,5
416,2025-04-03,intervencion,Control,6
416,2025-04-04,intervencion,Control,6
416,2025-04-07,intervencion,Control,5
416,2025-04-08,intervencion,Control,4
416,2025-04-09,intervencion,Control,6
416,2025-04-10,intervencion,Control,4
416,2025-04-11,intervencion,Control,6
416,2025-04-14,intervencion,Control,6
416,2025-04-15,intervencion,Control,6
416,2025-04-16,intervencion,Control,5
416,2025-04-17,intervencion,Control,3
416,2025-04-18,intervencion,Control,4
416,2025-04-21,intervencion,Control,5
416,2025-04-22,intervencion,Control,4
416,2025-04-23,intervencion,Control,4
416,2025-04-24,intervencion,Control,5
416,2025-04-25,intervencion,Control,4
417,2025-03-03,baseline,Control,4
417,2025-03-04,baseline,Control,5
417,2025-03-05,baseline,Control,5
417,2025-03-06,baseline,Control,4
417,2025-03-07,baseline,Control,5
417,2025-03-10,baseline,Control,5
417,2025-03-11,baseline,Control,6
417,2025-03-12,baseline,Control,5
417,2025-03-13,baseline,Control,6
417,2025-03-14,baseline,Control,3
417,2025-03-17,baseline,Control,5
417,2025-03-18,baseline,Control,4
417,2025-03-19,baseline,Control,4
417,2025-03-20,baseline,Control,6
417,2025-03-21,baseline,Control,5
417,2025-03-24,baseline,Control,3
417,2025-03-25,baseline,Control,5
417,2025-03-26,baseline,Control,5
417,2025-03-27,baseline,Control,4
417,2025-03-28,baseline,Control,4
417,2025-03-31,intervencion,Control,3
417,2025-04-01,intervencion,Control,4
417,2025-04-02,intervencion,Control,4
417,2025-04-03,intervencion,Control,5
417,2025-04-04,intervencion,Control,5
417,2025-04-07,intervencion,Control,4
417,2025-04-08,intervencion,Control,5
417,2025-04-09,intervencion,Control,4
417,2025-04-10,intervencion,Control,4
417,2025-04-11,intervencion,Control,3
417,2025-04-14,intervencion,Control,5
417,2025-04-15,intervencion,Control,5
417,2025-04-16,intervencion,Control,5
417,2025-04-17,intervencion,Control,4
417,2025-04-18,intervencion,Control,5
417,2025-04-21,intervencion,Control,3
417,2025-04-22,intervencion,Control,4
417,2025-04-23,intervencion,Control,5
417,2025-04-24,intervencion,Control,5
417,2025-04-25,intervencion,Control,3
418,2025-03-03,baseline,Tratamiento,4
418,2025-03-04,baseline,Tratamiento,4
418,2025-03-05,baseline,Tratamiento,5
418,2025-03-06,baseline,Tratamiento,4
418,2025-03-07,baseline,Tratamiento,5
418,2025-03-10,baseline,Tratamiento,5
418,2025-03-11,baseline,Tratamiento,4
418,2025-03-12,baseline,Tratamiento,5
418,2025-03-13,baseline,Tratamiento,3
418,2025-03-14,baseline,Tratamiento,4
418,2025-03-17,baseline,Tratamiento,6
418,2025-03-18,baseline,Tratamiento,6
418,2025-03-19,baseline,Tratamiento,5
418,2025-03-20,baseline,Tratamiento,6
418,2025-03-21,baseline,Tratamiento,3
418,2025-03-24,baseline,Tratamiento,4
418,2025-03-25,baseline,Tratamiento,4
418,2025-03-26,baseline,Tratamiento,7
418,2025-03-27,baseline,Tratamiento,4
418,2025-03-28,baseline,Tratamiento,5
418,2025-03-31,intervencion,Tratamiento,5
418,2025-04-01,intervencion,Tratamiento,5
418,2025-04-02,intervencion,Tratamiento,5
418,2025-04-03,intervencion,Tratamiento,4
418,2025-04-04,intervencion,Tratamiento,3
418,2025-04-07,intervencion,Tratamiento,6
418,2025-04-08,intervencion,Tratamiento,4
418,2025-04-09,intervencion,Tratamiento,3
418,2025-04-10,intervencion,Tratamiento,5
418,2025-04-11,intervencion,Tratamiento,5
418,2025-04-14,intervencion,Tratamiento,6
418,2025-04-15,intervencion,Tratamiento,6
418,2025-04-16,intervencion,Tratamiento,4
418,2025-04-17,intervencion,Tratamiento,4
418,2025-04-18,intervencion,Tratamiento,5
418,2025-04-21,intervencion,Tratamiento,6
418,2025-04-22,intervencion,Tratamiento,3
418,2025-04-23,intervencion,Tratamiento,5
418,2025-04-24,intervencion,Tratamiento,6
418,2025-04-25,intervencion,Tratamiento,6
419,2025-03-03,baseline,Control,5
419,2025-03-04,baseline,Control,6
419,2025-03-05,baseline,Control,2
419,2025-03-06,baseline,Control,6
419,2025-03-07,baseline,Control,5
419,2025-03-10,baseline,Control,6
419,2025-03-11,baseline,Control,4
419,2025-03-12,baseline,Control,3
419,2025-03-13,baseline,Control,6
419,2025-03-14,baseline,Control,4
419,2025-03-17,baseline,Control,4
419,2025-03-18,baseline,Control,5
419,2025-03-19,baseline,Control,5
419,2025-03-20,baseline,Control,6
419,2025-03-21,baseline,Control,5
419,2025-03-24,baseline,Control,4
419,2025-03-25,baseline,Control,5
419,2025-03-26,baseline,Control,5
419,2025-03-27,baseline,Control,3
419,2025-03-28,baseline,Control,6
419,2025-03-31,intervencion,Control,2
419,2025-04-01,intervencion,Control,6
419,2025-04-02,intervencion,Control,4
419,2025-04-03,intervencion,Control,5
419,2025-04-04,intervencion,Control,5
419,2025-04-07,intervencion,Control,5
419,2025-04-08,intervencion,Control,5
419,2025-04-09,intervencion,Control,5
419,2025-04-10,intervencion,Control,5
419,2025-04-11,intervencion,Control,7
419,2025-04-14,intervencion,Control,3
419,2025-04-15,intervencion,Control,2
419,2025-04-16,intervencion,Control,4
419,2025-04-17,intervencion,Control,4
419,2025-04-18,intervencion,Control,4
419,2025-04-21,intervencion,Control,4
419,2025-04-22,intervencion,Control,5
419,2025-04-23,intervencion,Control,3
419,2025-04-24,intervencion,Control,5
419,2025-04-25,intervencion,Control,5
420,2025-03-03,baseline,Tratamiento,5
420,2025-03-04,baseline,Tratamiento,5
420,2025-03-05,baseline,Tratamiento,5
420,2025-03-06,baseline,Tratamiento,5
420,2025-03-07,baseline,Tratamiento,4
420,2025-03-10,baseline,Tratamiento,5
420,2025-03-11,baseline,Tratamiento,5
420,2025-03-12,baseline,Tratamiento,5
420,2025-03-13,baseline,Tratamiento,3
420,2025-03-14,baseline,Tratamiento,4
420,2025-03-17,baseline,Tratamiento,4
420,2025-03-18,baseline,Tratamiento,5
420,2025-03-19,baseline,Tratamiento,5
420,2025-03-20,baseline,Tratamiento,4
420,2025-03-21,baseline,Tratamiento,4
420,2025-03-24,baseline,Tratamiento,5
420,2025-03-25,baseline,Tratamiento,4
420,2025-03-26,baseline,Tratamiento,6
420,2025-03-27,baseline,Tratamiento,6
420,2025-03-28,baseline,Tratamiento,6
420,2025-03-31,intervencion,Tratamiento,5
420,2025-04-01,intervencion,Tratamiento,7
420,2025-04-02,intervencion,Tratamiento,5
420,2025-04-03,intervencion,Tratamiento,5
420,2025-04-04,intervencion,Tratamiento,4
420,2025-04-07,intervencion,Tratamiento,4
420,2025-04-08,intervencion,Tratamiento,5
420,2025-04-09,intervencion,Tratamiento,5
420,2025-04-10,intervencion,Tratamiento,4
420,2025-04-11,intervencion,Tratamiento,5
420,2025-04-14,intervencion,Tratamiento,5
420,2025-04-15,intervencion,Tratamiento,6
420,2025-04-16,intervencion,Tratamiento,5
420,2025-04-17,intervencion,Tratamiento,5
420,2025-04-18,intervencion,Tratamiento,4
420,2025-04-21,intervencion,Tratamiento,4
420,2025-04-22,intervencion,Tratamiento,5
420,2025-04-23,intervencion,Tratamiento,5
420,2025-04-24,intervencion,Tratamiento,5
420,2025-04-25,intervencion,Tratamiento,4
421,2025-03-03,baseline,Control,4
421,2025-03-04,baseline,Control,6
421,2025-03-05,baseline,Control,5
421,2025-03-06,baseline,Control,4
421,2025-03-07,baseline,Control,4
421,2025-03-10,baseline,Control,4
421,2025-03-11,baseline,Control,5
421,2025-03-12,baseline,Control,5
421,2025-03-13,baseline,Control,5
421,2025-03-14,baseline,Control,5
421,2025-03-17,baseline,Control,4
421,2025-03-18,baseline,Control,4
421,2025-03-19,baseline,Control,6
421,2025-03-20,baseline,Control,4
421,2025-03-21,baseline,Control,3
421,2025-03-24,baseline,Control,3
421,2025-03-25,baseline,Control,4
421,2025-03-26,baseline,Control,5
421,2025-03-27,baseline,Control,4
421,2025-03-28,baseline,Control,6
421,2025-03-31,intervencion,Control,5
421,2025-04-01,intervencion,Control,6
421,2025-04-02,intervencion,Control,4
421,2025-04-03,intervencion,Control,4
421,2025-04-04,intervencion,Control,5
421,2025-04-07,intervencion,Control,5
421,2025-04-08,intervencion,Control,4
421,2025-04-09,intervencion,Control,5
421,2025-04-10,intervencion,Control,5
421,2025-04-11,intervencion,Control,3
421,2025-04-14,intervencion,Control,4
421,2025-04-15,intervencion,Control,4
421,2025-04-16,intervencion,Control,4
421,2025-04-17,intervencion,Control,5
421,2025-04-18,intervencion,Control,4
421,2025-04-21,intervencion,Control,3
421,2025-04-22,intervencion,Control,4
421,2025-04-23,intervencion,Control,4
421,2025-04-24,intervencion,Control,5
421,2025-04-25,intervencion,Control,5
422,2025-03-03,baseline,Control,3
422,2025-03-04,baseline,Control,4
422,2025-03-05,baseline,Control,5
422,2025-03-06,baseline,Control,3
422,2025-03-07,baseline,Control,5
422,2025-03-10,baseline,Control,6
422,2025-03-11,baseline,Control,4
422,2025-03-12,baseline,Control,4
422,2025-03-13,baseline,Control,3
422,2025-03-14,baseline,Control,5
422,2025-03-17,baseline,Control,6
422,2025-03-18,baseline,Control,6
422,2025-03-19,baseline,Control,4
422,2025-03-20,baseline,Control,4
422,2025-03-21,baseline,Control,5
422,2025-03-24,baseline,Control,4
422,2025-03-25,baseline,Control,5
422,2025-03-26,baseline,Control,5
422,2025-03-27,baseline,Control,5
422,2025-03-28,baseline,Control,6
422,2025-03-31,intervencion,Control,6
422,2025-04-01,intervencion,Control,4
422,2025-04-02,intervencion,Control,4
422,2025-04-03,intervencion,Control,2
422,2025-04-04,intervencion,Control,4
422,2025-04-07,intervencion,Control,4
422,2025-04-08,intervencion,Control,5
422,2025-04-09,intervencion,Control,4
422,2025-04-10,intervencion,Control,4
422,2025-04-11,intervencion,Control,5
422,2025-04-14,intervencion,Control,5
422,2025-04-15,intervencion,Control,4
422,2025-04-16,intervencion,Control,6
422,2025-04-17,intervencion,Control,5
422,2025-04-18,intervencion,Control,4
422,2025-04-21,intervencion,Control,4
422,2025-04-22,intervencion,Control,5
422,2025-04-23,intervencion,Control,5
422,2025-04-24,intervencion,Control,4
422,2025-04-25,intervencion,Control,5
423,2025-03-03,baseline,Control,6
423,2025-03-04,baseline,Control,6
423,2025-03-05,baseline,Control,6
423,2025-03-06,baseline,Control,6
423,2025-03-07,baseline,Control,6
423,2025-03-10,baseline,Control,5
423,2025-03-11,baseline,Control,4
423,2025-03-12,baseline,Control,3
423,2025-03-13,baseline,Control,5
423,2025-03-14,baseline,Control,5
423,2025-03-17,baseline,Control,5
423,2025-03-18,baseline,Control,3
423,2025-03-19,baseline,Control,4
423,2025-03-20,baseline,Control,5
423,2025-03-21,baseline,Control,4
423,2025-03-24,baseline,Control,5
423,2025-03-25,baseline,Control,5
423,2025-03-26,baseline,Control,6
423,2025-03-27,baseline,Control,6
423,2025-03-28,baseline,Control,4
423,2025-03-31,intervencion,Control,5
423,2025-04-01,intervencion,Control,5
423,2025-04-02,intervencion,Control,5
423,2025-04-03,intervencion,Control,5
423,2025-04-04,intervencion,Control,6
423,2025-04-07,intervencion,Control,3
423,2025-04-08,intervencion,Control,5
423,2025-04-09,intervencion,Control,5
423,2025-04-10,intervencion,Control,4
423,2025-04-11,intervencion,Control,3
423,2025-04-14,intervencion,Control,5
423,2025-04-15,intervencion,Control,4
423,2025-04-16,intervencion,Control,6
423,2025-04-17,intervencion,Control,5
423,2025-04-18,intervencion,Control,4
423,2025-04-21,intervencion,Control,3
423,2025-04-22,intervencion,Control,5
423,2025-04-23,intervencion,Control,5
423,2025-04-24,intervencion,Control,4
423,2025-04-25,intervencion,Control,5
424,2025-03-03,baseline,Tratamiento,4
424,2025-03-04,baseline,Tratamiento,6
424,2025-03-05,baseline,Tratamiento,5
424,2025-03-06,baseline,Tratamiento,3
424,2025-03-07,baseline,Tratamiento,3
424,2025-03-10,baseline,Tratamiento,6
424,2025-03-11,baseline,Tratamiento,5
424,2025-03-12,baseline,Tratamiento,3
424,2025-03-13,baseline,Tratamiento,3
424,2025-03-14,baseline,Tratamiento,5
424,2025-03-17,baseline,Tratamiento,4
424,2025-03-18,baseline,Tratamiento,4
424,2025-03-19,baseline,Tratamiento,5
424,2025-03-20,baseline,Tratamiento,5
424,2025-03-21,baseline,Tratamiento,6
424,2025-03-24,baseline,Tratamiento,6
424,2025-03-25,baseline,Tratamiento,4
424,2025-03-26,baseline,Tratamiento,4
424,2025-03-27,baseline,Tratamiento,5
424,2025-03-28,baseline,Tratamiento,6
424,2025-03-31,intervencion,Tratamiento,5
424,2025-04-01,intervencion,Tratamiento,6
424,2025-04-02,intervencion,Tratamiento,4
424,2025-04-03,intervencion,Tratamiento,5
424,2025-04-04,intervencion,Tratamiento,4
424,2025-04-07,intervencion,Tratamiento,5
424,2025-04-08,intervencion,Tratamiento,5
424,2025-04-09,intervencion,Tratamiento,5
424,2025-04-10,intervencion,Tratamiento,7
424,2025-04-11,intervencion,Tratamiento,5
424,2025-04-14,intervencion,Tratamiento,3
424,2025-04-15,intervencion,Tratamiento,5
424,2025-04-16,intervencion,Tratamiento,5
424,2025-04-17,intervencion,Tratamiento,5
424,2025-04-18,intervencion,Tratamiento,5
424,2025-04-21,intervencion,Tratamiento,6
424,2025-04-22,intervencion,Tratamiento,5
424,2025-04-23,intervencion,Tratamiento,5
424,2025-04-24,intervencion,Tratamiento,4
424,2025-04-25,intervencion,Tratamiento,3
425,2025-03-03,baseline,Tratamiento,5
425,2025-03-04,baseline,Tratamiento,5
425,2025-03-05,baseline,Tratamiento,4
425,2025-03-06,baseline,Tratamiento,5
425,2025-03-07,baseline,Tratamiento,4
425,2025-03-10,baseline,Tratamiento,4
425,2025-03-11,baseline,Tratamiento,4
425,2025-03-12,baseline,Tratamiento,5
425,2025-03-13,baseline,Tratamiento,4
425,2025-03-14,baseline,Tratamiento,4
425,2025-03-17,baseline,Tratamiento,4
425,2025-03-18,baseline,Tratamiento,4
425,2025-03-19,baseline,Tratamiento,5
425,2025-03-20,baseline,Tratamiento,5
425,2025-03-21,baseline,Tratamiento,4
425,2025-03-24,baseline,Tratamiento,5
425,2025-03-25,baseline,Tratamiento,6
425,2025-03-26,baseline,Tratamiento,5
425,2025-03-27,baseline,Tratamiento,5
425,2025-03-28,baseline,Tratamiento,5
425,2025-03-31,intervencion,Tratamiento,5
425,2025-04-01,intervencion,Tratamiento,5
425,2025-04-02,intervencion,Tratamiento,5
425,2025-04-03,intervencion,Tratamiento,4
425,2025-04-04,intervencion,Tratamiento,5
425,2025-04-07,intervencion,Tratamiento,5
425,2025-04-08,intervencion,Tratamiento,5
425,2025-04-09,intervencion,Tratamiento,6
425,2025-04-10,intervencion,Tratamiento,4
425,2025-04-11,intervencion,Tratamiento,3
425,2025-04-14,intervencion,Tratamiento,4
425,2025-04-15,intervencion,Tratamiento,4
425,2025-04-16,intervencion,Tratamiento,5
425,2025-04-17,intervencion,Tratamiento,4
425,2025-04-18,intervencion,Tratamiento,6
425,2025-04-21,intervencion,Tratamiento,6
425,2025-04-22,intervencion,Tratamiento,4
425,2025-04-23,intervencion,Tratamiento,4
425,2025-04-24,intervencion,Tratamiento,5
425,2025-04-25,intervencion,Tratamiento,6
426,2025-03-03,baseline,Control,3
426,2025-03-04,baseline,Control,5
426,2025-03-05,baseline,Control,3
426,2025-03-06,baseline,Control,4
426,2025-03-07,baseline,Control,6
426,2025-03-10,baseline,Control,7
426,2025-03-11,baseline,Control,4
426,2025-03-12,baseline,Control,3
426,2025-03-13,baseline,Control,4
426,2025-03-14,baseline,Control,5
426,2025-03-17,baseline,Control,4
426,2025-03-18,baseline,Control,4
426,2025-03-19,baseline,Control,4
426,2025-03-20,baseline,Control,5
426,2025-03-21,baseline,Control,4
426,2025-03-24,baseline,Control,4
426,2025-03-25,baseline,Control,4
426,2025-03-26,baseline,Control,4
426,2025-03-27,baseline,Control,4
426,2025-03-28,baseline,Control,4
426,2025-03-31,intervencion,Control,5
426,2025-04-01,intervencion,Control,4
426,2025-04-02,intervencion,Control,3
426,2025-04-03,intervencion,Control,6
426,2025-04-04,intervencion,Control,5
426,2025-04-07,intervencion,Control,3
426,2025-04-08,intervencion,Control,4
426,2025-04-09,intervencion,Control,4
426,2025-04-10,intervencion,Control,5
426,2025-04-11,intervencion,Control,4
426,2025-04-14,intervencion,Control,5
426,2025-04-15,intervencion,Control,4
426,2025-04-16,intervencion,Control,3
426,2025-04-17,intervencion,Control,6
426,2025-04-18,intervencion,Control,5
426,2025-04-21,intervencion,Control,4
426,2025-04-22,intervencion,Control,5
426,2025-04-23,intervencion,Control,5
426,2025-04-24,intervencion,Control,5
426,2025-04-25,intervencion,Control,6
427,2025-03-03,baseline,Control,7
427,2025-03-04,baseline,Control,4
427,2025-03-05,baseline,Control,4
427,2025-03-06,baseline,Control,4
427,2025-03-07,baseline,Control,3
427,2025-03-10,baseline,Control,6
427,2025-03-11,baseline,Control,4
427,2025-03-12,baseline,Control,5
427,2025-03-13,baseline,Control,6
427,2025-03-14,baseline,Control,4
427,2025-03-17,baseline,Control,4
427,2025-03-18,baseline,Control,6
427,2025-03-19,baseline,Control,5
427,2025-03-20,baseline,Control,4
427,2025-03-21,baseline,Control,4
427,2025-03-24,baseline,Control,4
427,2025-03-25,baseline,Control,6
427,2025-03-26,baseline,Control,5
427,2025-03-27,baseline,Control,5
427,2025-03-28,baseline,Control,6
427,2025-03-31,intervencion,Control,6
427,2025-04-01,intervencion,Control,5
427,2025-04-02,intervencion,Control,7
427,2025-04-03,intervencion,Control,4
427,2025-04-04,intervencion,Control,6
427,2025-04-07,intervencion,Control,4
427,2025-04-08,intervencion,Control,5
427,2025-04-09,intervencion,Control,4
427,2025-04-10,intervencion,Control,5
427,2025-04-11,intervencion,Control,7
427,2025-04-14,intervencion,Control,5
427,2025-04-15,intervencion,Control,5
427,2025-04-16,intervencion,Control,4
427,2025-04-17,intervencion,Control,5
427,2025-04-18,intervencion,Control,4
427,2025-04-21,intervencion,Control,5
427,2025-04-22,intervencion,Control,5
427,2025-04-23,intervencion,Control,4
427,2025-04-24,intervencion,Control,6
427,2025-04-25,intervencion,Control,6
428,2025-03-03,baseline,Control,5
428,2025-03-04,baseline,Control,5
428,2025-03-05,baseline,Control,4
428,2025-03-06,baseline,Control,4
428,2025-03-07,baseline,Control,4
428,2025-03-10,baseline,Control,4
428,2025-03-11,baseline,Control,5
428,2025-03-12,baseline,Control,3
428,2025-03-13,baseline,Control,5
428,2025-03-14,baseline,Control,6
428,2025-03-17,baseline,Control,5
428,2025-03-18,baseline,Control,2
428,2025-03-19,baseline,Control,4
428,2025-03-20,baseline,Control,3
428,2025-03-21,baseline,Control,4
428,2025-03-24,baseline,Control,6
428,2025-03-25,baseline,Control,2
428,2025-03-26,baseline,Control,4
428,2025-03-27,baseline,Control,5
428,2025-03-28,baseline,Control,4
428,2025-03-31,intervencion,Control,4
428,2025-04-01,intervencion,Control,6
428,2025-04-02,intervencion,Control,5
428,2025-04-03,intervencion,Control,5
428,2025-04-04,intervencion,Control,5
428,2025-04-07,intervencion,Control,5
428,2025-04-08,intervencion,Control,6
428,2025-04-09,intervencion,Control,6
428,2025-04-10,intervencion,Control,3
428,2025-04-11,intervencion,Control,5
428,2025-04-14,intervencion,Control,5
428,2025-04-15,intervencion,Control,4
428,2025-04-16,intervencion,Control,5
428,2025-04-17,intervencion,Control,5
428,2025-04-18,intervencion,Control,6
428,2025-04-21,intervencion,Control,6
428,2025-04-22,intervencion,Control,6
428,2025-04-23,intervencion,Control,4
428,2025-04-24,intervencion,Control,4
428,2025-04-25,intervencion,Control,4
429,2025-03-03,baseline,Tratamiento,6
429,2025-03-04,baseline,Tratamiento,4
429,2025-03-05,baseline,Tratamiento,4
429,2025-03-06,baseline,Tratamiento,4
429,2025-03-07,baseline,Tratamiento,7
429,2025-03-10,baseline,Tratamiento,4
429,2025-03-11,baseline,Tratamiento,5
429,2025-03-12,baseline,Tratamiento,4
429,2025-03-13,baseline,Tratamiento,5
429,2025-03-14,baseline,Tratamiento,3
429,2025-03-17,baseline,Tratamiento,4
429,2025-03-18,baseline,Tratamiento,4
429,2025-03-19,baseline,Tratamiento,5
429,2025-03-20,baseline,Tratamiento,4
429,2025-03-21,baseline,Tratamiento,6
429,2025-03-24,baseline,Tratamiento,5
429,2025-03-25,baseline,Tratamiento,4
429,2025-03-26,baseline,Tratamiento,5
429,2025-03-27,baseline,Tratamiento,4
429,2025-03-28,baseline,Tratamiento,4
429,2025-03-31,intervencion,Tratamiento,6
429,2025-04-01,intervencion,Tratamiento,3
429,2025-04-02,intervencion,Tratamiento,6
429,2025-04-03,intervencion,Tratamiento,4
429,2025-04-04,intervencion,Tratamiento,4
429,2025-04-07,intervencion,Tratamiento,7
429,2025-04-08,intervencion,Tratamiento,4
429,2025-04-09,intervencion,Tratamiento,6
429,2025-04-10,intervencion,Tratamiento,5
429,2025-04-11,intervencion,Tratamiento,5
429,2025-04-14,intervencion,Tratamiento,5
429,2025-04-15,intervencion,Tratamiento,5
429,2025-04-16,intervencion,Tratamiento,6
429,2025-04-17,intervencion,Tratamiento,6
429,2025-04-18,intervencion,Tratamiento,5
429,2025-04-21,intervencion,Tratamiento,4
429,2025-04-22,intervencion,Tratamiento,4
429,2025-04-23,intervencion,Tratamiento,6
429,2025-04-24,intervencion,Tratamiento,6
429,2025-04-25,intervencion,Tratamiento,5
430,2025-03-03,baseline,Control,3
430,2025-03-04,baseline,Control,5
430,2025-03-05,baseline,Control,6
430,2025-03-06,baseline,Control,5
430,2025-03-07,baseline,Control,6
430,2025-03-10,baseline,Control,3
430,2025-03-11,baseline,Control,5
430,2025-03-12,baseline,Control,4
430,2025-03-13,baseline,Control,6
430,2025-03-14,baseline,Control,5
430,2025-03-17,baseline,Control,6
430,2025-03-18,baseline,Control,5
430,2025-03-19,baseline,Control,4
430,2025-03-20,baseline,Control,4
430,2025-03-21,baseline,Control,4
430,2025-03-24,baseline,Control,4
430,2025-03-25,baseline,Control,6
430,2025-03-26,baseline,Control,6
430,2025-03-27,baseline,Control,3
430,2025-03-28,baseline,Control,5
430,2025-03-31,intervencion,Control,5
430,2025-04-01,intervencion,Control,4
430,2025-04-02,intervencion,Control,5
430,2025-04-03,intervencion,Control,6
430,2025-04-04,intervencion,Control,5
430,2025-04-07,intervencion,Control,6
430,2025-04-08,intervencion,Control,4
430,2025-04-09,intervencion,Control,5
430,2025-04-10,intervencion,Control,4
430,2025-04-11,intervencion,Control,5
430,2025-04-14,intervencion,Control,5
430,2025-04-15,intervencion,Control,5
430,2025-04-16,intervencion,Control,6
430,2025-04-17,intervencion,Control,5
430,2025-04-18,intervencion,Control,4
430,2025-04-21,intervencion,Control,3
430,2025-04-22,intervencion,Control,5
430,2025-04-23,intervencion,Control,6
430,2025-04-24,intervencion,Control,5
430,2025-04-25,intervencion,Control,3
431,2025-03-03,baseline,Tratamiento,6
431,2025-03-04,baseline,Tratamiento,5
431,2025-03-05,baseline,Tratamiento,5
431,2025-03-06,baseline,Tratamiento,4
431,2025-03-07,baseline,Tratamiento,5
431,2025-03-10,baseline,Tratamiento,5
431,2025-03-11,baseline,Tratamiento,5
431,2025-03-12,baseline,Tratamiento,4
431,2025-03-13,baseline,Tratamiento,5
431,2025-03-14,baseline,Tratamiento,4
431,2025-03-17,baseline,Tratamiento,6
431,2025-03-18,baseline,Tratamiento,5
431,2025-03-19,baseline,Tratamiento,4
431,2025-03-20,baseline,Tratamiento,4
431,2025-03-21,baseline,Tratamiento,5
431,2025-03-24,baseline,Tratamiento,4
431,2025-03-25,baseline,Tratamiento,4
431,2025-03-26,baseline,Tratamiento,4
431,2025-03-27,baseline,Tratamiento,4
431,2025-03-28,baseline,Tratamiento,5
431,2025-03-31,intervencion,Tratamiento,5
431,2025-04-01,intervencion,Tratamiento,7
431,2025-04-02,intervencion,Tratamiento,5
431,2025-04-03,intervencion,Tratamiento,4
431,2025-04-04,intervencion,Tratamiento,4
431,2025-04-07,intervencion,Tratamiento,5
431,2025-04-08,intervencion,Tratamiento,5
431,2025-04-09,intervencion,Tratamiento,6
431,2025-04-10,intervencion,Tratamiento,5
431,2025-04-11,intervencion,Tratamiento,3
431,2025-04-14,intervencion,Tratamiento,4
431,2025-04-15,intervencion,Tratamiento,4
431,2025-04-16,intervencion,Tratamiento,5
431,2025-04-17,intervencion,Tratamiento,4
431,2025-04-18,intervencion,Tratamiento,5
431,2025-04-21,intervencion,Tratamiento,4
431,2025-04-22,intervencion,Tratamiento,5
431,2025-04-23,intervencion,Tratamiento,5
431,2025-04-24,intervencion,Tratamiento,6
431,2025-04-25,intervencion,Tratamiento,5
432,2025-03-03,baseline,Control,4
432,2025-03-04,baseline,Control,6
432,2025-03-05,baseline,Control,4
432,2025-03-06,baseline,Control,5
432,2025-03-07,baseline,Control,4
432,2025-03-10,baseline,Control,5
432,2025-03-11,baseline,Control,4
432,2025-03-12,baseline,Control,5
432,2025-03-13,baseline,Control,5
432,2025-03-14,baseline,Control,4
432,2025-03-17,baseline,Control,4
432,2025-03-18,baseline,Control,5
432,2025-03-19,baseline,Control,4
432,2025-03-20,baseline,Control,3
432,2025-03-21,baseline,Control,5
432,2025-03-24,baseline,Control,5
432,2025-03-25,baseline,Control,4
432,2025-03-26,baseline,Control,5
432,2025-03-27,baseline,Control,5
432,2025-03-28,baseline,Control,4
432,2025-03-31,intervencion,Control,4
432,2025-04-01,intervencion,Control,4
432,2025-04-02,intervencion,Control,5
432,2025-04-03,intervencion,Control,5
432,2025-04-04,intervencion,Control,4
432,2025-04-07,intervencion,Control,4
432,2025-04-08,intervencion,Control,5
432,2025-04-09,intervencion,Control,4
432,2025-04-10,intervencion,Control,5
432,2025-04-11,intervencion,Control,5
432,2025-04-14,intervencion,Control,4
432,2025-04-15,intervencion,Control,5
432,2025-04-16,intervencion,Control,5
432,2025-04-17,intervencion,Control,5
432,2025-04-18,intervencion,Control,3
432,2025-04-21,intervencion,Control,4
432,2025-04-22,intervencion,Control,4
432,2025-04-23,intervencion,Control,4
432,2025-04-24,intervencion,Control,5
432,2025-04-25,intervencion,Control,5
433,2025-03-03,baseline,Control,5
433,2025-03-04,baseline,Control,4
433,2025-03-05,baseline,Control,5
433,2025-03-06,baseline,Control,6
433,2025-03-07,baseline,Control,4
433,2025-03-10,baseline,Control,4
433,2025-03-11,baseline,Control,4
433,2025-03-12,baseline,Control,5
433,2025-03-13,baseline,Control,4
433,2025-03-14,baseline,Control,3
433,2025-03-17,baseline,Control,3
433,2025-03-18,baseline,Control,6
433,2025-03-19,baseline,Control,6
433,2025-03-20,baseline,Control,6
433,2025-03-21,baseline,Control,5
433,2025-03-24,baseline,Control,4
433,2025-03-25,baseline,Control,4
433,2025-03-26,baseline,Control,3
433,2025-03-27,baseline,Control,3
433,2025-03-28,baseline,Control,5
433,2025-03-31,intervencion,Control,5
433,2025-04-01,intervencion,Control,6
433,2025-04-02,intervencion,Control,5
433,2025-04-03,intervencion,Control,3
433,2025-04-04,intervencion,Control,4
433,2025-04-07,intervencion,Control,4
433,2025-04-08,intervencion,Control,4
433,2025-04-09,intervencion,Control,5
433,2025-04-10,intervencion,Control,4
433,2025-04-11,intervencion,Control,5
433,2025-04-14,intervencion,Control,5
433,2025-04-15,intervencion,Control,6
433,2025-04-16,intervencion,Control,5
433,2025-04-17,intervencion,Control,6
433,2025-04-18,intervencion,Control,4
433,2025-04-21,intervencion,Control,4
433,2025-04-22,intervencion,Control,6
433,2025-04-23,intervencion,Control,3
433,2025-04-24,intervencion,Control,4
433,2025-04-25,intervencion,Control,6
434,2025-03-03,baseline,Tratamiento,4
434,2025-03-04,baseline,Tratamiento,4
434,2025-03-05,baseline,Tratamiento,4
434,2025-03-06,baseline,Tratamiento,5
434,2025-03-07,baseline,Tratamiento,6
434,2025-03-10,baseline,Tratamiento,5
434,2025-03-11,baseline,Tratamiento,5
434,2025-03-12,baseline,Tratamiento,6
434,2025-03-13,baseline,Tratamiento,5
434,2025-03-14,baseline,Tratamiento,5
434,2025-03-17,baseline,Tratamiento,4
434,2025-03-18,baseline,Tratamiento,6
434,2025-03-19,baseline,Tratamiento,5
434,2025-03-20,baseline,Tratamiento,2
434,2025-03-21,baseline,Tratamiento,6
434,2025-03-24,baseline,Tratamiento,5
434,2025-03-25,baseline,Tratamiento,4
434,2025-03-26,baseline,Tratamiento,4
434,2025-03-27,baseline,Tratamiento,5
434,2025-03-28,baseline,Tratamiento,4
434,2025-03-31,intervencion,Tratamiento,4
434,2025-04-01,intervencion,Tratamiento,4
434,2025-04-02,intervencion,Tratamiento,5
434,2025-04-03,intervencion,Tratamiento,4
434,2025-04-04,intervencion,Tratamiento,6
434,2025-04-07,intervencion,Tratamiento,5
434,2025-04-08,intervencion,Tratamiento,5
434,2025-04-09,intervencion,Tratamiento,5
434,2025-04-10,intervencion,Tratamiento,5
434,2025-04-11,intervencion,Tratamiento,4
434,2025-04-14,intervencion,Tratamiento,7
434,2025-04-15,intervencion,Tratamiento,6
434,2025-04-16,intervencion,Tratamiento,6
434,2025-04-17,intervencion,Tratamiento,6
434,2025-04-18,intervencion,Tratamiento,5
434,2025-04-21,intervencion,Tratamiento,3
434,2025-04-22,intervencion,Tratamiento,4
434,2025-04-23,intervencion,Tratamiento,6
434,2025-04-24,intervencion,Tratamiento,5
434,2025-04-25,intervencion,Tratamiento,5
435,2025-03-03,baseline,Tratamiento,2
435,2025-03-04,baseline,Tratamiento,5
435,2025-03-05,baseline,Tratamiento,4
435,2025-03-06,baseline,Tratamiento,4
435,2025-03-07,baseline,Tratamiento,5
435,2025-03-10,baseline,Tratamiento,4
435,2025-03-11,baseline,Tratamiento,4
435,2025-03-12,baseline,Tratamiento,5
435,2025-03-13,baseline,Tratamiento,5
435,2025-03-14,baseline,Tratamiento,4
435,2025-03-17,baseline,Tratamiento,6
435,2025-03-18,baseline,Tratamiento,3
435,2025-03-19,baseline,Tratamiento,3
435,2025-03-20,baseline,Tratamiento,3
435,2025-03-21,baseline,Tratamiento,3
435,2025-03-24,baseline,Tratamiento,5
435,2025-03-25,baseline,Tratamiento,4
435,2025-03-26,baseline,Tratamiento,3
435,2025-03-27,baseline,Tratamiento,5
435,2025-03-28,baseline,Tratamiento,5
435,2025-03-31,intervencion,Tratamiento,6
435,2025-04-01,intervencion,Tratamiento,6
435,2025-04-02,intervencion,Tratamiento,4
435,2025-04-03,intervencion,Tratamiento,5
435,2025-04-04,intervencion,Tratamiento,5
435,2025-04-07,intervencion,Tratamiento,5
435,2025-04-08,intervencion,Tratamiento,5
435,2025-04-09,intervencion,Tratamiento,4
435,2025-04-10,intervencion,Tratamiento,4
435,2025-04-11,intervencion,Tratamiento,5
435,2025-04-14,intervencion,Tratamiento,6
435,2025-04-15,intervencion,Tratamiento,6
435,2025-04-16,intervencion,Tratamiento,6
435,2025-04-17,intervencion,Tratamiento,5
435,2025-04-18,intervencion,Tratamiento,5
435,2025-04-21,intervencion,Tratamiento,4
435,2025-04-22,intervencion,Tratamiento,4
435,2025-04-23,intervencion,Tratamiento,4
435,2025-04-24,intervencion,Tratamiento,5
435,2025-04-25,intervencion,Tratamiento,6
436,2025-03-03,baseline,Tratamiento,5
436,2025-03-04,baseline,Tratamiento,6
436,2025-03-05,baseline,Tratamiento,5
436,2025-03-06,baseline,Tratamiento,4
436,2025-03-07,baseline,Tratamiento,5
436,2025-03-10,baseline,Tratamiento,4
436,2025-03-11,baseline,Tratamiento,5
436,2025-03-12,baseline,Tratamiento,4
436,2025-03-13,baseline,Tratamiento,5
436,2025-03-14,baseline,Tratamiento,5
436,2025-03-17,baseline,Tratamiento,4
436,2025-03-18,baseline,Tratamiento,5
436,2025-03-19,baseline,Tratamiento,3
436,2025-03-20,baseline,Tratamiento,5
436,2025-03-21,baseline,Tratamiento,5
436,2025-03-24,baseline,Tratamiento,5
436,2025-03-25,baseline,Tratamiento,3
436,2025-03-26,baseline,Tratamiento,3
436,2025-03-27,baseline,Tratamiento,5
436,2025-03-28,baseline,Tratamiento,4
436,2025-03-31,intervencion,Tratamiento,5
436,2025-04-01,intervencion,Tratamiento,4
436,2025-04-02,intervencion,Tratamiento,6
436,2025-04-03,intervencion,Tratamiento,5
436,2025-04-04,intervencion,Tratamiento,5
436,2025-04-07,intervencion,Tratamiento,4
436,2025-04-08,intervencion,Tratamiento,5
436,2025-04-09,intervencion,Tratamiento,4
436,2025-04-10,intervencion,Tratamiento,4
436,2025-04-11,intervencion,Tratamiento,4
436,2025-04-14,intervencion,Tratamiento,5
436,2025-04-15,intervencion,Tratamiento,6
436,2025-04-16,intervencion,Tratamiento,5
436,2025-04-17,intervencion,Tratamiento,5
436,2025-04-18,intervencion,Tratamiento,5
436,2025-04-21,intervencion,Tratamiento,5
436,2025-04-22,intervencion,Tratamiento,5
436,2025-04-23,intervencion,Tratamiento,5
436,2025-04-24,intervencion,Tratamiento,4
436,2025-04-25,intervencion,Tratamiento,5
437,2025-03-03,baseline,Tratamiento,3
437,2025-03-04,baseline,Tratamiento,5
437,2025-03-05,baseline,Tratamiento,4
437,2025-03-06,baseline,Tratamiento,6
437,2025-03-07,baseline,Tratamiento,2
437,2025-03-10,baseline,Tratamiento,6
437,2025-03-11,baseline,Tratamiento,3
437,2025-03-12,baseline,Tratamiento,4
437,2025-03-13,baseline,Tratamiento,5
437,2025-03-14,baseline,Tratamiento,5
437,2025-03-17,baseline,Tratamiento,4
437,2025-03-18,baseline,Tratamiento,5
437,2025-03-19,baseline,Tratamiento,4
437,2025-03-20,baseline,Tratamiento,4
437,2025-03-21,baseline,Tratamiento,4
437,2025-03-24,baseline,Tratamiento,4
437,2025-03-25,baseline,Tratamiento,3
437,2025-03-26,baseline,Tratamiento,5
437,2025-03-27,baseline,Tratamiento,4
437,2025-03-28,baseline,Tratamiento,6
437,2025-03-31,intervencion,Tratamiento,4
437,2025-04-01,intervencion,Tratamiento,4
437,2025-04-02,intervencion,Tratamiento,6
437,2025-04-03,intervencion,Tratamiento,5
437,2025-04-04,intervencion,Tratamiento,5
437,2025-04-07,intervencion,Tratamiento,5
437,2025-04-08,intervencion,Tratamiento,5
437,2025-04-09,intervencion,Tratamiento,7
437,2025-04-10,intervencion,Tratamiento,5
437,2025-04-11,intervencion,Tratamiento,4
437,2025-04-14,intervencion,Tratamiento,6
437,2025-04-15,intervencion,Tratamiento,4
437,2025-04-16,intervencion,Tratamiento,5
437,2025-04-17,intervencion,Tratamiento,5
437,2025-04-18,intervencion,Tratamiento,4
437,2025-04-21,intervencion,Tratamiento,4
437,2025-04-22,intervencion,Tratamiento,5
437,2025-04-23,intervencion,Tratamiento,4
437,2025-04-24,intervencion,Tratamiento,6
437,2025-04-25,intervencion,Tratamiento,4
438,2025-03-03,baseline,Control,4
438,2025-03-04,baseline,Control,6
438,2025-03-05,baseline,Control,3
438,2025-03-06,baseline,Control,5
438,2025-03-07,baseline,Control,6
438,2025-03-10,baseline,Control,5
438,2025-03-11,baseline,Control,6
438,2025-03-12,baseline,Control,5
438,2025-03-13,baseline,Control,5
438,2025-03-14,baseline,Control,4
438,2025-03-17,baseline,Control,3
438,2025-03-18,baseline,Control,4
438,2025-03-19,baseline,Control,5
438,2025-03-20,baseline,Control,5
438,2025-03-21,baseline,Control,7
438,2025-03-24,baseline,Control,5
438,2025-03-25,baseline,Control,5
438,2025-03-26,baseline,Control,6
438,2025-03-27,baseline,Control,5
438,2025-03-28,baseline,Control,5
438,2025-03-31,intervencion,Control,5
438,2025-04-01,intervencion,Control,4
438,2025-04-02,intervencion,Control,5
438,2025-04-03,intervencion,Control,4
438,2025-04-04,intervencion,Control,5
438,2025-04-07,intervencion,Control,4
438,2025-04-08,intervencion,Control,5
438,2025-04-09,intervencion,Control,6
438,2025-04-10,intervencion,Control,4
438,2025-04-11,intervencion,Control,6
438,2025-04-14,intervencion,Control,5
438,2025-04-15,intervencion,Control,5
438,2025-04-16,intervencion,Control,5
438,2025-04-17,intervencion,Control,4
438,2025-04-18,intervencion,Control,3
438,2025-04-21,intervencion,Control,5
438,2025-04-22,intervencion,Control,7
438,2025-04-23,intervencion,Control,5
438,2025-04-24,intervencion,Control,5
438,2025-04-25,intervencion,Control,4
439,2025-03-03,baseline,Tratamiento,6
439,2025-03-04,baseline,Tratamiento,5
439,2025-03-05,baseline,Tratamiento,5
439,2025-03-06,baseline,Tratamiento,3
439,2025-03-07,baseline,Tratamiento,4
439,2025-03-10,baseline,Tratamiento,5
439,2025-03-11,baseline,Tratamiento,5
439,2025-03-12,baseline,Tratamiento,5
439,2025-03-13,baseline,Tratamiento,3
439,2025-03-14,baseline,Tratamiento,3
439,2025-03-17,baseline,Tratamiento,5
439,2025-03-18,baseline,Tratamiento,4
439,2025-03-19,baseline,Tratamiento,5
439,2025-03-20,baseline,Tratamiento,3
439,2025-03-21,baseline,Tratamiento,5
439,2025-03-24,baseline,Tratamiento,5
439,2025-03-25,baseline,Tratamiento,5
439,2025-03-26,baseline,Tratamiento,4
439,2025-03-27,baseline,Tratamiento,3
439,2025-03-28,baseline,Tratamiento,5
439,2025-03-31,intervencion,Tratamiento,5
439,2025-04-01,intervencion,Tratamiento,6
439,2025-04-02,intervencion,Tratamiento,5
439,2025-04-03,intervencion,Tratamiento,6
439,2025-04-04,intervencion,Tratamiento,5
439,2025-04-07,intervencion,Tratamiento,6
439,2025-04-08,intervencion,Tratamiento,5
439,2025-04-09,intervencion,Tratamiento,3
439,2025-04-10,intervencion,Tratamiento,5
439,2025-04-11,intervencion,Tratamiento,5
439,2025-04-14,intervencion,Tratamiento,5
439,2025-04-15,intervencion,Tratamiento,4
439,2025-04-16,intervencion,Tratamiento,5
439,2025-04-17,intervencion,Tratamiento,6
439,2025-04-18,intervencion,Tratamiento,5
439,2025-04-21,intervencion,Tratamiento,5
439,2025-04-22,intervencion,Tratamiento,7
439,2025-04-23,intervencion,Tratamiento,4
439,2025-04-24,intervencion,Tratamiento,6
439,2025-04-25,intervencion,Tratamiento,6
440,2025-03-03,baseline,Tratamiento,4
440,2025-03-04,baseline,Tratamiento,5
440,2025-03-05,baseline,Tratamiento,5
440,2025-03-06,baseline,Tratamiento,5
440,2025-03-07,baseline,Tratamiento,4
440,2025-03-10,baseline,Tratamiento,4
440,2025-03-11,baseline,Tratamiento,4
440,2025-03-12,baseline,Tratamiento,4
440,2025-03-13,baseline,Tratamiento,4
440,2025-03-14,baseline,Tratamiento,3
440,2025-03-17,baseline,Tratamiento,5
440,2025-03-18,baseline,Tratamiento,4
440,2025-03-19,baseline,Tratamiento,3
440,2025-03-20,baseline,Tratamiento,4
440,2025-03-21,baseline,Tratamiento,4
440,2025-03-24,baseline,Tratamiento,6
440,2025-03-25,baseline,Tratamiento,4
440,2025-03-26,baseline,Tratamiento,5
440,2025-03-27,baseline,Tratamiento,6
440,2025-03-28,baseline,Tratamiento,4
440,2025-03-31,intervencion,Tratamiento,5
440,2025-04-01,intervencion,Tratamiento,7
440,2025-04-02,intervencion,Tratamiento,5
440,2025-04-03,intervencion,Tratamiento,5
440,2025-04-04,intervencion,Tratamiento,5
440,2025-04-07,intervencion,Tratamiento,6
440,2025-04-08,intervencion,Tratamiento,5
440,2025-04-09,intervencion,Tratamiento,3
440,2025-04-10,intervencion,Tratamiento,5
440,2025-04-11,intervencion,Tratamiento,4
440,2025-04-14,intervencion,Tratamiento,5
440,2025-04-15,intervencion,Tratamiento,4
440,2025-04-16,intervencion,Tratamiento,5
440,2025-04-17,intervencion,Tratamiento,5
440,2025-04-18,intervencion,Tratamiento,4
440,2025-04-21,intervencion,Tratamiento,5
440,2025-04-22,intervencion,Tratamiento,6
440,2025-04-23,intervencion,Tratamiento,6
440,2025-04-24,intervencion,Tratamiento,4
440,2025-04-25,intervencion,Tratamiento,4
441,2025-03-03,baseline,Control,6
441,2025-03-04,baseline,Control,5
441,2025-03-05,baseline,Control,5
441,2025-03-06,baseline,Control,4
441,2025-03-07,baseline,Control,5
441,2025-03-10,baseline,Control,6
441,2025-03-11,baseline,Control,5
441,2025-03-12,baseline,Control,6
441,2025-03-13,baseline,Control,5
441,2025-03-14,baseline,Control,4
441,2025-03-17,baseline,Control,4
441,2025-03-18,baseline,Control,4
441,2025-03-19,baseline,Control,5
441,2025-03-20,baseline,Control,6
441,2025-03-21,baseline,Control,5
441,2025-03-24,baseline,Control,4
441,2025-03-25,baseline,Control,4
441,2025-03-26,baseline,Control,5
441,2025-03-27,baseline,Control,3
441,2025-03-28,baseline,Control,4
441,2025-03-31,intervencion,Control,5
441,2025-04-01,intervencion,Control,4
441,2025-04-02,intervencion,Control,4
441,2025-04-03,intervencion,Control,4
441,2025-04-04,intervencion,Control,5
441,2025-04-07,intervencion,Control,5
441,2025-04-08,intervencion,Control,4
441,2025-04-09,intervencion,Control,4
441,2025-04-10,intervencion,Control,4
441,2025-04-11,intervencion,Control,5
441,2025-04-14,intervencion,Control,5
441,2025-04-15,intervencion,Control,4
441,2025-04-16,intervencion,Control,5
441,2025-04-17,intervencion,Control,5
441,2025-04-18,intervencion,Control,4
441,2025-04-21,intervencion,Control,6
441,2025-04-22,intervencion,Control,4
441,2025-04-23,intervencion,Control,5
441,2025-04-24,intervencion,Control,3
441,2025-04-25,intervencion,Control,4
442,2025-03-03,baseline,Control,4
442,2025-03-04,baseline,Control,4
442,2025-03-05,baseline,Control,7
442,2025-03-06,baseline,Control,5
442,2025-03-07,baseline,Control,6
442,2025-03-10,baseline,Control,5
442,2025-03-11,baseline,Control,5
442,2025-03-12,baseline,Control,4
442,2025-03-13,baseline,Control,6
442,2025-03-14,baseline,Control,5
442,2025-03-17,baseline,Control,5
442,2025-03-18,baseline,Control,5
442,2025-03-19,baseline,Control,4
442,2025-03-20,baseline,Control,5
442,2025-03-21,baseline,Control,5
442,2025-03-24,baseline,Control,5
442,2025-03-25,baseline,Control,6
442,2025-03-26,baseline,Control,4
442,2025-03-27,baseline,Control,6
442,2025-03-28,baseline,Control,4
442,2025-03-31,intervencion,Control,6
442,2025-04-01,intervencion,Control,4
442,2025-04-02,intervencion,Control,5
442,2025-04-03,intervencion,Control,4
442,2025-04-04,intervencion,Control,3
442,2025-04-07,intervencion,Control,6
442,2025-04-08,intervencion,Control,4
442,2025-04-09,intervencion,Control,5
442,2025-04-10,intervencion,Control,4
442,2025-04-11,intervencion,Control,3
442,2025-04-14,intervencion,Control,4
442,2025-04-15,intervencion,Control,4
442,2025-04-16,intervencion,Control,4
442,2025-04-17,intervencion,Control,5
442,2025-04-18,intervencion,Control,3
442,2025-04-21,intervencion,Control,5
442,2025-04-22,intervencion,Control,4
442,2025-04-23,intervencion,Control,2
442,2025-04-24,intervencion,Control,4
442,2025-04-25,intervencion,Control,5
443,2025-03-03,baseline,Tratamiento,4
443,2025-03-04,baseline,Tratamiento,5
443,2025-03-05,baseline,Tratamiento,5
443,2025-03-06,baseline,Tratamiento,4
443,2025-03-07,baseline,Tratamiento,5
443,2025-03-10,baseline,Tratamiento,5
443,2025-03-11,baseline,Tratamiento,4
443,2025-03-12,baseline,Tratamiento,4
443,2025-03-13,baseline,Tratamiento,6
443,2025-03-14,baseline,Tratamiento,4
443,2025-03-17,baseline,Tratamiento,5
443,2025-03-18,baseline,Tratamiento,4
443,2025-03-19,baseline,Tratamiento,4
443,2025-03-20,baseline,Tratamiento,5
443,2025-03-21,baseline,Tratamiento,2
443,2025-03-24,baseline,Tratamiento,4
443,2025-03-25,baseline,Tratamiento,5
443,2025-03-26,baseline,Tratamiento,5
443,2025-03-27,baseline,Tratamiento,4
443,2025-03-28,baseline,Tratamiento,4
443,2025-03-31,intervencion,Tratamiento,6
443,2025-04-01,intervencion,Tratamiento,5
443,2025-04-02,intervencion,Tratamiento,5
443,2025-04-03,intervencion,Tratamiento,5
443,2025-04-04,intervencion,Tratamiento,5
443,2025-04-07,intervencion,Tratamiento,6
443,2025-04-08,intervencion,Tratamiento,4
443,2025-04-09,intervencion,Tratamiento,6
443,2025-04-10,intervencion,Tratamiento,6
443,2025-04-11,intervencion,Tratamiento,6
443,2025-04-14,intervencion,Tratamiento,5
443,2025-04-15,intervencion,Tratamiento,7
443,2025-04-16,intervencion,Tratamiento,5
443,2025-04-17,intervencion,Tratamiento,5
443,2025-04-18,intervencion,Tratamiento,5
443,2025-04-21,intervencion,Tratamiento,4
443,2025-04-22,intervencion,Tratamiento,6
443,2025-04-23,intervencion,Tratamiento,4
443,2025-04-24,intervencion,Tratamiento,6
443,2025-04-25,intervencion,Tratamiento,6
444,2025-03-03,baseline,Tratamiento,5
444,2025-03-04,baseline,Tratamiento,4
444,2025-03-05,baseline,Tratamiento,4
444,2025-03-06,baseline,Tratamiento,2
444,2025-03-07,baseline,Tratamiento,4
444,2025-03-10,baseline,Tratamiento,5
444,2025-03-11,baseline,Tratamiento,4
444,2025-03-12,baseline,Tratamiento,4
444,2025-03-13,baseline,Tratamiento,4
444,2025-03-14,baseline,Tratamiento,6
444,2025-03-17,baseline,Tratamiento,5
444,2025-03-18,baseline,Tratamiento,6
444,2025-03-19,baseline,Tratamiento,4
444,2025-03-20,baseline,Tratamiento,5
444,2025-03-21,baseline,Tratamiento,4
444,2025-03-24,baseline,Tratamiento,6
444,2025-03-25,baseline,Tratamiento,5
444,2025-03-26,baseline,Tratamiento,7
444,2025-03-27,baseline,Tratamiento,4
444,2025-03-28,baseline,Tratamiento,6
444,2025-03-31,intervencion,Tratamiento,5
444,2025-04-01,intervencion,Tratamiento,6
444,2025-04-02,intervencion,Tratamiento,4
444,2025-04-03,intervencion,Tratamiento,5
444,2025-04-04,intervencion,Tratamiento,4
444,2025-04-07,intervencion,Tratamiento,5
444,2025-04-08,intervencion,Tratamiento,4
444,2025-04-09,intervencion,Tratamiento,5
444,2025-04-10,intervencion,Tratamiento,6
444,2025-04-11,intervencion,Tratamiento,5
444,2025-04-14,intervencion,Tratamiento,4
444,2025-04-15,intervencion,Tratamiento,3
444,2025-04-16,intervencion,Tratamiento,5
444,2025-04-17,intervencion,Tratamiento,6
444,2025-04-18,intervencion,Tratamiento,4
444,2025-04-21,intervencion,Tratamiento,7
444,2025-04-22,intervencion,Tratamiento,5
444,2025-04-23,intervencion,Tratamiento,3
444,2025-04-24,intervencion,Tratamiento,4
444,2025-04-25,intervencion,Tratamiento,6
445,2025-03-03,baseline,Tratamiento,5
445,2025-03-04,baseline,Tratamiento,6
445,2025-03-05,baseline,Tratamiento,4
445,2025-03-06,baseline,Tratamiento,5
445,2025-03-07,baseline,Tratamiento,5
445,2025-03-10,baseline,Tratamiento,4
445,2025-03-11,baseline,Tratamiento,4
445,2025-03-12,baseline,Tratamiento,4
445,2025-03-13,baseline,Tratamiento,5
445,2025-03-14,baseline,Tratamiento,5
445,2025-03-17,baseline,Tratamiento,5
445,2025-03-18,baseline,Tratamiento,6
445,2025-03-19,baseline,Tratamiento,4
445,2025-03-20,baseline,Tratamiento,3
445,2025-03-21,baseline,Tratamiento,6
445,2025-03-24,baseline,Tratamiento,4
445,2025-03-25,baseline,Tratamiento,4
445,2025-03-26,baseline,Tratamiento,4
445,2025-03-27,baseline,Tratamiento,4
445,2025-03-28,baseline,Tratamiento,3
445,2025-03-31,intervencion,Tratamiento,4
445,2025-04-01,intervencion,Tratamiento,6
445,2025-04-02,intervencion,Tratamiento,5
445,2025-04-03,intervencion,Tratamiento,5
445,2025-04-04,intervencion,Tratamiento,5
445,2025-04-07,intervencion,Tratamiento,6
445,2025-04-08,intervencion,Tratamiento,4
445,2025-04-09,intervencion,Tratamiento,3
445,2025-04-10,intervencion,Tratamiento,5
445,2025-04-11,intervencion,Tratamiento,6
445,2025-04-14,intervencion,Tratamiento,4
445,2025-04-15,intervencion,Tratamiento,6
445,2025-04-16,intervencion,Tratamiento,4
445,2025-04-17,intervencion,Tratamiento,6
445,2025-04-18,intervencion,Tratamiento,7
445,2025-04-21,intervencion,Tratamiento,5
445,2025-04-22,intervencion,Tratamiento,5
445,2025-04-23,intervencion,Tratamiento,5
445,2025-04-24,intervencion,Tratamiento,6
445,2025-04-25,intervencion,Tratamiento,5
446,2025-03-03,baseline,Tratamiento,7
446,2025-03-04,baseline,Tratamiento,5
446,2025-03-05,baseline,Tratamiento,4
446,2025-03-06,baseline,Tratamiento,4
446,2025-03-07,baseline,Tratamiento,5
446,2025-03-10,baseline,Tratamiento,3
446,2025-03-11,baseline,Tratamiento,4
446,2025-03-12,baseline,Tratamiento,4
446,2025-03-13,baseline,Tratamiento,5
446,2025-03-14,baseline,Tratamiento,6
446,2025-03-17,baseline,Tratamiento,5
446,2025-03-18,baseline,Tratamiento,3
446,2025-03-19,baseline,Tratamiento,4
446,2025-03-20,baseline,Tratamiento,5
446,2025-03-21,baseline,Tratamiento,5
446,2025-03-24,baseline,Tratamiento,6
446,2025-03-25,baseline,Tratamiento,5
446,2025-03-26,baseline,Tratamiento,5
446,2025-03-27,baseline,Tratamiento,4
446,2025-03-28,baseline,Tratamiento,6
446,2025-03-31,intervencion,Tratamiento,4
446,2025-04-01,intervencion,Tratamiento,6
446,2025-04-02,intervencion,Tratamiento,5
446,2025-04-03,intervencion,Tratamiento,4
446,2025-04-04,intervencion,Tratamiento,5
446,2025-04-07,intervencion,Tratamiento,6
446,2025-04-08,intervencion,Tratamiento,5
446,2025-04-09,intervencion,Tratamiento,6
446,2025-04-10,intervencion,Tratamiento,3
446,2025-04-11,intervencion,Tratamiento,4
446,2025-04-14,intervencion,Tratamiento,5
446,2025-04-15,intervencion,Tratamiento,5
446,2025-04-16,intervencion,Tratamiento,4
446,2025-04-17,intervencion,Tratamiento,5
446,2025-04-18,intervencion,Tratamiento,4
446,2025-04-21,intervencion,Tratamiento,5
446,2025-04-22,intervencion,Tratamiento,5
446,2025-04-23,intervencion,Tratamiento,4
446,2025-04-24,intervencion,Tratamiento,5
446,2025-04-25,intervencion,Tratamiento,4
447,2025-03-03,baseline,Control,4
447,2025-03-04,baseline,Control,5
447,2025-03-05,baseline,Control,6
447,2025-03-06,baseline,Control,6
447,2025-03-07,baseline,Control,5
447,2025-03-10,baseline,Control,4
447,2025-03-11,baseline,Control,4
447,2025-03-12,baseline,Control,6
447,2025-03-13,baseline,Control,3
447,2025-03-14,baseline,Control,4
447,2025-03-17,baseline,Control,5
447,2025-03-18,baseline,Control,4
447,2025-03-19,baseline,Control,5
447,2025-03-20,baseline,Control,5
447,2025-03-21,baseline,Control,3
447,2025-03-24,baseline,Control,5
447,2025-03-25,baseline,Control,4
447,2025-03-26,baseline,Control,5
447,2025-03-27,baseline,Control,5
447,2025-03-28,baseline,Control,5
447,2025-03-31,intervencion,Control,5
447,2025-04-01,intervencion,Control,5
447,2025-04-02,intervencion,Control,4
447,2025-04-03,intervencion,Control,5
447,2025-04-04,intervencion,Control,4
447,2025-04-07,intervencion,Control,6
447,2025-04-08,intervencion,Control,5
447,2025-04-09,intervencion,Control,5
447,2025-04-10,intervencion,Control,6
447,2025-04-11,intervencion,Control,4
447,2025-04-14,intervencion,Control,4
447,2025-04-15,intervencion,Control,4
447,2025-04-16,intervencion,Control,3
447,2025-04-17,intervencion,Control,3
447,2025-04-18,intervencion,Control,5
447,2025-04-21,intervencion,Control,3
447,2025-04-22,intervencion,Control,4
447,2025-04-23,intervencion,Control,5
447,2025-04-24,intervencion,Control,4
447,2025-04-25,intervencion,Control,5
448,2025-03-03,baseline,Control,5
448,2025-03-04,baseline,Control,4
448,2025-03-05,baseline,Control,5
448,2025-03-06,baseline,Control,5
448,2025-03-07,baseline,Control,3
448,2025-03-10,baseline,Control,5
448,2025-03-11,baseline,Control,4
448,2025-03-12,baseline,Control,4
448,2025-03-13,baseline,Control,6
448,2025-03-14,baseline,Control,5
448,2025-03-17,baseline,Control,4
448,2025-03-18,baseline,Control,5
448,2025-03-19,baseline,Control,5
448,2025-03-20,baseline,Control,4
448,2025-03-21,baseline,Control,4
448,2025-03-24,baseline,Control,5
448,2025-03-25,baseline,Control,3
448,2025-03-26,baseline,Control,5
448,2025-03-27,baseline,Control,3
448,2025-03-28,baseline,Control,4
448,2025-03-31,intervencion,Control,3
448,2025-04-01,intervencion,Control,4
448,2025-04-02,intervencion,Control,6
448,2025-04-03,intervencion,Control,6
448,2025-04-04,intervencion,Control,6
448,2025-04-07,intervencion,Control,3
448,2025-04-08,intervencion,Control,4
448,2025-04-09,intervencion,Control,5
448,2025-04-10,intervencion,Control,5
448,2025-04-11,intervencion,Control,4
448,2025-04-14,intervencion,Control,4
448,2025-04-15,intervencion,Control,4
448,2025-04-16,intervencion,Control,6
448,2025-04-17,intervencion,Control,4
448,2025-04-18,intervencion,Control,5
448,2025-04-21,intervencion,Control,5
448,2025-04-22,intervencion,Control,6
448,2025-04-23,intervencion,Control,4
448,2025-04-24,intervencion,Control,6
448,2025-04-25,intervencion,Control,3
449,2025-03-03,baseline,Tratamiento,6
449,2025-03-04,baseline,Tratamiento,3
449,2025-03-05,baseline,Tratamiento,5
449,2025-03-06,baseline,Tratamiento,6
449,2025-03-07,baseline,Tratamiento,5
449,2025-03-10,baseline,Tratamiento,5
449,2025-03-11,baseline,Tratamiento,4
449,2025-03-12,baseline,Tratamiento,4
449,2025-03-13,baseline,Tratamiento,6
449,2025-03-14,baseline,Tratamiento,5
449,2025-03-17,baseline,Tratamiento,5
449,2025-03-18,baseline,Tratamiento,5
449,2025-03-19,baseline,Tratamiento,4
449,2025-03-20,baseline,Tratamiento,5
449,2025-03-21,baseline,Tratamiento,5
449,2025-03-24,baseline,Tratamiento,4
449,2025-03-25,baseline,Tratamiento,3
449,2025-03-26,baseline,Tratamiento,5
449,2025-03-27,baseline,Tratamiento,5
449,2025-03-28,baseline,Tratamiento,4
449,2025-03-31,intervencion,Tratamiento,6
449,2025-04-01,intervencion,Tratamiento,5
449,2025-04-02,intervencion,Tratamiento,5
449,2025-04-03,intervencion,Tratamiento,6
449,2025-04-04,intervencion,Tratamiento,6
449,2025-04-07,intervencion,Tratamiento,5
449,2025-04-08,intervencion,Tratamiento,5
449,2025-04-09,intervencion,Tratamiento,7
449,2025-04-10,intervencion,Tratamiento,4
449,2025-04-11,intervencion,Tratamiento,6
449,2025-04-14,intervencion,Tratamiento,5
449,2025-04-15,intervencion,Tratamiento,5
449,2025-04-16,intervencion,Tratamiento,6
449,2025-04-17,intervencion,Tratamiento,5
449,2025-04-18,intervencion,Tratamiento,5
449,2025-04-21,intervencion,Tratamiento,5
449,2025-04-22,intervencion,Tratamiento,4
449,2025-04-23,intervencion,Tratamiento,6
449,2025-04-24,intervencion,Tratamiento,6
449,2025-04-25,intervencion,Tratamiento,5
450,2025-03-03,baseline,Control,6
450,2025-03-04,baseline,Control,4
450,2025-03-05,baseline,Control,5
450,2025-03-06,baseline,Control,4
450,2025-03-07,baseline,Control,5
450,2025-03-10,baseline,Control,4
450,2025-03-11,baseline,Control,5
450,2025-03-12,baseline,Control,5
450,2025-03-13,baseline,Control,4
450,2025-03-14,baseline,Control,6
450,2025-03-17,baseline,Control,4
450,2025-03-18,baseline,Control,3
450,2025-03-19,baseline,Control,5
450,2025-03-20,baseline,Control,3
450,2025-03-21,baseline,Control,6
450,2025-03-24,baseline,Control,5
450,2025-03-25,baseline,Control,3
450,2025-03-26,baseline,Control,4
450,2025-03-27,baseline,Control,3
450,2025-03-28,baseline,Control,5
450,2025-03-31,intervencion,Control,3
450,2025-04-01,intervencion,Control,5
450,2025-04-02,intervencion,Control,4
450,2025-04-03,intervencion,Control,4
450,2025-04-04,intervencion,Control,5
450,2025-04-07,intervencion,Control,5
450,2025-04-08,intervencion,Control,6
450,2025-04-09,intervencion,Control,4
450,2025-04-10,intervencion,Control,5
450,2025-04-11,intervencion,Control,4
450,2025-04-14,intervencion,Control,5
450,2025-04-15,intervencion,Control,4
450,2025-04-16,intervencion,Control,4
450,2025-04-17,intervencion,Control,4
450,2025-04-18,intervencion,Control,5
450,2025-04-21,intervencion,Control,5
450,2025-04-22,intervencion,Control,5
450,2025-04-23,intervencion,Control,5
450,2025-04-24,intervencion,Control,4
450,2025-04-25,intervencion,Control,5
451,2025-03-03,baseline,Control,4
451,2025-03-04,baseline,Control,5
451,2025-03-05,baseline,Control,4
451,2025-03-06,baseline,Control,5
451,2025-03-07,baseline,Control,5
451,2025-03-10,baseline,Control,6
451,2025-03-11,baseline,Control,5
451,2025-03-12,baseline,Control,5
451,2025-03-13,baseline,Control,4
451,2025-03-14,baseline,Control,5
451,2025-03-17,baseline,Control,4
451,2025-03-18,baseline,Control,3
451,2025-03-19,baseline,Control,4
451,2025-03-20,baseline,Control,5
451,2025-03-21,baseline,Control,4
451,2025-03-24,baseline,Control,4
451,2025-03-25,baseline,Control,5
451,2025-03-26,baseline,Control,5
451,2025-03-27,baseline,Control,6
451,2025-03-28,baseline,Control,3
451,2025-03-31,intervencion,Control,6
451,2025-04-01,intervencion,Control,5
451,2025-04-02,intervencion,Control,5
451,2025-04-03,intervencion,Control,5
451,2025-04-04,intervencion,Control,3
451,2025-04-07,intervencion,Control,4
451,2025-04-08,intervencion,Control,4
451,2025-04-09,intervencion,Control,5
451,2025-04-10,intervencion,Control,3
451,2025-04-11,intervencion,Control,4
451,2025-04-14,intervencion,Control,5
451,2025-04-15,intervencion,Control,5
451,2025-04-16,intervencion,Control,5
451,2025-04-17,intervencion,Control,4
451,2025-04-18,intervencion,Control,3
451,2025-04-21,intervencion,Control,5
451,2025-04-22,intervencion,Control,6
451,2025-04-23,intervencion,Control,4
451,2025-04-24,intervencion,Control,4
451,2025-04-25,intervencion,Control,4
452,2025-03-03,baseline,Control,5
452,2025-03-04,baseline,Control,4
452,2025-03-05,baseline,Control,6
452,2025-03-06,baseline,Control,5
452,2025-03-07,baseline,Control,5
452,2025-03-10,baseline,Control,3
452,2025-03-11,baseline,Control,4
452,2025-03-12,baseline,Control,4
452,2025-03-13,baseline,Control,4
452,2025-03-14,baseline,Control,5
452,2025-03-17,baseline,Control,5
452,2025-03-18,baseline,Control,3
452,2025-03-19,baseline,Control,5
452,2025-03-20,baseline,Control,5
452,2025-03-21,baseline,Control,5
452,2025-03-24,baseline,Control,5
452,2025-03-25,baseline,Control,4
452,2025-03-26,baseline,Control,6
452,2025-03-27,baseline,Control,4
452,2025-03-28,baseline,Control,6
452,2025-03-31,intervencion,Control,4
452,2025-04-01,intervencion,Control,6
452,2025-04-02,intervencion,Control,4
452,2025-04-03,intervencion,Control,7
452,2025-04-04,intervencion,Control,4
452,2025-04-07,intervencion,Control,6
452,2025-04-08,intervencion,Control,4
452,2025-04-09,intervencion,Control,5
452,2025-04-10,intervencion,Control,5
452,2025-04-11,intervencion,Control,4
452,2025-04-14,intervencion,Control,2
452,2025-04-15,intervencion,Control,7
452,2025-04-16,intervencion,Control,5
452,2025-04-17,intervencion,Control,2
452,2025-04-18,intervencion,Control,5
452,2025-04-21,intervencion,Control,5
452,2025-04-22,intervencion,Control,4
452,2025-04-23,intervencion,Control,4
452,2025-04-24,intervencion,Control,5
452,2025-04-25,intervencion,Control,6
453,2025-03-03,baseline,Tratamiento,5
453,2025-03-04,baseline,Tratamiento,6
453,2025-03-05,baseline,Tratamiento,6
453,2025-03-06,baseline,Tratamiento,4
453,2025-03-07,baseline,Tratamiento,3
453,2025-03-10,baseline,Tratamiento,4
453,2025-03-11,baseline,Tratamiento,5
453,2025-03-12,baseline,Tratamiento,5
453,2025-03-13,baseline,Tratamiento,5
453,2025-03-14,baseline,Tratamiento,5
453,2025-03-17,baseline,Tratamiento,5
453,2025-03-18,baseline,Tratamiento,4
453,2025-03-19,baseline,Tratamiento,5
453,2025-03-20,baseline,Tratamiento,7
453,2025-03-21,baseline,Tratamiento,3
453,2025-03-24,baseline,Tratamiento,5
453,2025-03-25,baseline,Tratamiento,6
453,2025-03-26,baseline,Tratamiento,4
453,2025-03-27,baseline,Tratamiento,6
453,2025-03-28,baseline,Tratamiento,6
453,2025-03-31,intervencion,Tratamiento,4
453,2025-04-01,intervencion,Tratamiento,6
453,2025-04-02,intervencion,Tratamiento,5
453,2025-04-03,intervencion,Tratamiento,5
453,2025-04-04,intervencion,Tratamiento,5
453,2025-04-07,intervencion,Tratamiento,6
453,2025-04-08,intervencion,Tratamiento,5
453,2025-04-09,intervencion,Tratamiento,5
453,2025-04-10,intervencion,Tratamiento,5
453,2025-04-11,intervencion,Tratamiento,5
453,2025-04-14,intervencion,Tratamiento,4
453,2025-04-15,intervencion,Tratamiento,5
453,2025-04-16,intervencion,Tratamiento,5
453,2025-04-17,intervencion,Tratamiento,5
453,2025-04-18,intervencion,Tratamiento,6
453,2025-04-21,intervencion,Tratamiento,5
453,2025-04-22,intervencion,Tratamiento,5
453,2025-04-23,intervencion,Tratamiento,4
453,2025-04-24,intervencion,Tratamiento,5
453,2025-04-25,intervencion,Tratamiento,5
454,2025-03-03,baseline,Tratamiento,5
454,2025-03-04,baseline,Tratamiento,5
454,2025-03-05,baseline,Tratamiento,5
454,2025-03-06,baseline,Tratamiento,5
454,2025-03-07,baseline,Tratamiento,4
454,2025-03-10,baseline,Tratamiento,4
454,2025-03-11,baseline,Tratamiento,4
454,2025-03-12,baseline,Tratamiento,5
454,2025-03-13,baseline,Tratamiento,4
454,2025-03-14,baseline,Tratamiento,3
454,2025-03-17,baseline,Tratamiento,6
454,2025-03-18,baseline,Tratamiento,4
454,2025-03-19,baseline,Tratamiento,5
454,2025-03-20,baseline,Tratamiento,5
454,2025-03-21,baseline,Tratamiento,5
454,2025-03-24,baseline,Tratamiento,2
454,2025-03-25,baseline,Tratamiento,5
454,2025-03-26,baseline,Tratamiento,6
454,2025-03-27,baseline,Tratamiento,5
454,2025-03-28,baseline,Tratamiento,3
454,2025-03-31,intervencion,Tratamiento,7
454,2025-04-01,intervencion,Tratamiento,4
454,2025-04-02,intervencion,Tratamiento,4
454,2025-04-03,intervencion,Tratamiento,6
454,2025-04-04,intervencion,Tratamiento,5
454,2025-04-07,intervencion,Tratamiento,5
454,2025-04-08,intervencion,Tratamiento,4
454,2025-04-09,intervencion,Tratamiento,6
454,2025-04-10,intervencion,Tratamiento,5
454,2025-04-11,intervencion,Tratamiento,4
454,2025-04-14,intervencion,Tratamiento,6
454,2025-04-15,intervencion,Tratamiento,5
454,2025-04-16,intervencion,Tratamiento,6
454,2025-04-17,intervencion,Tratamiento,5
454,2025-04-18,intervencion,Tratamiento,7
454,2025-04-21,intervencion,Tratamiento,5
454,2025-04-22,intervencion,Tratamiento,5
454,2025-04-23,intervencion,Tratamiento,6
454,2025-04-24,intervencion,Tratamiento,5
454,2025-04-25,intervencion,Tratamiento,6
455,2025-03-03,baseline,Tratamiento,2
455,2025-03-04,baseline,Tratamiento,5
455,2025-03-05,baseline,Tratamiento,5
455,2025-03-06,baseline,Tratamiento,4
455,2025-03-07,baseline,Tratamiento,4
455,2025-03-10,baseline,Tratamiento,5
455,2025-03-11,baseline,Tratamiento,4
455,2025-03-12,baseline,Tratamiento,5
455,2025-03-13,baseline,Tratamiento,5
455,2025-03-14,baseline,Tratamiento,5
455,2025-03-17,baseline,Tratamiento,6
455,2025-03-18,baseline,Tratamiento,5
455,2025-03-19,baseline,Tratamiento,5
455,2025-03-20,baseline,Tratamiento,5
455,2025-03-21,baseline,Tratamiento,4
455,2025-03-24,baseline,Tratamiento,4
455,2025-03-25,baseline,Tratamiento,4
455,2025-03-26,baseline,Tratamiento,5
455,2025-03-27,baseline,Tratamiento,5
455,2025-03-28,baseline,Tratamiento,4
455,2025-03-31,intervencion,Tratamiento,5
455,2025-04-01,intervencion,Tratamiento,4
455,2025-04-02,intervencion,Tratamiento,5
455,2025-04-03,intervencion,Tratamiento,5
455,2025-04-04,intervencion,Tratamiento,7
455,2025-04-07,intervencion,Tratamiento,6
455,2025-04-08,intervencion,Tratamiento,4
455,2025-04-09,intervencion,Tratamiento,5
455,2025-04-10,intervencion,Tratamiento,5
455,2025-04-11,intervencion,Tratamiento,5
455,2025-04-14,intervencion,Tratamiento,5
455,2025-04-15,intervencion,Tratamiento,5
455,2025-04-16,intervencion,Tratamiento,7
455,2025-04-17,intervencion,Tratamiento,5
455,2025-04-18,intervencion,Tratamiento,5
455,2025-04-21,intervencion,Tratamiento,3
455,2025-04-22,intervencion,Tratamiento,6
455,2025-04-23,intervencion,Tratamiento,6
455,2025-04-24,intervencion,Tratamiento,4
455,2025-04-25,intervencion,Tratamiento,4
456,2025-03-03,baseline,Tratamiento,5
456,2025-03-04,baseline,Tratamiento,5
456,2025-03-05,baseline,Tratamiento,5
456,2025-03-06,baseline,Tratamiento,4
456,2025-03-07,baseline,Tratamiento,6
456,2025-03-10,baseline,Tratamiento,4
456,2025-03-11,baseline,Tratamiento,7
456,2025-03-12,baseline,Tratamiento,6
456,2025-03-13,baseline,Tratamiento,5
456,2025-03-14,baseline,Tratamiento,4
456,2025-03-17,baseline,Tratamiento,5
456,2025-03-18,baseline,Tratamiento,5
456,2025-03-19,baseline,Tratamiento,3
456,2025-03-20,baseline,Tratamiento,3
456,2025-03-21,baseline,Tratamiento,5
456,2025-03-24,baseline,Tratamiento,4
456,2025-03-25,baseline,Tratamiento,4
456,2025-03-26,baseline,Tratamiento,6
456,2025-03-27,baseline,Tratamiento,4
456,2025-03-28,baseline,Tratamiento,4
456,2025-03-31,intervencion,Tratamiento,4
456,2025-04-01,intervencion,Tratamiento,5
456,2025-04-02,intervencion,Tratamiento,3
456,2025-04-03,intervencion,Tratamiento,5
456,2025-04-04,intervencion,Tratamiento,3
456,2025-04-07,intervencion,Tratamiento,5
456,2025-04-08,intervencion,Tratamiento,6
456,2025-04-09,intervencion,Tratamiento,6
456,2025-04-10,intervencion,Tratamiento,4
456,2025-04-11,intervencion,Tratamiento,5
456,2025-04-14,intervencion,Tratamiento,5
456,2025-04-15,intervencion,Tratamiento,6
456,2025-04-16,intervencion,Tratamiento,5
456,2025-04-17,intervencion,Tratamiento,2
456,2025-04-18,intervencion,Tratamiento,6
456,2025-04-21,intervencion,Tratamiento,5
456,2025-04-22,intervencion,Tratamiento,5
456,2025-04-23,intervencion,Tratamiento,5
456,2025-04-24,intervencion,Tratamiento,4
456,2025-04-25,intervencion,Tratamiento,5
457,2025-03-03,baseline,Tratamiento,5
457,2025-03-04,baseline,Tratamiento,5
457,2025-03-05,baseline,Tratamiento,4
457,2025-03-06,baseline,Tratamiento,5
457,2025-03-07,baseline,Tratamiento,4
457,2025-03-10,baseline,Tratamiento,4
457,2025-03-11,baseline,Tratamiento,4
457,2025-03-12,baseline,Tratamiento,5
457,2025-03-13,baseline,Tratamiento,4
457,2025-03-14,baseline,Tratamiento,6
457,2025-03-17,baseline,Tratamiento,5
457,2025-03-18,baseline,Tratamiento,5
457,2025-03-19,baseline,Tratamiento,5
457,2025-03-20,baseline,Tratamiento,5
457,2025-03-21,baseline,Tratamiento,5
457,2025-03-24,baseline,Tratamiento,3
457,2025-03-25,baseline,Tratamiento,6
457,2025-03-26,baseline,Tratamiento,5
457,2025-03-27,baseline,Tratamiento,5
457,2025-03-28,baseline,Tratamiento,4
457,2025-03-31,intervencion,Tratamiento,3
457,2025-04-01,intervencion,Tratamiento,3
457,2025-04-02,intervencion,Tratamiento,4
457,2025-04-03,intervencion,Tratamiento,5
457,2025-04-04,intervencion,Tratamiento,6
457,2025-04-07,intervencion,Tratamiento,5
457,2025-04-08,intervencion,Tratamiento,4
457,2025-04-09,intervencion,Tratamiento,4
457,2025-04-10,intervencion,Tratamiento,6
457,2025-04-11,intervencion,Tratamiento,4
457,2025-04-14,intervencion,Tratamiento,7
457,2025-04-15,intervencion,Tratamiento,7
457,2025-04-16,intervencion,Tratamiento,7
457,2025-04-17,intervencion,Tratamiento,5
457,2025-04-18,intervencion,Tratamiento,5
457,2025-04-21,intervencion,Tratamiento,5
457,2025-04-22,intervencion,Tratamiento,6
457,2025-04-23,intervencion,Tratamiento,4
457,2025-04-24,intervencion,Tratamiento,4
457,2025-04-25,intervencion,Tratamiento,5
458,2025-03-03,baseline,Tratamiento,4
458,2025-03-04,baseline,Tratamiento,6
458,2025-03-05,baseline,Tratamiento,4
458,2025-03-06,baseline,Tratamiento,5
458,2025-03-07,baseline,Tratamiento,5
458,2025-03-10,baseline,Tratamiento,6
458,2025-03-11,baseline,Tratamiento,5
458,2025-03-12,baseline,Tratamiento,5
458,2025-03-13,baseline,Tratamiento,4
458,2025-03-14,baseline,Tratamiento,6
458,2025-03-17,baseline,Tratamiento,6
458,2025-03-18,baseline,Tratamiento,3
458,2025-03-19,baseline,Tratamiento,6
458,2025-03-20,baseline,Tratamiento,4
458,2025-03-21,baseline,Tratamiento,5
458,2025-03-24,baseline,Tratamiento,5
458,2025-03-25,baseline,Tratamiento,5
458,2025-03-26,baseline,Tratamiento,4
458,2025-03-27,baseline,Tratamiento,4
458,2025-03-28,baseline,Tratamiento,5
458,2025-03-31,intervencion,Tratamiento,5
458,2025-04-01,intervencion,Tratamiento,4
458,2025-04-02,intervencion,Tratamiento,4
458,2025-04-03,intervencion,Tratamiento,4
458,2025-04-04,intervencion,Tratamiento,4
458,2025-04-07,intervencion,Tratamiento,5
458,2025-04-08,intervencion,Tratamiento,4
458,2025-04-09,intervencion,Tratamiento,6
458,2025-04-10,intervencion,Tratamiento,5
458,2025-04-11,intervencion,Tratamiento,5
458,2025-04-14,intervencion,Tratamiento,5
458,2025-04-15,intervencion,Tratamiento,6
458,2025-04-16,intervencion,Tratamiento,4
458,2025-04-17,intervencion,Tratamiento,6
458,2025-04-18,intervencion,Tratamiento,6
458,2025-04-21,intervencion,Tratamiento,5
458,2025-04-22,intervencion,Tratamiento,6
458,2025-04-23,intervencion,Tratamiento,5
458,2025-04-24,intervencion,Tratamiento,5
458,2025-04-25,intervencion,Tratamiento,4
459,2025-03-03,baseline,Control,5
459,2025-03-04,baseline,Control,4
459,2025-03-05,baseline,Control,5
459,2025-03-06,baseline,Control,5
459,2025-03-07,baseline,Control,6
459,2025-03-10,baseline,Control,4
459,2025-03-11,baseline,Control,5
459,2025-03-12,baseline,Control,4
459,2025-03-13,baseline,Control,3
459,2025-03-14,baseline,Control,4
459,2025-03-17,baseline,Control,5
459,2025-03-18,baseline,Control,5
459,2025-03-19,baseline,Control,4
459,2025-03-20,baseline,Control,5
459,2025-03-21,baseline,Control,5
459,2025-03-24,baseline,Control,5
459,2025-03-25,baseline,Control,3
459,2025-03-26,baseline,Control,5
459,2025-03-27,baseline,Control,5
459,2025-03-28,baseline,Control,3
459,2025-03-31,intervencion,Control,3
459,2025-04-01,intervencion,Control,4
459,2025-04-02,intervencion,Control,5
459,2025-04-03,intervencion,Control,5
459,2025-04-04,intervencion,Control,4
459,2025-04-07,intervencion,Control,4
459,2025-04-08,intervencion,Control,4
459,2025-04-09,intervencion,Control,5
459,2025-04-10,intervencion,Control,6
459,2025-04-11,intervencion,Control,3
459,2025-04-14,intervencion,Control,5
459,2025-04-15,intervencion,Control,4
459,2025-04-16,intervencion,Control,5
459,2025-04-17,intervencion,Control,6
459,2025-04-18,intervencion,Control,4
459,2025-04-21,intervencion,Control,5
459,2025-04-22,intervencion,Control,3
459,2025-04-23,intervencion,Control,5
459,2025-04-24,intervencion,Control,4
459,2025-04-25,intervencion,Control,5
460,2025-03-03,baseline,Tratamiento,4
460,2025-03-04,baseline,Tratamiento,5
460,2025-03-05,baseline,Tratamiento,6
460,2025-03-06,baseline,Tratamiento,4
460,2025-03-07,baseline,Tratamiento,5
460,2025-03-10,baseline,Tratamiento,5
460,2025-03-11,baseline,Tratamiento,4
460,2025-03-12,baseline,Tratamiento,6
460,2025-03-13,baseline,Tratamiento,4
460,2025-03-14,baseline,Tratamiento,4
460,2025-03-17,baseline,Tratamiento,4
460,2025-03-18,baseline,Tratamiento,5
460,2025-03-19,baseline,Tratamiento,5
460,2025-03-20,baseline,Tratamiento,5
460,2025-03-21,baseline,Tratamiento,4
460,2025-03-24,baseline,Tratamiento,4
460,2025-03-25,baseline,Tratamiento,5
460,2025-03-26,baseline,Tratamiento,6
460,2025-03-27,baseline,Tratamiento,5
460,2025-03-28,baseline,Tratamiento,6
460,2025-03-31,intervencion,Tratamiento,5
460,2025-04-01,intervencion,Tratamiento,5
460,2025-04-02,intervencion,Tratamiento,6
460,2025-04-03,intervencion,Tratamiento,6
460,2025-04-04,intervencion,Tratamiento,6
460,2025-04-07,intervencion,Tratamiento,4
460,2025-04-08,intervencion,Tratamiento,6
460,2025-04-09,intervencion,Tratamiento,5
460,2025-04-10,intervencion,Tratamiento,5
460,2025-04-11,intervencion,Tratamiento,3
460,2025-04-14,intervencion,Tratamiento,4
460,2025-04-15,intervencion,Tratamiento,5
460,2025-04-16,intervencion,Tratamiento,4
460,2025-04-17,intervencion,Tratamiento,5
460,2025-04-18,intervencion,Tratamiento,6
460,2025-04-21,intervencion,Tratamiento,4
460,2025-04-22,intervencion,Tratamiento,5
460,2025-04-23,intervencion,Tratamiento,4
460,2025-04-24,intervencion,Tratamiento,5
460,2025-04-25,intervencion,Tratamiento,5
461,2025-03-03,baseline,Control,3
461,2025-03-04,baseline,Control,4
461,2025-03-05,baseline,Control,3
461,2025-03-06,baseline,Control,5
461,2025-03-07,baseline,Control,5
461,2025-03-10,baseline,Control,5
461,2025-03-11,baseline,Control,4
461,2025-03-12,baseline,Control,5
461,2025-03-13,baseline,Control,5
461,2025-03-14,baseline,Control,4
461,2025-03-17,baseline,Control,4
461,2025-03-18,baseline,Control,5
461,2025-03-19,baseline,Control,4
461,2025-03-20,baseline,Control,6
461,2025-03-21,baseline,Control,4
461,2025-03-24,baseline,Control,5
461,2025-03-25,baseline,Control,5
461,2025-03-26,baseline,Control,6
461,2025-03-27,baseline,Control,4
461,2025-03-28,baseline,Control,6
461,2025-03-31,intervencion,Control,4
461,2025-04-01,intervencion,Control,7
461,2025-04-02,intervencion,Control,5
461,2025-04-03,intervencion,Control,3
461,2025-04-04,intervencion,Control,4
461,2025-04-07,intervencion,Control,6
461,2025-04-08,intervencion,Control,5
461,2025-04-09,intervencion,Control,5
461,2025-04-10,intervencion,Control,5
461,2025-04-11,intervencion,Control,4
461,2025-04-14,intervencion,Control,4
461,2025-04-15,intervencion,Control,4
461,2025-04-16,intervencion,Control,6
461,2025-04-17,intervencion,Control,3
461,2025-04-18,intervencion,Control,5
461,2025-04-21,intervencion,Control,5
461,2025-04-22,intervencion,Control,5
461,2025-04-23,intervencion,Control,3
461,2025-04-24,intervencion,Control,4
461,2025-04-25,intervencion,Control,5
462,2025-03-03,baseline,Tratamiento,4
462,2025-03-04,baseline,Tratamiento,3
462,2025-03-05,baseline,Tratamiento,5
462,2025-03-06,baseline,Tratamiento,4
462,2025-03-07,baseline,Tratamiento,5
462,2025-03-10,baseline,Tratamiento,4
462,2025-03-11,baseline,Tratamiento,4
462,2025-03-12,baseline,Tratamiento,5
462,2025-03-13,baseline,Tratamiento,4
462,2025-03-14,baseline,Tratamiento,4
462,2025-03-17,baseline,Tratamiento,4
462,2025-03-18,baseline,Tratamiento,4
462,2025-03-19,baseline,Tratamiento,5
462,2025-03-20,baseline,Tratamiento,4
462,2025-03-21,baseline,Tratamiento,3
462,2025-03-24,baseline,Tratamiento,4
462,2025-03-25,baseline,Tratamiento,5
462,2025-03-26,baseline,Tratamiento,4
462,2025-03-27,baseline,Tratamiento,5
462,2025-03-28,baseline,Tratamiento,5
462,2025-03-31,intervencion,Tratamiento,7
462,2025-04-01,intervencion,Tratamiento,6
462,2025-04-02,intervencion,Tratamiento,3
462,2025-04-03,intervencion,Tratamiento,5
462,2025-04-04,intervencion,Tratamiento,5
462,2025-04-07,intervencion,Tratamiento,5
462,2025-04-08,intervencion,Tratamiento,4
462,2025-04-09,intervencion,Tratamiento,4
462,2025-04-10,intervencion,Tratamiento,4
462,2025-04-11,intervencion,Tratamiento,4
462,2025-04-14,intervencion,Tratamiento,4
462,2025-04-15,intervencion,Tratamiento,5
462,2025-04-16,intervencion,Tratamiento,4
462,2025-04-17,intervencion,Tratamiento,6
462,2025-04-18,intervencion,Tratamiento,5
462,2025-04-21,intervencion,Tratamiento,4
462,2025-04-22,intervencion,Tratamiento,5
462,2025-04-23,intervencion,Tratamiento,4
462,2025-04-24,intervencion,Tratamiento,6
462,2025-04-25,intervencion,Tratamiento,6
463,2025-03-03,baseline,Control,5
463,2025-03-04,baseline,Control,4
463,2025-03-05,baseline,Control,4
463,2025-03-06,baseline,Control,4
463,2025-03-07,baseline,Control,5
463,2025-03-10,baseline,Control,6
463,2025-03-11,baseline,Control,5
463,2025-03-12,baseline,Control,5
463,2025-03-13,baseline,Control,5
463,2025-03-14,baseline,Control,4
463,2025-03-17,baseline,Control,4
463,2025-03-18,baseline,Control,5
463,2025-03-19,baseline,Control,4
463,2025-03-20,baseline,Control,5
463,2025-03-21,baseline,Control,5
463,2025-03-24,baseline,Control,5
463,2025-03-25,baseline,Control,5
463,2025-03-26,baseline,Control,3
463,2025-03-27,baseline,Control,6
463,2025-03-28,baseline,Control,3
463,2025-03-31,intervencion,Control,4
463,2025-04-01,intervencion,Control,5
463,2025-04-02,intervencion,Control,5
463,2025-04-03,intervencion,Control,3
463,2025-04-04,intervencion,Control,4
463,2025-04-07,intervencion,Control,5
463,2025-04-08,intervencion,Control,5
463,2025-04-09,intervencion,Control,4
463,2025-04-10,intervencion,Control,5
463,2025-04-11,intervencion,Control,3
463,2025-04-14,intervencion,Control,5
463,2025-04-15,intervencion,Control,4
463,2025-04-16,intervencion,Control,5
463,2025-04-17,intervencion,Control,5
463,2025-04-18,intervencion,Control,6
463,2025-04-21,intervencion,Control,5
463,2025-04-22,intervencion,Control,4
463,2025-04-23,intervencion,Control,5
463,2025-04-24,intervencion,Control,7
463,2025-04-25,intervencion,Control,5
464,2025-03-03,baseline,Tratamiento,5
464,2025-03-04,baseline,Tratamiento,4
464,2025-03-05,baseline,Tratamiento,4
464,2025-03-06,baseline,Tratamiento,5
464,2025-03-07,baseline,Tratamiento,4
464,2025-03-10,baseline,Tratamiento,5
464,2025-03-11,baseline,Tratamiento,6
464,2025-03-12,baseline,Tratamiento,5
464,2025-03-13,baseline,Tratamiento,4
464,2025-03-14,baseline,Tratamiento,7
464,2025-03-17,baseline,Tratamiento,6
464,2025-03-18,baseline,Tratamiento,5
464,2025-03-19,baseline,Tratamiento,6
464,2025-03-20,baseline,Tratamiento,4
464,2025-03-21,baseline,Tratamiento,5
464,2025-03-24,baseline,Tratamiento,4
464,2025-03-25,baseline,Tratamiento,3
464,2025-03-26,baseline,Tratamiento,7
464,2025-03-27,baseline,Tratamiento,3
464,2025-03-28,baseline,Tratamiento,5
464,2025-03-31,intervencion,Tratamiento,5
464,2025-04-01,intervencion,Tratamiento,5
464,2025-04-02,intervencion,Tratamiento,5
464,2025-04-03,intervencion,Tratamiento,5
464,2025-04-04,intervencion,Tratamiento,5
464,2025-04-07,intervencion,Tratamiento,5
464,2025-04-08,intervencion,Tratamiento,5
464,2025-04-09,intervencion,Tratamiento,5
464,2025-04-10,intervencion,Tratamiento,4
464,2025-04-11,intervencion,Tratamiento,7
464,2025-04-14,intervencion,Tratamiento,5
464,2025-04-15,intervencion,Tratamiento,5
464,2025-04-16,intervencion,Tratamiento,4
464,2025-04-17,intervencion,Tratamiento,4
464,2025-04-18,intervencion,Tratamiento,6
464,2025-04-21,intervencion,Tratamiento,5
464,2025-04-22,intervencion,Tratamiento,6
464,2025-04-23,intervencion,Tratamiento,4
464,2025-04-24,intervencion,Tratamiento,6
464,2025-04-25,intervencion,Tratamiento,6
465,2025-03-03,baseline,Tratamiento,5
465,2025-03-04,baseline,Tratamiento,5
465,2025-03-05,baseline,Tratamiento,5
465,2025-03-06,baseline,Tratamiento,3
465,2025-03-07,baseline,Tratamiento,6
465,2025-03-10,baseline,Tratamiento,5
465,2025-03-11,baseline,Tratamiento,4
465,2025-03-12,baseline,Tratamiento,4
465,2025-03-13,baseline,Tratamiento,5
465,2025-03-14,baseline,Tratamiento,5
465,2025-03-17,baseline,Tratamiento,5
465,2025-03-18,baseline,Tratamiento,5
465,2025-03-19,baseline,Tratamiento,4
465,2025-03-20,baseline,Tratamiento,5
465,2025-03-21,baseline,Tratamiento,4
465,2025-03-24,baseline,Tratamiento,5
465,2025-03-25,baseline,Tratamiento,7
465,2025-03-26,baseline,Tratamiento,5
465,2025-03-27,baseline,Tratamiento,5
465,2025-03-28,baseline,Tratamiento,7
465,2025-03-31,intervencion,Tratamiento,5
465,2025-04-01,intervencion,Tratamiento,5
465,2025-04-02,intervencion,Tratamiento,4
465,2025-04-03,intervencion,Tratamiento,5
465,2025-04-04,intervencion,Tratamiento,3
465,2025-04-07,intervencion,Tratamiento,6
465,2025-04-08,intervencion,Tratamiento,4
465,2025-04-09,intervencion,Tratamiento,6
465,2025-04-10,intervencion,Tratamiento,5
465,2025-04-11,intervencion,Tratamiento,5
465,2025-04-14,intervencion,Tratamiento,5
465,2025-04-15,intervencion,Tratamiento,6
465,2025-04-16,intervencion,Tratamiento,6
465,2025-04-17,intervencion,Tratamiento,5
465,2025-04-18,intervencion,Tratamiento,4
465,2025-04-21,intervencion,Tratamiento,6
465,2025-04-22,intervencion,Tratamiento,4
465,2025-04-23,intervencion,Tratamiento,4
465,2025-04-24,intervencion,Tratamiento,5
465,2025-04-25,intervencion,Tratamiento,6
466,2025-03-03,baseline,Control,4
466,2025-03-04,baseline,Control,5
466,2025-03-05,baseline,Control,4
466,2025-03-06,baseline,Control,5
466,2025-03-07,baseline,Control,6
466,2025-03-10,baseline,Control,4
466,2025-03-11,baseline,Control,4
466,2025-03-12,baseline,Control,3
466,2025-03-13,baseline,Control,5
466,2025-03-14,baseline,Control,4
466,2025-03-17,baseline,Control,5
466,2025-03-18,baseline,Control,5
466,2025-03-19,baseline,Control,4
466,2025-03-20,baseline,Control,4
466,2025-03-21,baseline,Control,5
466,2025-03-24,baseline,Control,4
466,2025-03-25,baseline,Control,4
466,2025-03-26,baseline,Control,4
466,2025-03-27,baseline,Control,6
466,2025-03-28,baseline,Control,6
466,2025-03-31,intervencion,Control,5
466,2025-04-01,intervencion,Control,4
466,2025-04-02,intervencion,Control,6
466,2025-04-03,intervencion,Control,3
466,2025-04-04,intervencion,Control,5
466,2025-04-07,intervencion,Control,5
466,2025-04-08,intervencion,Control,6
466,2025-04-09,intervencion,Control,6
466,2025-04-10,intervencion,Control,4
466,2025-04-11,intervencion,Control,5
466,2025-04-14,intervencion,Control,4
466,2025-04-15,intervencion,Control,4
466,2025-04-16,intervencion,Control,5
466,2025-04-17,intervencion,Control,4
466,2025-04-18,intervencion,Control,5
466,2025-04-21,intervencion,Control,5
466,2025-04-22,intervencion,Control,6
466,2025-04-23,intervencion,Control,5
466,2025-04-24,intervencion,Control,5
466,2025-04-25,intervencion,Control,4
467,2025-03-03,baseline,Tratamiento,6
467,2025-03-04,baseline,Tratamiento,5
467,2025-03-05,baseline,Tratamiento,5
467,2025-03-06,baseline,Tratamiento,5
467,2025-03-07,baseline,Tratamiento,5
467,2025-03-10,baseline,Tratamiento,5
467,2025-03-11,baseline,Tratamiento,5
467,2025-03-12,baseline,Tratamiento,6
467,2025-03-13,baseline,Tratamiento,5
467,2025-03-14,baseline,Tratamiento,6
467,2025-03-17,baseline,Tratamiento,6
467,2025-03-18,baseline,Tratamiento,5
467,2025-03-19,baseline,Tratamiento,3
467,2025-03-20,baseline,Tratamiento,5
467,2025-03-21,baseline,Tratamiento,6
467,2025-03-24,baseline,Tratamiento,4
467,2025-03-25,baseline,Tratamiento,5
467,2025-03-26,baseline,Tratamiento,5
467,2025-03-27,baseline,Tratamiento,5
467,2025-03-28,baseline,Tratamiento,4
467,2025-03-31,intervencion,Tratamiento,4
467,2025-04-01,intervencion,Tratamiento,5
467,2025-04-02,intervencion,Tratamiento,4
467,2025-04-03,intervencion,Tratamiento,3
467,2025-04-04,intervencion,Tratamiento,7
467,2025-04-07,intervencion,Tratamiento,6
467,2025-04-08,intervencion,Tratamiento,7
467,2025-04-09,intervencion,Tratamiento,6
467,2025-04-10,intervencion,Tratamiento,6
467,2025-04-11,intervencion,Tratamiento,5
467,2025-04-14,intervencion,Tratamiento,5
467,2025-04-15,intervencion,Tratamiento,5
467,2025-04-16,intervencion,Tratamiento,4
467,2025-04-17,intervencion,Tratamiento,4
467,2025-04-18,intervencion,Tratamiento,5
467,2025-04-21,intervencion,Tratamiento,6
467,2025-04-22,intervencion,Tratamiento,4
467,2025-04-23,intervencion,Tratamiento,4
467,2025-04-24,intervencion,Tratamiento,5
467,2025-04-25,intervencion,Tratamiento,5
468,2025-03-03,baseline,Tratamiento,5
468,2025-03-04,baseline,Tratamiento,5
468,2025-03-05,baseline,Tratamiento,5
468,2025-03-06,baseline,Tratamiento,4
468,2025-03-07,baseline,Tratamiento,6
468,2025-03-10,baseline,Tratamiento,5
468,2025-03-11,baseline,Tratamiento,5
468,2025-03-12,baseline,Tratamiento,5
468,2025-03-13,baseline,Tratamiento,5
468,2025-03-14,baseline,Tratamiento,4
468,2025-03-17,baseline,Tratamiento,3
468,2025-03-18,baseline,Tratamiento,5
468,2025-03-19,baseline,Tratamiento,5
468,2025-03-20,baseline,Tratamiento,3
468,2025-03-21,baseline,Tratamiento,5
468,2025-03-24,baseline,Tratamiento,6
468,2025-03-25,baseline,Tratamiento,4
468,2025-03-26,baseline,Tratamiento,5
468,2025-03-27,baseline,Tratamiento,4
468,2025-03-28,baseline,Tratamiento,6
468,2025-03-31,intervencion,Tratamiento,6
468,2025-04-01,intervencion,Tratamiento,4
468,2025-04-02,intervencion,Tratamiento,5
468,2025-04-03,intervencion,Tratamiento,7
468,2025-04-04,intervencion,Tratamiento,4
468,2025-04-07,intervencion,Tratamiento,5
468,2025-04-08,intervencion,Tratamiento,5
468,2025-04-09,intervencion,Tratamiento,4
468,2025-04-10,intervencion,Tratamiento,7
468,2025-04-11,intervencion,Tratamiento,5
468,2025-04-14,intervencion,Tratamiento,4
468,2025-04-15,intervencion,Tratamiento,4
468,2025-04-16,intervencion,Tratamiento,6
468,2025-04-17,intervencion,Tratamiento,4
468,2025-04-18,intervencion,Tratamiento,5
468,2025-04-21,intervencion,Tratamiento,5
468,2025-04-22,intervencion,Tratamiento,4
468,2025-04-23,intervencion,Tratamiento,4
468,2025-04-24,intervencion,Tratamiento,5
468,2025-04-25,intervencion,Tratamiento,6
469,2025-03-03,baseline,Control,4
469,2025-03-04,baseline,Control,5
469,2025-03-05,baseline,Control,4
469,2025-03-06,baseline,Control,5
469,2025-03-07,baseline,Control,5
469,2025-03-10,baseline,Control,4
469,2025-03-11,baseline,Control,5
469,2025-03-12,baseline,Control,4
469,2025-03-13,baseline,Control,5
469,2025-03-14,baseline,Control,5
469,2025-03-17,baseline,Control,7
469,2025-03-18,baseline,Control,4
469,2025-03-19,baseline,Control,4
469,2025-03-20,baseline,Control,4
469,2025-03-21,baseline,Control,4
469,2025-03-24,baseline,Control,4
469,2025-03-25,baseline,Control,5
469,2025-03-26,baseline,Control,5
469,2025-03-27,baseline,Control,5
469,2025-03-28,baseline,Control,4
469,2025-03-31,intervencion,Control,4
469,2025-04-01,intervencion,Control,4
469,2025-04-02,intervencion,Control,4
469,2025-04-03,intervencion,Control,3
469,2025-04-04,intervencion,Control,6
469,2025-04-07,intervencion,Control,6
469,2025-04-08,intervencion,Control,3
469,2025-04-09,intervencion,Control,5
469,2025-04-10,intervencion,Control,5
469,2025-04-11,intervencion,Control,5
469,2025-04-14,intervencion,Control,4
469,2025-04-15,intervencion,Control,6
469,2025-04-16,intervencion,Control,5
469,2025-04-17,intervencion,Control,6
469,2025-04-18,intervencion,Control,4
469,2025-04-21,intervencion,Control,3
469,2025-04-22,intervencion,Control,5
469,2025-04-23,intervencion,Control,4
469,2025-04-24,intervencion,Control,6
469,2025-04-25,intervencion,Control,3
470,2025-03-03,baseline,Control,4
470,2025-03-04,baseline,Control,4
470,2025-03-05,baseline,Control,4
470,2025-03-06,baseline,Control,5
470,2025-03-07,baseline,Control,5
470,2025-03-10,baseline,Control,5
470,2025-03-11,baseline,Control,5
470,2025-03-12,baseline,Control,4
470,2025-03-13,baseline,Control,6
470,2025-03-14,baseline,Control,6
470,2025-03-17,baseline,Control,4
470,2025-03-18,baseline,Control,4
470,2025-03-19,baseline,Control,4
470,2025-03-20,baseline,Control,5
470,2025-03-21,baseline,Control,4
470,2025-03-24,baseline,Control,4
470,2025-03-25,baseline,Control,3
470,2025-03-26,baseline,Control,4
470,2025-03-27,baseline,Control,6
470,2025-03-28,baseline,Control,4
470,2025-03-31,intervencion,Control,5
470,2025-04-01,intervencion,Control,5
470,2025-04-02,intervencion,Control,4
470,2025-04-03,intervencion,Control,5
470,2025-04-04,intervencion,Control,5
470,2025-04-07,intervencion,Control,5
470,2025-04-08,intervencion,Control,5
470,2025-04-09,intervencion,Control,6
470,2025-04-10,intervencion,Control,5
470,2025-04-11,intervencion,Control,4
470,2025-04-14,intervencion,Control,4
470,2025-04-15,intervencion,Control,6
470,2025-04-16,intervencion,Control,5
470,2025-04-17,intervencion,Control,5
470,2025-04-18,intervencion,Control,4
470,2025-04-21,intervencion,Control,5
470,2025-04-22,intervencion,Control,5
470,2025-04-23,intervencion,Control,5
470,2025-04-24,intervencion,Control,4
470,2025-04-25,intervencion,Control,4
471,2025-03-03,baseline,Control,6
471,2025-03-04,baseline,Control,5
471,2025-03-05,baseline,Control,5
471,2025-03-06,baseline,Control,5
471,2025-03-07,baseline,Control,4
471,2025-03-10,baseline,Control,5
471,2025-03-11,baseline,Control,6
471,2025-03-12,baseline,Control,4
471,2025-03-13,baseline,Control,5
471,2025-03-14,baseline,Control,5
471,2025-03-17,baseline,Control,5
471,2025-03-18,baseline,Control,5
471,2025-03-19,baseline,Control,5
471,2025-03-20,baseline,Control,3
471,2025-03-21,baseline,Control,5
471,2025-03-24,baseline,Control,5
471,2025-03-25,baseline,Control,5
471,2025-03-26,baseline,Control,6
471,2025-03-27,baseline,Control,4
471,2025-03-28,baseline,Control,4
471,2025-03-31,intervencion,Control,3
471,2025-04-01,intervencion,Control,4
471,2025-04-02,intervencion,Control,5
471,2025-04-03,intervencion,Control,5
471,2025-04-04,intervencion,Control,3
471,2025-04-07,intervencion,Control,6
471,2025-04-08,intervencion,Control,4
471,2025-04-09,intervencion,Control,4
471,2025-04-10,intervencion,Control,4
471,2025-04-11,intervencion,Control,5
471,2025-04-14,intervencion,Control,5
471,2025-04-15,intervencion,Control,5
471,2025-04-16,intervencion,Control,6
471,2025-04-17,intervencion,Control,5
471,2025-04-18,intervencion,Control,4
471,2025-04-21,intervencion,Control,5
471,2025-04-22,intervencion,Control,6
471,2025-04-23,intervencion,Control,5
471,2025-04-24,intervencion,Control,5
471,2025-04-25,intervencion,Control,3
472,2025-03-03,baseline,Control,5
472,2025-03-04,baseline,Control,4
472,2025-03-05,baseline,Control,4
472,2025-03-06,baseline,Control,5
472,2025-03-07,baseline,Control,5
472,2025-03-10,baseline,Control,4
472,2025-03-11,baseline,Control,5
472,2025-03-12,baseline,Control,4
472,2025-03-13,baseline,Control,5
472,2025-03-14,baseline,Control,5
472,2025-03-17,baseline,Control,5
472,2025-03-18,baseline,Control,5
472,2025-03-19,baseline,Control,5
472,2025-03-20,baseline,Control,5
472,2025-03-21,baseline,Control,3
472,2025-03-24,baseline,Control,5
472,2025-03-25,baseline,Control,4
472,2025-03-26,baseline,Control,5
472,2025-03-27,baseline,Control,5
472,2025-03-28,baseline,Control,6
472,2025-03-31,intervencion,Control,6
472,2025-04-01,intervencion,Control,4
472,2025-04-02,intervencion,Control,3
472,2025-04-03,intervencion,Control,5
472,2025-04-04,intervencion,Control,5
472,2025-04-07,intervencion,Control,4
472,2025-04-08,intervencion,Control,5
472,2025-04-09,intervencion,Control,5
472,2025-04-10,intervencion,Control,3
472,2025-04-11,intervencion,Control,4
472,2025-04-14,intervencion,Control,4
472,2025-04-15,intervencion,Control,4
472,2025-04-16,intervencion,Control,5
472,2025-04-17,intervencion,Control,4
472,2025-04-18,intervencion,Control,5
472,2025-04-21,intervencion,Control,7
472,2025-04-22,intervencion,Control,4
472,2025-04-23,intervencion,Control,4
472,2025-04-24,intervencion,Control,5
472,2025-04-25,intervencion,Control,5
473,2025-03-03,baseline,Tratamiento,5
473,2025-03-04,baseline,Tratamiento,6
473,2025-03-05,baseline,Tratamiento,5
473,2025-03-06,baseline,Tratamiento,3
473,2025-03-07,baseline,Tratamiento,5
473,2025-03-10,baseline,Tratamiento,4
473,2025-03-11,baseline,Tratamiento,6
473,2025-03-12,baseline,Tratamiento,5
473,2025-03-13,baseline,Tratamiento,3
473,2025-03-14,baseline,Tratamiento,6
473,2025-03-17,baseline,Tratamiento,5
473,2025-03-18,baseline,Tratamiento,4
473,2025-03-19,baseline,Tratamiento,5
473,2025-03-20,baseline,Tratamiento,6
473,2025-03-21,baseline,Tratamiento,3
473,2025-03-24,baseline,Tratamiento,5
473,2025-03-25,baseline,Tratamiento,6
473,2025-03-26,baseline,Tratamiento,5
473,2025-03-27,baseline,Tratamiento,5
473,2025-03-28,baseline,Tratamiento,5
473,2025-03-31,intervencion,Tratamiento,4
473,2025-04-01,intervencion,Tratamiento,4
473,2025-04-02,intervencion,Tratamiento,6
473,2025-04-03,intervencion,Tratamiento,4
473,2025-04-04,intervencion,Tratamiento,4
473,2025-04-07,intervencion,Tratamiento,5
473,2025-04-08,intervencion,Tratamiento,4
473,2025-04-09,intervencion,Tratamiento,4
473,2025-04-10,intervencion,Tratamiento,5
473,2025-04-11,intervencion,Tratamiento,6
473,2025-04-14,intervencion,Tratamiento,5
473,2025-04-15,intervencion,Tratamiento,4
473,2025-04-16,intervencion,Tratamiento,5
473,2025-04-17,intervencion,Tratamiento,6
473,2025-04-18,intervencion,Tratamiento,7
473,2025-04-21,intervencion,Tratamiento,6
473,2025-04-22,intervencion,Tratamiento,4
473,2025-04-23,intervencion,Tratamiento,6
473,2025-04-24,intervencion,Tratamiento,5
473,2025-04-25,intervencion,Tratamiento,4
474,2025-03-03,baseline,Tratamiento,5
474,2025-03-04,baseline,Tratamiento,6
474,2025-03-05,baseline,Tratamiento,6
474,2025-03-06,baseline,Tratamiento,4
474,2025-03-07,baseline,Tratamiento,5
474,2025-03-10,baseline,Tratamiento,5
474,2025-03-11,baseline,Tratamiento,3
474,2025-03-12,baseline,Tratamiento,3
474,2025-03-13,baseline,Tratamiento,5
474,2025-03-14,baseline,Tratamiento,5
474,2025-03-17,baseline,Tratamiento,3
474,2025-03-18,baseline,Tratamiento,5
474,2025-03-19,baseline,Tratamiento,6
474,2025-03-20,baseline,Tratamiento,4
474,2025-03-21,baseline,Tratamiento,5
474,2025-03-24,baseline,Tratamiento,5
474,2025-03-25,baseline,Tratamiento,5
474,2025-03-26,baseline,Tratamiento,3
474,2025-03-27,baseline,Tratamiento,4
474,2025-03-28,baseline,Tratamiento,4
474,2025-03-31,intervencion,Tratamiento,4
474,2025-04-01,intervencion,Tratamiento,6
474,2025-04-02,intervencion,Tratamiento,6
474,2025-04-03,intervencion,Tratamiento,4
474,2025-04-04,intervencion,Tratamiento,5
474,2025-04-07,intervencion,Tratamiento,6
474,2025-04-08,intervencion,Tratamiento,4
474,2025-04-09,intervencion,Tratamiento,6
474,2025-04-10,intervencion,Tratamiento,6
474,2025-04-11,intervencion,Tratamiento,6
474,2025-04-14,intervencion,Tratamiento,5
474,2025-04-15,intervencion,Tratamiento,6
474,2025-04-16,intervencion,Tratamiento,4
474,2025-04-17,intervencion,Tratamiento,7
474,2025-04-18,intervencion,Tratamiento,5
474,2025-04-21,intervencion,Tratamiento,6
474,2025-04-22,intervencion,Tratamiento,5
474,2025-04-23,intervencion,Tratamiento,5
474,2025-04-24,intervencion,Tratamiento,5
474,2025-04-25,intervencion,Tratamiento,4
475,2025-03-03,baseline,Tratamiento,4
475,2025-03-04,baseline,Tratamiento,4
475,2025-03-05,baseline,Tratamiento,6
475,2025-03-06,baseline,Tratamiento,3
475,2025-03-07,baseline,Tratamiento,4
475,2025-03-10,baseline,Tratamiento,6
475,2025-03-11,baseline,Tratamiento,3
475,2025-03-12,baseline,Tratamiento,6
475,2025-03-13,baseline,Tratamiento,4
475,2025-03-14,baseline,Tratamiento,4
475,2025-03-17,baseline,Tratamiento,4
475,2025-03-18,baseline,Tratamiento,6
475,2025-03-19,baseline,Tratamiento,4
475,2025-03-20,baseline,Tratamiento,3
475,2025-03-21,baseline,Tratamiento,3
475,2025-03-24,baseline,Tratamiento,5
475,2025-03-25,baseline,Tratamiento,3
475,2025-03-26,baseline,Tratamiento,6
475,2025-03-27,baseline,Tratamiento,5
475,2025-03-28,baseline,Tratamiento,5
475,2025-03-31,intervencion,Tratamiento,5
475,2025-04-01,intervencion,Tratamiento,4
475,2025-04-02,intervencion,Tratamiento,5
475,2025-04-03,intervencion,Tratamiento,4
475,2025-04-04,intervencion,Tratamiento,6
475,2025-04-07,intervencion,Tratamiento,4
475,2025-04-08,intervencion,Tratamiento,5
475,2025-04-09,intervencion,Tratamiento,4
475,2025-04-10,intervencion,Tratamiento,4
475,2025-04-11,intervencion,Tratamiento,5
475,2025-04-14,intervencion,Tratamiento,7
475,2025-04-15,intervencion,Tratamiento,5
475,2025-04-16,intervencion,Tratamiento,4
475,2025-04-17,intervencion,Tratamiento,5
475,2025-04-18,intervencion,Tratamiento,4
475,2025-04-21,intervencion,Tratamiento,5
475,2025-04-22,intervencion,Tratamiento,7
475,2025-04-23,intervencion,Tratamiento,5
475,2025-04-24,intervencion,Tratamiento,6
475,2025-04-25,intervencion,Tratamiento,4
476,2025-03-03,baseline,Control,4
476,2025-03-04,baseline,Control,5
476,2025-03-05,baseline,Control,4
476,2025-03-06,baseline,Control,5
476,2025-03-07,baseline,Control,5
476,2025-03-10,baseline,Control,5
476,2025-03-11,baseline,Control,4
476,2025-03-12,baseline,Control,6
476,2025-03-13,baseline,Control,4
476,2025-03-14,baseline,Control,4
476,2025-03-17,baseline,Control,6
476,2025-03-18,baseline,Control,4
476,2025-03-19,baseline,Control,3
476,2025-03-20,baseline,Control,4
476,2025-03-21,baseline,Control,5
476,2025-03-24,baseline,Control,6
476,2025-03-25,baseline,Control,4
476,2025-03-26,baseline,Control,6
476,2025-03-27,baseline,Control,5
476,2025-03-28,baseline,Control,4
476,2025-03-31,intervencion,Control,4
476,2025-04-01,intervencion,Control,6
476,2025-04-02,intervencion,Control,4
476,2025-04-03,intervencion,Control,3
476,2025-04-04,intervencion,Control,7
476,2025-04-07,intervencion,Control,5
476,2025-04-08,intervencion,Control,5
476,2025-04-09,intervencion,Control,6
476,2025-04-10,intervencion,Control,5
476,2025-04-11,intervencion,Control,5
476,2025-04-14,intervencion,Control,5
476,2025-04-15,intervencion,Control,5
476,2025-04-16,intervencion,Control,5
476,2025-04-17,intervencion,Control,5
476,2025-04-18,intervencion,Control,5
476,2025-04-21,intervencion,Control,4
476,2025-04-22,intervencion,Control,5
476,2025-04-23,intervencion,Control,5
476,2025-04-24,intervencion,Control,5
476,2025-04-25,intervencion,Control,5
477,2025-03-03,baseline,Control,6
477,2025-03-04,baseline,Control,6
477,2025-03-05,baseline,Control,4
477,2025-03-06,baseline,Control,5
477,2025-03-07,baseline,Control,6
477,2025-03-10,baseline,Control,4
477,2025-03-11,baseline,Control,6
477,2025-03-12,baseline,Control,4
477,2025-03-13,baseline,Control,5
477,2025-03-14,baseline,Control,5
477,2025-03-17,baseline,Control,5
477,2025-03-18,baseline,Control,3
477,2025-03-19,baseline,Control,5
477,2025-03-20,baseline,Control,3
477,2025-03-21,baseline,Control,3
477,2025-03-24,baseline,Control,6
477,2025-03-25,baseline,Control,6
477,2025-03-26,baseline,Control,4
477,2025-03-27,baseline,Control,6
477,2025-03-28,baseline,Control,5
477,2025-03-31,intervencion,Control,5
477,2025-04-01,intervencion,Control,6
477,2025-04-02,intervencion,Control,4
477,2025-04-03,intervencion,Control,5
477,2025-04-04,intervencion,Control,3
477,2025-04-07,intervencion,Control,4
477,2025-04-08,intervencion,Control,6
477,2025-04-09,intervencion,Control,5
477,2025-04-10,intervencion,Control,4
477,2025-04-11,intervencion,Control,6
477,2025-04-14,intervencion,Control,6
477,2025-04-15,intervencion,Control,5
477,2025-04-16,intervencion,Control,3
477,2025-04-17,intervencion,Control,4
477,2025-04-18,intervencion,Control,4
477,2025-04-21,intervencion,Control,5
477,2025-04-22,intervencion,Control,4
477,2025-04-23,intervencion,Control,4
477,2025-04-24,intervencion,Control,3
477,2025-04-25,intervencion,Control,5
478,2025-03-03,baseline,Tratamiento,3
478,2025-03-04,baseline,Tratamiento,4
478,2025-03-05,baseline,Tratamiento,5
478,2025-03-06,baseline,Tratamiento,4
478,2025-03-07,baseline,Tratamiento,4
478,2025-03-10,baseline,Tratamiento,5
478,2025-03-11,baseline,Tratamiento,4
478,2025-03-12,baseline,Tratamiento,5
478,2025-03-13,baseline,Tratamiento,4
478,2025-03-14,baseline,Tratamiento,5
478,2025-03-17,baseline,Tratamiento,4
478,2025-03-18,baseline,Tratamiento,5
478,2025-03-19,baseline,Tratamiento,6
478,2025-03-20,baseline,Tratamiento,5
478,2025-03-21,baseline,Tratamiento,5
478,2025-03-24,baseline,Tratamiento,4
478,2025-03-25,baseline,Tratamiento,5
478,2025-03-26,baseline,Tratamiento,4
478,2025-03-27,baseline,Tratamiento,5
478,2025-03-28,baseline,Tratamiento,5
478,2025-03-31,intervencion,Tratamiento,4
478,2025-04-01,intervencion,Tratamiento,5
478,2025-04-02,intervencion,Tratamiento,5
478,2025-04-03,intervencion,Tratamiento,4
478,2025-04-04,intervencion,Tratamiento,5
478,2025-04-07,intervencion,Tratamiento,5
478,2025-04-08,intervencion,Tratamiento,6
478,2025-04-09,intervencion,Tratamiento,7
478,2025-04-10,intervencion,Tratamiento,4
478,2025-04-11,intervencion,Tratamiento,5
478,2025-04-14,intervencion,Tratamiento,6
478,2025-04-15,intervencion,Tratamiento,5
478,2025-04-16,intervencion,Tratamiento,4
478,2025-04-17,intervencion,Tratamiento,7
478,2025-04-18,intervencion,Tratamiento,6
478,2025-04-21,intervencion,Tratamiento,5
478,2025-04-22,intervencion,Tratamiento,6
478,2025-04-23,intervencion,Tratamiento,6
478,2025-04-24,intervencion,Tratamiento,5
478,2025-04-25,intervencion,Tratamiento,4
479,2025-03-03,baseline,Tratamiento,4
479,2025-03-04,baseline,Tratamiento,6
479,2025-03-05,baseline,Tratamiento,5
479,2025-03-06,baseline,Tratamiento,4
479,2025-03-07,baseline,Tratamiento,6
479,2025-03-10,baseline,Tratamiento,4
479,2025-03-11,baseline,Tratamiento,5
479,2025-03-12,baseline,Tratamiento,5
479,2025-03-13,baseline,Tratamiento,6
479,2025-03-14,baseline,Tratamiento,5
479,2025-03-17,baseline,Tratamiento,5
479,2025-03-18,baseline,Tratamiento,4
479,2025-03-19,baseline,Tratamiento,5
479,2025-03-20,baseline,Tratamiento,4
479,2025-03-21,baseline,Tratamiento,3
479,2025-03-24,baseline,Tratamiento,5
479,2025-03-25,baseline,Tratamiento,4
479,2025-03-26,baseline,Tratamiento,4
479,2025-03-27,baseline,Tratamiento,5
479,2025-03-28,baseline,Tratamiento,5
479,2025-03-31,intervencion,Tratamiento,5
479,2025-04-01,intervencion,Tratamiento,7
479,2025-04-02,intervencion,Tratamiento,6
479,2025-04-03,intervencion,Tratamiento,7
479,2025-04-04,intervencion,Tratamiento,5
479,2025-04-07,intervencion,Tratamiento,6
479,2025-04-08,intervencion,Tratamiento,5
479,2025-04-09,intervencion,Tratamiento,4
479,2025-04-10,intervencion,Tratamiento,7
479,2025-04-11,intervencion,Tratamiento,4
479,2025-04-14,intervencion,Tratamiento,3
479,2025-04-15,intervencion,Tratamiento,4
479,2025-04-16,intervencion,Tratamiento,3
479,2025-04-17,intervencion,Tratamiento,4
479,2025-04-18,intervencion,Tratamiento,4
479,2025-04-21,intervencion,Tratamiento,5
479,2025-04-22,intervencion,Tratamiento,3
479,2025-04-23,intervencion,Tratamiento,6
479,2025-04-24,intervencion,Tratamiento,3
479,2025-04-25,intervencion,Tratamiento,5
480,2025-03-03,baseline,Tratamiento,4
480,2025-03-04,baseline,Tratamiento,5
480,2025-03-05,baseline,Tratamiento,5
480,2025-03-06,baseline,Tratamiento,6
480,2025-03-07,baseline,Tratamiento,4
480,2025-03-10,baseline,Tratamiento,4
480,2025-03-11,baseline,Tratamiento,5
480,2025-03-12,baseline,Tratamiento,6
480,2025-03-13,baseline,Tratamiento,5
480,2025-03-14,baseline,Tratamiento,5
480,2025-03-17,baseline,Tratamiento,5
480,2025-03-18,baseline,Tratamiento,5
480,2025-03-19,baseline,Tratamiento,5
480,2025-03-20,baseline,Tratamiento,6
480,2025-03-21,baseline,Tratamiento,4
480,2025-03-24,baseline,Tratamiento,4
480,2025-03-25,baseline,Tratamiento,4
480,2025-03-26,baseline,Tratamiento,5
480,2025-03-27,baseline,Tratamiento,3
480,2025-03-28,baseline,Tratamiento,4
480,2025-03-31,intervencion,Tratamiento,6
480,2025-04-01,intervencion,Tratamiento,4
480,2025-04-02,intervencion,Tratamiento,5
480,2025-04-03,intervencion,Tratamiento,7
480,2025-04-04,intervencion,Tratamiento,5
480,2025-04-07,intervencion,Tratamiento,3
480,2025-04-08,intervencion,Tratamiento,4
480,2025-04-09,intervencion,Tratamiento,5
480,2025-04-10,intervencion,Tratamiento,4
480,2025-04-11,intervencion,Tratamiento,5
480,2025-04-14,intervencion,Tratamiento,5
480,2025-04-15,intervencion,Tratamiento,6
480,2025-04-16,intervencion,Tratamiento,4
480,2025-04-17,intervencion,Tratamiento,5
480,2025-04-18,intervencion,Tratamiento,5
480,2025-04-21,intervencion,Tratamiento,5
480,2025-04-22,intervencion,Tratamiento,5
480,2025-04-23,intervencion,Tratamiento,3
480,2025-04-24,intervencion,Tratamiento,5
480,2025-04-25,intervencion,Tratamiento,5
481,2025-03-03,baseline,Control,5
481,2025-03-04,baseline,Control,5
481,2025-03-05,baseline,Control,5
481,2025-03-06,baseline,Control,5
481,2025-03-07,baseline,Control,6
481,2025-03-10,baseline,Control,6
481,2025-03-11,baseline,Control,5
481,2025-03-12,baseline,Control,7
481,2025-03-13,baseline,Control,4
481,2025-03-14,baseline,Control,4
481,2025-03-17,baseline,Control,5
481,2025-03-18,baseline,Control,4
481,2025-03-19,baseline,Control,2
481,2025-03-20,baseline,Control,4
481,2025-03-21,baseline,Control,5
481,2025-03-24,baseline,Control,5
481,2025-03-25,baseline,Control,4
481,2025-03-26,baseline,Control,5
481,2025-03-27,baseline,Control,5
481,2025-03-28,baseline,Control,5
481,2025-03-31,intervencion,Control,4
481,2025-04-01,intervencion,Control,5
481,2025-04-02,intervencion,Control,4
481,2025-04-03,intervencion,Control,4
481,2025-04-04,intervencion,Control,6
481,2025-04-07,intervencion,Control,4
481,2025-04-08,intervencion,Control,4
481,2025-04-09,intervencion,Control,3
481,2025-04-10,intervencion,Control,4
481,2025-04-11,intervencion,Control,5
481,2025-04-14,intervencion,Control,5
481,2025-04-15,intervencion,Control,5
481,2025-04-16,intervencion,Control,4
481,2025-04-17,intervencion,Control,3
481,2025-04-18,intervencion,Control,4
481,2025-04-21,intervencion,Control,3
481,2025-04-22,intervencion,Control,5
481,2025-04-23,intervencion,Control,5
481,2025-04-24,intervencion,Control,5
481,2025-04-25,intervencion,Control,5
482,2025-03-03,baseline,Control,5
482,2025-03-04,baseline,Control,5
482,2025-03-05,baseline,Control,6
482,2025-03-06,baseline,Control,4
482,2025-03-07,baseline,Control,4
482,2025-03-10,baseline,Control,4
482,2025-03-11,baseline,Control,5
482,2025-03-12,baseline,Control,3
482,2025-03-13,baseline,Control,6
482,2025-03-14,baseline,Control,5
482,2025-03-17,baseline,Control,6
482,2025-03-18,baseline,Control,5
482,2025-03-19,baseline,Control,4
482,2025-03-20,baseline,Control,5
482,2025-03-21,baseline,Control,6
482,2025-03-24,baseline,Control,4
482,2025-03-25,baseline,Control,3
482,2025-03-26,baseline,Control,3
482,2025-03-27,baseline,Control,5
482,2025-03-28,baseline,Control,6
482,2025-03-31,intervencion,Control,3
482,2025-04-01,intervencion,Control,4
482,2025-04-02,intervencion,Control,4
482,2025-04-03,intervencion,Control,6
482,2025-04-04,intervencion,Control,7
482,2025-04-07,intervencion,Control,5
482,2025-04-08,intervencion,Control,5
482,2025-04-09,intervencion,Control,5
482,2025-04-10,intervencion,Control,3
482,2025-04-11,intervencion,Control,5
482,2025-04-14,intervencion,Control,4
482,2025-04-15,intervencion,Control,4
482,2025-04-16,intervencion,Control,6
482,2025-04-17,intervencion,Control,5
482,2025-04-18,intervencion,Control,6
482,2025-04-21,intervencion,Control,6
482,2025-04-22,intervencion,Control,3
482,2025-04-23,intervencion,Control,3
482,2025-04-24,intervencion,Control,6
482,2025-04-25,intervencion,Control,6
483,2025-03-03,baseline,Control,5
483,2025-03-04,baseline,Control,5
483,2025-03-05,baseline,Control,5
483,2025-03-06,baseline,Control,5
483,2025-03-07,baseline,Control,4
483,2025-03-10,baseline,Control,5
483,2025-03-11,baseline,Control,4
483,2025-03-12,baseline,Control,5
483,2025-03-13,baseline,Control,5
483,2025-03-14,baseline,Control,4
483,2025-03-17,baseline,Control,4
483,2025-03-18,baseline,Control,7
483,2025-03-19,baseline,Control,4
483,2025-03-20,baseline,Control,5
483,2025-03-21,baseline,Control,5
483,2025-03-24,baseline,Control,5
483,2025-03-25,baseline,Control,5
483,2025-03-26,baseline,Control,5
483,2025-03-27,baseline,Control,4
483,2025-03-28,baseline,Control,5
483,2025-03-31,intervencion,Control,4
483,2025-04-01,intervencion,Control,6
483,2025-04-02,intervencion,Control,5
483,2025-04-03,intervencion,Control,4
483,2025-04-04,intervencion,Control,5
483,2025-04-07,intervencion,Control,4
483,2025-04-08,intervencion,Control,5
483,2025-04-09,intervencion,Control,4
483,2025-04-10,intervencion,Control,4
483,2025-04-11,intervencion,Control,4
483,2025-04-14,intervencion,Control,7
483,2025-04-15,intervencion,Control,5
483,2025-04-16,intervencion,Control,4
483,2025-04-17,intervencion,Control,4
483,2025-04-18,intervencion,Control,5
483,2025-04-21,intervencion,Control,4
483,2025-04-22,intervencion,Control,4
483,2025-04-23,intervencion,Control,5
483,2025-04-24,intervencion,Control,5
483,2025-04-25,intervencion,Control,4
484,2025-03-03,baseline,Control,4
484,2025-03-04,baseline,Control,4
484,2025-03-05,baseline,Control,4
484,2025-03-06,baseline,Control,4
484,2025-03-07,baseline,Control,5
484,2025-03-10,baseline,Control,7
484,2025-03-11,baseline,Control,6
484,2025-03-12,baseline,Control,6
484,2025-03-13,baseline,Control,4
484,2025-03-14,baseline,Control,6
484,2025-03-17,baseline,Control,5
484,2025-03-18,baseline,Control,5
484,2025-03-19,baseline,Control,5
484,2025-03-20,baseline,Control,4
484,2025-03-21,baseline,Control,5
484,2025-03-24,baseline,Control,5
484,2025-03-25,baseline,Control,3
484,2025-03-26,baseline,Control,4
484,2025-03-27,baseline,Control,5
484,2025-03-28,baseline,Control,5
484,2025-03-31,intervencion,Control,5
484,2025-04-01,intervencion,Control,4
484,2025-04-02,intervencion,Control,5
484,2025-04-03,intervencion,Control,5
484,2025-04-04,intervencion,Control,4
484,2025-04-07,intervencion,Control,4
484,2025-04-08,intervencion,Control,5
484,2025-04-09,intervencion,Control,5
484,2025-04-10,intervencion,Control,5
484,2025-04-11,intervencion,Control,6
484,2025-04-14,intervencion,Control,5
484,2025-04-15,intervencion,Control,6
484,2025-04-16,intervencion,Control,5
484,2025-04-17,intervencion,Control,4
484,2025-04-18,intervencion,Control,4
484,2025-04-21,intervencion,Control,5
484,2025-04-22,intervencion,Control,2
484,2025-04-23,intervencion,Control,5
484,2025-04-24,intervencion,Control,5
484,2025-04-25,intervencion,Control,4
485,2025-03-03,baseline,Tratamiento,5
485,2025-03-04,baseline,Tratamiento,3
485,2025-03-05,baseline,Tratamiento,6
485,2025-03-06,baseline,Tratamiento,4
485,2025-03-07,baseline,Tratamiento,4
485,2025-03-10,baseline,Tratamiento,5
485,2025-03-11,baseline,Tratamiento,5
485,2025-03-12,baseline,Tratamiento,4
485,2025-03-13,baseline,Tratamiento,4
485,2025-03-14,baseline,Tratamiento,5
485,2025-03-17,baseline,Tratamiento,6
485,2025-03-18,baseline,Tratamiento,5
485,2025-03-19,baseline,Tratamiento,5
485,2025-03-20,baseline,Tratamiento,5
485,2025-03-21,baseline,Tratamiento,5
485,2025-03-24,baseline,Tratamiento,5
485,2025-03-25,baseline,Tratamiento,5
485,2025-03-26,baseline,Tratamiento,5
485,2025-03-27,baseline,Tratamiento,4
485,2025-03-28,baseline,Tratamiento,4
485,2025-03-31,intervencion,Tratamiento,6
485,2025-04-01,intervencion,Tratamiento,6
485,2025-04-02,intervencion,Tratamiento,4
485,2025-04-03,intervencion,Tratamiento,5
485,2025-04-04,intervencion,Tratamiento,5
485,2025-04-07,intervencion,Tratamiento,6
485,2025-04-08,intervencion,Tratamiento,5
485,2025-04-09,intervencion,Tratamiento,7
485,2025-04-10,intervencion,Tratamiento,5
485,2025-04-11,intervencion,Tratamiento,6
485,2025-04-14,intervencion,Tratamiento,6
485,2025-04-15,intervencion,Tratamiento,5
485,2025-04-16,intervencion,Tratamiento,5
485,2025-04-17,intervencion,Tratamiento,5
485,2025-04-18,intervencion,Tratamiento,5
485,2025-04-21,intervencion,Tratamiento,6
485,2025-04-22,intervencion,Tratamiento,4
485,2025-04-23,intervencion,Tratamiento,5
485,2025-04-24,intervencion,Tratamiento,5
485,2025-04-25,intervencion,Tratamiento,3
486,2025-03-03,baseline,Control,5
486,2025-03-04,baseline,Control,6
486,2025-03-05,baseline,Control,4
486,2025-03-06,baseline,Control,6
486,2025-03-07,baseline,Control,3
486,2025-03-10,baseline,Control,5
486,2025-03-11,baseline,Control,4
486,2025-03-12,baseline,Control,5
486,2025-03-13,baseline,Control,5
486,2025-03-14,baseline,Control,5
486,2025-03-17,baseline,Control,4
486,2025-03-18,baseline,Control,5
486,2025-03-19,baseline,Control,6
486,2025-03-20,baseline,Control,4
486,2025-03-21,baseline,Control,7
486,2025-03-24,baseline,Control,4
486,2025-03-25,baseline,Control,5
486,2025-03-26,baseline,Control,5
486,2025-03-27,baseline,Control,4
486,2025-03-28,baseline,Control,6
486,2025-03-31,intervencion,Control,5
486,2025-04-01,intervencion,Control,4
486,2025-04-02,intervencion,Control,6
486,2025-04-03,intervencion,Control,4
486,2025-04-04,intervencion,Control,4
486,2025-04-07,intervencion,Control,5
486,2025-04-08,intervencion,Control,5
486,2025-04-09,intervencion,Control,5
486,2025-04-10,intervencion,Control,4
486,2025-04-11,intervencion,Control,4
486,2025-04-14,intervencion,Control,6
486,2025-04-15,intervencion,Control,5
486,2025-04-16,intervencion,Control,4
486,2025-04-17,intervencion,Control,4
486,2025-04-18,intervencion,Control,6
486,2025-04-21,intervencion,Control,4
486,2025-04-22,intervencion,Control,5
486,2025-04-23,intervencion,Control,6
486,2025-04-24,intervencion,Control,5
486,2025-04-25,intervencion,Control,4
487,2025-03-03,baseline,Tratamiento,4
487,2025-03-04,baseline,Tratamiento,6
487,2025-03-05,baseline,Tratamiento,4
487,2025-03-06,baseline,Tratamiento,4
487,2025-03-07,baseline,Tratamiento,5
487,2025-03-10,baseline,Tratamiento,4
487,2025-03-11,baseline,Tratamiento,5
487,2025-03-12,baseline,Tratamiento,3
487,2025-03-13,baseline,Tratamiento,4
487,2025-03-14,baseline,Tratamiento,5
487,2025-03-17,baseline,Tratamiento,5
487,2025-03-18,baseline,Tratamiento,4
487,2025-03-19,baseline,Tratamiento,4
487,2025-03-20,baseline,Tratamiento,5
487,2025-03-21,baseline,Tratamiento,3
487,2025-03-24,baseline,Tratamiento,6
487,2025-03-25,baseline,Tratamiento,5
487,2025-03-26,baseline,Tratamiento,4
487,2025-03-27,baseline,Tratamiento,4
487,2025-03-28,baseline,Tratamiento,4
487,2025-03-31,intervencion,Tratamiento,4
487,2025-04-01,intervencion,Tratamiento,5
487,2025-04-02,intervencion,Tratamiento,4
487,2025-04-03,intervencion,Tratamiento,5
487,2025-04-04,intervencion,Tratamiento,5
487,2025-04-07,intervencion,Tratamiento,6
487,2025-04-08,intervencion,Tratamiento,5
487,2025-04-09,intervencion,Tratamiento,6
487,2025-04-10,intervencion,Tratamiento,6
487,2025-04-11,intervencion,Tratamiento,5
487,2025-04-14,intervencion,Tratamiento,5
487,2025-04-15,intervencion,Tratamiento,4
487,2025-04-16,intervencion,Tratamiento,4
487,2025-04-17,intervencion,Tratamiento,6
487,2025-04-18,intervencion,Tratamiento,5
487,2025-04-21,intervencion,Tratamiento,6
487,2025-04-22,intervencion,Tratamiento,4
487,2025-04-23,intervencion,Tratamiento,6
487,2025-04-24,intervencion,Tratamiento,5
487,2025-04-25,intervencion,Tratamiento,4
488,2025-03-03,baseline,Tratamiento,4
488,2025-03-04,baseline,Tratamiento,6
488,2025-03-05,baseline,Tratamiento,4
488,2025-03-06,baseline,Tratamiento,4
488,2025-03-07,baseline,Tratamiento,7
488,2025-03-10,baseline,Tratamiento,5
488,2025-03-11,baseline,Tratamiento,4
488,2025-03-12,baseline,Tratamiento,4
488,2025-03-13,baseline,Tratamiento,3
488,2025-03-14,baseline,Tratamiento,5
488,2025-03-17,baseline,Tratamiento,5
488,2025-03-18,baseline,Tratamiento,6
488,2025-03-19,baseline,Tratamiento,3
488,2025-03-20,baseline,Tratamiento,3
488,2025-03-21,baseline,Tratamiento,4
488,2025-03-24,baseline,Tratamiento,7
488,2025-03-25,baseline,Tratamiento,5
488,2025-03-26,baseline,Tratamiento,5
488,2025-03-27,baseline,Tratamiento,3
488,2025-03-28,baseline,Tratamiento,3
488,2025-03-31,intervencion,Tratamiento,5
488,2025-04-01,intervencion,Tratamiento,5
488,2025-04-02,intervencion,Tratamiento,5
488,2025-04-03,intervencion,Tratamiento,5
488,2025-04-04,intervencion,Tratamiento,4
488,2025-04-07,intervencion,Tratamiento,4
488,2025-04-08,intervencion,Tratamiento,6
488,2025-04-09,intervencion,Tratamiento,4
488,2025-04-10,intervencion,Tratamiento,5
488,2025-04-11,intervencion,Tratamiento,5
488,2025-04-14,intervencion,Tratamiento,6
488,2025-04-15,intervencion,Tratamiento,4
488,2025-04-16,intervencion,Tratamiento,6
488,2025-04-17,intervencion,Tratamiento,4
488,2025-04-18,intervencion,Tratamiento,5
488,2025-04-21,intervencion,Tratamiento,6
488,2025-04-22,intervencion,Tratamiento,4
488,2025-04-23,intervencion,Tratamiento,6
488,2025-04-24,intervencion,Tratamiento,6
488,2025-04-25,intervencion,Tratamiento,5
489,2025-03-03,baseline,Control,4
489,2025-03-04,baseline,Control,7
489,2025-03-05,baseline,Control,5
489,2025-03-06,baseline,Control,5
489,2025-03-07,baseline,Control,4
489,2025-03-10,baseline,Control,5
489,2025-03-11,baseline,Control,5
489,2025-03-12,baseline,Control,4
489,2025-03-13,baseline,Control,3
489,2025-03-14,baseline,Control,5
489,2025-03-17,baseline,Control,4
489,2025-03-18,baseline,Control,5
489,2025-03-19,baseline,Control,5
489,2025-03-20,baseline,Control,5
489,2025-03-21,baseline,Control,4
489,2025-03-24,baseline,Control,4
489,2025-03-25,baseline,Control,4
489,2025-03-26,baseline,Control,3
489,2025-03-27,baseline,Control,6
489,2025-03-28,baseline,Control,3
489,2025-03-31,intervencion,Control,6
489,2025-04-01,intervencion,Control,5
489,2025-04-02,intervencion,Control,4
489,2025-04-03,intervencion,Control,5
489,2025-04-04,intervencion,Control,5
489,2025-04-07,intervencion,Control,4
489,2025-04-08,intervencion,Control,5
489,2025-04-09,intervencion,Control,5
489,2025-04-10,intervencion,Control,4
489,2025-04-11,intervencion,Control,5
489,2025-04-14,intervencion,Control,2
489,2025-04-15,intervencion,Control,3
489,2025-04-16,intervencion,Control,5
489,2025-04-17,intervencion,Control,4
489,2025-04-18,intervencion,Control,4
489,2025-04-21,intervencion,Control,5
489,2025-04-22,intervencion,Control,4
489,2025-04-23,intervencion,Control,4
489,2025-04-24,intervencion,Control,3
489,2025-04-25,intervencion,Control,3
490,2025-03-03,baseline,Tratamiento,5
490,2025-03-04,baseline,Tratamiento,4
490,2025-03-05,baseline,Tratamiento,5
490,2025-03-06,baseline,Tratamiento,4
490,2025-03-07,baseline,Tratamiento,5
490,2025-03-10,baseline,Tratamiento,4
490,2025-03-11,baseline,Tratamiento,5
490,2025-03-12,baseline,Tratamiento,5
490,2025-03-13,baseline,Tratamiento,4
490,2025-03-14,baseline,Tratamiento,3
490,2025-03-17,baseline,Tratamiento,5
490,2025-03-18,baseline,Tratamiento,6
490,2025-03-19,baseline,Tratamiento,6
490,2025-03-20,baseline,Tratamiento,4
490,2025-03-21,baseline,Tratamiento,4
490,2025-03-24,baseline,Tratamiento,4
490,2025-03-25,baseline,Tratamiento,4
490,2025-03-26,baseline,Tratamiento,5
490,2025-03-27,baseline,Tratamiento,4
490,2025-03-28,baseline,Tratamiento,3
490,2025-03-31,intervencion,Tratamiento,5
490,2025-04-01,intervencion,Tratamiento,2
490,2025-04-02,intervencion,Tratamiento,5
490,2025-04-03,intervencion,Tratamiento,4
490,2025-04-04,intervencion,Tratamiento,6
490,2025-04-07,intervencion,Tratamiento,6
490,2025-04-08,intervencion,Tratamiento,6
490,2025-04-09,intervencion,Tratamiento,5
490,2025-04-10,intervencion,Tratamiento,4
490,2025-04-11,intervencion,Tratamiento,4
490,2025-04-14,intervencion,Tratamiento,5
490,2025-04-15,intervencion,Tratamiento,3
490,2025-04-16,intervencion,Tratamiento,6
490,2025-04-17,intervencion,Tratamiento,5
490,2025-04-18,intervencion,Tratamiento,5
490,2025-04-21,intervencion,Tratamiento,3
490,2025-04-22,intervencion,Tratamiento,4
490,2025-04-23,intervencion,Tratamiento,3
490,2025-04-24,intervencion,Tratamiento,6
490,2025-04-25,intervencion,Tratamiento,5
491,2025-03-03,baseline,Control,5
491,2025-03-04,baseline,Control,5
491,2025-03-05,baseline,Control,5
491,2025-03-06,baseline,Control,4
491,2025-03-07,baseline,Control,4
491,2025-03-10,baseline,Control,5
491,2025-03-11,baseline,Control,5
491,2025-03-12,baseline,Control,5
491,2025-03-13,baseline,Control,7
491,2025-03-14,baseline,Control,6
491,2025-03-17,baseline,Control,3
491,2025-03-18,baseline,Control,4
491,2025-03-19,baseline,Control,4
491,2025-03-20,baseline,Control,6
491,2025-03-21,baseline,Control,4
491,2025-03-24,baseline,Control,5
491,2025-03-25,baseline,Control,2
491,2025-03-26,baseline,Control,3
491,2025-03-27,baseline,Control,6
491,2025-03-28,baseline,Control,5
491,2025-03-31,intervencion,Control,4
491,2025-04-01,intervencion,Control,5
491,2025-04-02,intervencion,Control,4
491,2025-04-03,intervencion,Control,4
491,2025-04-04,intervencion,Control,3
491,2025-04-07,intervencion,Control,4
491,2025-04-08,intervencion,Control,4
491,2025-04-09,intervencion,Control,6
491,2025-04-10,intervencion,Control,5
491,2025-04-11,intervencion,Control,5
491,2025-04-14,intervencion,Control,5
491,2025-04-15,intervencion,Control,5
491,2025-04-16,intervencion,Control,4
491,2025-04-17,intervencion,Control,4
491,2025-04-18,intervencion,Control,5
491,2025-04-21,intervencion,Control,4
491,2025-04-22,intervencion,Control,5
491,2025-04-23,intervencion,Control,4
491,2025-04-24,intervencion,Control,6
491,2025-04-25,intervencion,Control,6
492,2025-03-03,baseline,Control,4
492,2025-03-04,baseline,Control,3
492,2025-03-05,baseline,Control,4
492,2025-03-06,baseline,Control,4
492,2025-03-07,baseline,Control,5
492,2025-03-10,baseline,Control,5
492,2025-03-11,baseline,Control,4
492,2025-03-12,baseline,Control,4
492,2025-03-13,baseline,Control,3
492,2025-03-14,baseline,Control,5
492,2025-03-17,baseline,Control,5
492,2025-03-18,baseline,Control,5
492,2025-03-19,baseline,Control,5
492,2025-03-20,baseline,Control,5
492,2025-03-21,baseline,Control,3
492,2025-03-24,baseline,Control,4
492,2025-03-25,baseline,Control,5
492,2025-03-26,baseline,Control,4
492,2025-03-27,baseline,Control,3
492,2025-03-28,baseline,Control,5
492,2025-03-31,intervencion,Control,4
492,2025-04-01,intervencion,Control,6
492,2025-04-02,intervencion,Control,5
492,2025-04-03,intervencion,Control,4
492,2025-04-04,intervencion,Control,6
492,2025-04-07,intervencion,Control,3
492,2025-04-08,intervencion,Control,6
492,2025-04-09,intervencion,Control,4
492,2025-04-10,intervencion,Control,5
492,2025-04-11,intervencion,Control,5
492,2025-04-14,intervencion,Control,4
492,2025-04-15,intervencion,Control,4
492,2025-04-16,intervencion,Control,4
492,2025-04-17,intervencion,Control,4
492,2025-04-18,intervencion,Control,6
492,2025-04-21,intervencion,Control,4
492,2025-04-22,intervencion,Control,6
492,2025-04-23,intervencion,Control,6
492,2025-04-24,intervencion,Control,5
492,2025-04-25,intervencion,Control,4
493,2025-03-03,baseline,Control,5
493,2025-03-04,baseline,Control,5
493,2025-03-05,baseline,Control,5
493,2025-03-06,baseline,Control,3
493,2025-03-07,baseline,Control,3
493,2025-03-10,baseline,Control,6
493,2025-03-11,baseline,Control,2
493,2025-03-12,baseline,Control,5
493,2025-03-13,baseline,Control,4
493,2025-03-14,baseline,Control,5
493,2025-03-17,baseline,Control,4
493,2025-03-18,baseline,Control,5
493,2025-03-19,baseline,Control,5
493,2025-03-20,baseline,Control,7
493,2025-03-21,baseline,Control,5
493,2025-03-24,baseline,Control,6
493,2025-03-25,baseline,Control,3
493,2025-03-26,baseline,Control,6
493,2025-03-27,baseline,Control,5
493,2025-03-28,baseline,Control,5
493,2025-03-31,intervencion,Control,5
493,2025-04-01,intervencion,Control,6
493,2025-04-02,intervencion,Control,5
493,2025-04-03,intervencion,Control,4
493,2025-04-04,intervencion,Control,4
493,2025-04-07,intervencion,Control,5
493,2025-04-08,intervencion,Control,5
493,2025-04-09,intervencion,Control,3
493,2025-04-10,intervencion,Control,5
493,2025-04-11,intervencion,Control,4
493,2025-04-14,intervencion,Control,5
493,2025-04-15,intervencion,Control,4
493,2025-04-16,intervencion,Control,4
493,2025-04-17,intervencion,Control,4
493,2025-04-18,intervencion,Control,6
493,2025-04-21,intervencion,Control,5
493,2025-04-22,intervencion,Control,6
493,2025-04-23,intervencion,Control,7
493,2025-04-24,intervencion,Control,5
493,2025-04-25,intervencion,Control,6
494,2025-03-03,baseline,Tratamiento,4
494,2025-03-04,baseline,Tratamiento,6
494,2025-03-05,baseline,Tratamiento,4
494,2025-03-06,baseline,Tratamiento,5
494,2025-03-07,baseline,Tratamiento,5
494,2025-03-10,baseline,Tratamiento,5
494,2025-03-11,baseline,Tratamiento,3
494,2025-03-12,baseline,Tratamiento,4
494,2025-03-13,baseline,Tratamiento,5
494,2025-03-14,baseline,Tratamiento,4
494,2025-03-17,baseline,Tratamiento,3
494,2025-03-18,baseline,Tratamiento,5
494,2025-03-19,baseline,Tratamiento,4
494,2025-03-20,baseline,Tratamiento,5
494,2025-03-21,baseline,Tratamiento,5
494,2025-03-24,baseline,Tratamiento,5
494,2025-03-25,baseline,Tratamiento,4
494,2025-03-26,baseline,Tratamiento,4
494,2025-03-27,baseline,Tratamiento,5
494,2025-03-28,baseline,Tratamiento,4
494,2025-03-31,intervencion,Tratamiento,5
494,2025-04-01,intervencion,Tratamiento,4
494,2025-04-02,intervencion,Tratamiento,5
494,2025-04-03,intervencion,Tratamiento,5
494,2025-04-04,intervencion,Tratamiento,3
494,2025-04-07,intervencion,Tratamiento,4
494,2025-04-08,intervencion,Tratamiento,4
494,2025-04-09,intervencion,Tratamiento,6
494,2025-04-10,intervencion,Tratamiento,3
494,2025-04-11,intervencion,Tratamiento,5
494,2025-04-14,intervencion,Tratamiento,6
494,2025-04-15,intervencion,Tratamiento,5
494,2025-04-16,intervencion,Tratamiento,5
494,2025-04-17,intervencion,Tratamiento,5
494,2025-04-18,intervencion,Tratamiento,6
494,2025-04-21,intervencion,Tratamiento,5
494,2025-04-22,intervencion,Tratamiento,3
494,2025-04-23,intervencion,Tratamiento,6
494,2025-04-24,intervencion,Tratamiento,5
494,2025-04-25,intervencion,Tratamiento,5
495,2025-03-03,baseline,Control,3
495,2025-03-04,baseline,Control,4
495,2025-03-05,baseline,Control,4
495,2025-03-06,baseline,Control,4
495,2025-03-07,baseline,Control,4
495,2025-03-10,baseline,Control,4
495,2025-03-11,baseline,Control,4
495,2025-03-12,baseline,Control,5
495,2025-03-13,baseline,Control,5
495,2025-03-14,baseline,Control,4
495,2025-03-17,baseline,Control,4
495,2025-03-18,baseline,Control,4
495,2025-03-19,baseline,Control,4
495,2025-03-20,baseline,Control,5
495,2025-03-21,baseline,Control,4
495,2025-03-24,baseline,Control,6
495,2025-03-25,baseline,Control,5
495,2025-03-26,baseline,Control,2
495,2025-03-27,baseline,Control,5
495,2025-03-28,baseline,Control,6
495,2025-03-31,intervencion,Control,5
495,2025-04-01,intervencion,Control,4
495,2025-04-02,intervencion,Control,5
495,2025-04-03,intervencion,Control,5
495,2025-04-04,intervencion,Control,5
495,2025-04-07,intervencion,Control,3
495,2025-04-08,intervencion,Control,4
495,2025-04-09,intervencion,Control,6
495,2025-04-10,intervencion,Control,5
495,2025-04-11,intervencion,Control,6
495,2025-04-14,intervencion,Control,7
495,2025-04-15,intervencion,Control,4
495,2025-04-16,intervencion,Control,4
495,2025-04-17,intervencion,Control,4
495,2025-04-18,intervencion,Control,6
495,2025-04-21,intervencion,Control,6
495,2025-04-22,intervencion,Control,7
495,2025-04-23,intervencion,Control,5
495,2025-04-24,intervencion,Control,5
495,2025-04-25,intervencion,Control,4
496,2025-03-03,baseline,Tratamiento,2
496,2025-03-04,baseline,Tratamiento,5
496,2025-03-05,baseline,Tratamiento,4
496,2025-03-06,baseline,Tratamiento,5
496,2025-03-07,baseline,Tratamiento,3
496,2025-03-10,baseline,Tratamiento,4
496,2025-03-11,baseline,Tratamiento,5
496,2025-03-12,baseline,Tratamiento,5
496,2025-03-13,baseline,Tratamiento,5
496,2025-03-14,baseline,Tratamiento,6
496,2025-03-17,baseline,Tratamiento,6
496,2025-03-18,baseline,Tratamiento,4
496,2025-03-19,baseline,Tratamiento,6
496,2025-03-20,baseline,Tratamiento,6
496,2025-03-21,baseline,Tratamiento,4
496,2025-03-24,baseline,Tratamiento,5
496,2025-03-25,baseline,Tratamiento,5
496,2025-03-26,baseline,Tratamiento,4
496,2025-03-27,baseline,Tratamiento,4
496,2025-03-28,baseline,Tratamiento,6
496,2025-03-31,intervencion,Tratamiento,5
496,2025-04-01,intervencion,Tratamiento,4
496,2025-04-02,intervencion,Tratamiento,4
496,2025-04-03,intervencion,Tratamiento,4
496,2025-04-04,intervencion,Tratamiento,5
496,2025-04-07,intervencion,Tratamiento,6
496,2025-04-08,intervencion,Tratamiento,4
496,2025-04-09,intervencion,Tratamiento,6
496,2025-04-10,intervencion,Tratamiento,5
496,2025-04-11,intervencion,Tratamiento,5
496,2025-04-14,intervencion,Tratamiento,6
496,2025-04-15,intervencion,Tratamiento,6
496,2025-04-16,intervencion,Tratamiento,4
496,2025-04-17,intervencion,Tratamiento,4
496,2025-04-18,intervencion,Tratamiento,5
496,2025-04-21,intervencion,Tratamiento,5
496,2025-04-22,intervencion,Tratamiento,6
496,2025-04-23,intervencion,Tratamiento,5
496,2025-04-24,intervencion,Tratamiento,6
496,2025-04-25,intervencion,Tratamiento,4
497,2025-03-03,baseline,Tratamiento,4
497,2025-03-04,baseline,Tratamiento,4
497,2025-03-05,baseline,Tratamiento,4
497,2025-03-06,baseline,Tratamiento,6
497,2025-03-07,baseline,Tratamiento,2
497,2025-03-10,baseline,Tratamiento,4
497,2025-03-11,baseline,Tratamiento,6
497,2025-03-12,baseline,Tratamiento,4
497,2025-03-13,baseline,Tratamiento,6
497,2025-03-14,baseline,Tratamiento,7
497,2025-03-17,baseline,Tratamiento,5
497,2025-03-18,baseline,Tratamiento,6
497,2025-03-19,baseline,Tratamiento,7
497,2025-03-20,baseline,Tratamiento,5
497,2025-03-21,baseline,Tratamiento,5
497,2025-03-24,baseline,Tratamiento,5
497,2025-03-25,baseline,Tratamiento,6
497,2025-03-26,baseline,Tratamiento,5
497,2025-03-27,baseline,Tratamiento,4
497,2025-03-28,baseline,Tratamiento,6
497,2025-03-31,intervencion,Tratamiento,5
497,2025-04-01,intervencion,Tratamiento,6
497,2025-04-02,intervencion,Tratamiento,5
497,2025-04-03,intervencion,Tratamiento,7
497,2025-04-04,intervencion,Tratamiento,4
497,2025-04-07,intervencion,Tratamiento,4
497,2025-04-08,intervencion,Tratamiento,6
497,2025-04-09,intervencion,Tratamiento,4
497,2025-04-10,intervencion,Tratamiento,5
497,2025-04-11,intervencion,Tratamiento,6
497,2025-04-14,intervencion,Tratamiento,3
497,2025-04-15,intervencion,Tratamiento,5
497,2025-04-16,intervencion,Tratamiento,6
497,2025-04-17,intervencion,Tratamiento,5
497,2025-04-18,intervencion,Tratamiento,4
497,2025-04-21,intervencion,Tratamiento,5
497,2025-04-22,intervencion,Tratamiento,4
497,2025-04-23,intervencion,Tratamiento,5
497,2025-04-24,intervencion,Tratamiento,5
497,2025-04-25,intervencion,Tratamiento,4
498,2025-03-03,baseline,Tratamiento,5
498,2025-03-04,baseline,Tratamiento,6
498,2025-03-05,baseline,Tratamiento,5
498,2025-03-06,baseline,Tratamiento,6
498,2025-03-07,baseline,Tratamiento,6
498,2025-03-10,baseline,Tratamiento,4
498,2025-03-11,baseline,Tratamiento,5
498,2025-03-12,baseline,Tratamiento,4
498,2025-03-13,baseline,Tratamiento,3
498,2025-03-14,baseline,Tratamiento,5
498,2025-03-17,baseline,Tratamiento,4
498,2025-03-18,baseline,Tratamiento,5
498,2025-03-19,baseline,Tratamiento,3
498,2025-03-20,baseline,Tratamiento,5
498,2025-03-21,baseline,Tratamiento,3
498,2025-03-24,baseline,Tratamiento,5
498,2025-03-25,baseline,Tratamiento,4
498,2025-03-26,baseline,Tratamiento,4
498,2025-03-27,baseline,Tratamiento,6
498,2025-03-28,baseline,Tratamiento,4
498,2025-03-31,intervencion,Tratamiento,5
498,2025-04-01,intervencion,Tratamiento,5
498,2025-04-02,intervencion,Tratamiento,5
498,2025-04-03,intervencion,Tratamiento,6
498,2025-04-04,intervencion,Tratamiento,6
498,2025-04-07,intervencion,Tratamiento,5
498,2025-04-08,intervencion,Tratamiento,6
498,2025-04-09,intervencion,Tratamiento,4
498,2025-04-10,intervencion,Tratamiento,4
498,2025-04-11,intervencion,Tratamiento,5
498,2025-04-14,intervencion,Tratamiento,6
498,2025-04-15,intervencion,Tratamiento,4
498,2025-04-16,intervencion,Tratamiento,6
498,2025-04-17,intervencion,Tratamiento,5
498,2025-04-18,intervencion,Tratamiento,5
498,2025-04-21,intervencion,Tratamiento,6
498,2025-04-22,intervencion,Tratamiento,4
498,2025-04-23,intervencion,Tratamiento,7
498,2025-04-24,intervencion,Tratamiento,5
498,2025-04-25,intervencion,Tratamiento,5
499,2025-03-03,baseline,Control,6
499,2025-03-04,baseline,Control,5
499,2025-03-05,baseline,Control,6
499,2025-03-06,baseline,Control,3
499,2025-03-07,baseline,Control,4
499,2025-03-10,baseline,Control,5
499,2025-03-11,baseline,Control,6
499,2025-03-12,baseline,Control,5
499,2025-03-13,baseline,Control,5
499,2025-03-14,baseline,Control,6
499,2025-03-17,baseline,Control,5
499,2025-03-18,baseline,Control,3
499,2025-03-19,baseline,Control,6
499,2025-03-20,baseline,Control,4
499,2025-03-21,baseline,Control,5
499,2025-03-24,baseline,Control,5
499,2025-03-25,baseline,Control,5
499,2025-03-26,baseline,Control,4
499,2025-03-27,baseline,Control,3
499,2025-03-28,baseline,Control,4
499,2025-03-31,intervencion,Control,5
499,2025-04-01,intervencion,Control,3
499,2025-04-02,intervencion,Control,4
499,2025-04-03,intervencion,Control,5
499,2025-04-04,intervencion,Control,4
499,2025-04-07,intervencion,Control,4
499,2025-04-08,intervencion,Control,5
499,2025-04-09,intervencion,Control,5
499,2025-04-10,intervencion,Control,4
499,2025-04-11,intervencion,Control,5
499,2025-04-14,intervencion,Control,5
499,2025-04-15,intervencion,Control,3
499,2025-04-16,intervencion,Control,5
499,2025-04-17,intervencion,Control,4
499,2025-04-18,intervencion,Control,5
499,2025-04-21,intervencion,Control,5
499,2025-04-22,intervencion,Control,4
499,2025-04-23,intervencion,Control,5
499,2025-04-24,intervencion,Control,5
499,2025-04-25,intervencion,Control,5
500,2025-03-03,baseline,Tratamiento,5
500,2025-03-04,baseline,Tratamiento,6
500,2025-03-05,baseline,Tratamiento,5
500,2025-03-06,baseline,Tratamiento,3
500,2025-03-07,baseline,Tratamiento,4
500,2025-03-10,baseline,Tratamiento,4
500,2025-03-11,baseline,Tratamiento,5
500,2025-03-12,baseline,Tratamiento,5
500,2025-03-13,baseline,Tratamiento,4
500,2025-03-14,baseline,Tratamiento,6
500,2025-03-17,baseline,Tratamiento,5
500,2025-03-18,baseline,Tratamiento,5
500,2025-03-19,baseline,Tratamiento,4
500,2025-03-20,baseline,Tratamiento,4
500,2025-03-21,baseline,Tratamiento,4
500,2025-03-24,baseline,Tratamiento,5
500,2025-03-25,baseline,Tratamiento,5
500,2025-03-26,baseline,Tratamiento,6
500,2025-03-27,baseline,Tratamiento,4
500,2025-03-28,baseline,Tratamiento,5
500,2025-03-31,intervencion,Tratamiento,6
500,2025-04-01,intervencion,Tratamiento,5
500,2025-04-02,intervencion,Tratamiento,5
500,2025-04-03,intervencion,Tratamiento,4
500,2025-04-04,intervencion,Tratamiento,4
500,2025-04-07,intervencion,Tratamiento,5
500,2025-04-08,intervencion,Tratamiento,5
500,2025-04-09,intervencion,Tratamiento,4
500,2025-04-10,intervencion,Tratamiento,5
500,2025-04-11,intervencion,Tratamiento,5
500,2025-04-14,intervencion,Tratamiento,4
500,2025-04-15,intervencion,Tratamiento,4
500,2025-04-16,intervencion,Tratamiento,5
500,2025-04-17,intervencion,Tratamiento,4
500,2025-04-18,intervencion,Tratamiento,4
500,2025-04-21,intervencion,Tratamiento,5
500,2025-04-22,intervencion,Tratamiento,5
500,2025-04-23,intervencion,Tratamiento,5
500,2025-04-24,intervencion,Tratamiento,4
500,2025-04-25,intervencion,Tratamiento,4
501,2025-03-03,baseline,Tratamiento,4
501,2025-03-04,baseline,Tratamiento,6
501,2025-03-05,baseline,Tratamiento,5
501,2025-03-06,baseline,Tratamiento,3
501,2025-03-07,baseline,Tratamiento,5
501,2025-03-10,baseline,Tratamiento,4
501,2025-03-11,baseline,Tratamiento,5
501,2025-03-12,baseline,Tratamiento,4
501,2025-03-13,baseline,Tratamiento,6
501,2025-03-14,baseline,Tratamiento,4
501,2025-03-17,baseline,Tratamiento,5
501,2025-03-18,baseline,Tratamiento,4
501,2025-03-19,baseline,Tratamiento,5
501,2025-03-20,baseline,Tratamiento,5
501,2025-03-21,baseline,Tratamiento,6
501,2025-03-24,baseline,Tratamiento,5
501,2025-03-25,baseline,Tratamiento,4
501,2025-03-26,baseline,Tratamiento,7
501,2025-03-27,baseline,Tratamiento,5
501,2025-03-28,baseline,Tratamiento,4
501,2025-03-31,intervencion,Tratamiento,5
501,2025-04-01,intervencion,Tratamiento,6
501,2025-04-02,intervencion,Tratamiento,5
501,2025-04-03,intervencion,Tratamiento,5
501,2025-04-04,intervencion,Tratamiento,6
501,2025-04-07,intervencion,Tratamiento,6
501,2025-04-08,intervencion,Tratamiento,4
501,2025-04-09,intervencion,Tratamiento,7
501,2025-04-10,intervencion,Tratamiento,7
501,2025-04-11,intervencion,Tratamiento,6
501,2025-04-14,intervencion,Tratamiento,5
501,2025-04-15,intervencion,Tratamiento,5
501,2025-04-16,intervencion,Tratamiento,5
501,2025-04-17,intervencion,Tratamiento,5
501,2025-04-18,intervencion,Tratamiento,3
501,2025-04-21,intervencion,Tratamiento,6
501,2025-04-22,intervencion,Tratamiento,6
501,2025-04-23,intervencion,Tratamiento,3
501,2025-04-24,intervencion,Tratamiento,6
501,2025-04-25,intervencion,Tratamiento,5
502,2025-03-03,baseline,Tratamiento,4
502,2025-03-04,baseline,Tratamiento,5
502,2025-03-05,baseline,Tratamiento,3
502,2025-03-06,baseline,Tratamiento,5
502,2025-03-07,baseline,Tratamiento,5
502,2025-03-10,baseline,Tratamiento,5
502,2025-03-11,baseline,Tratamiento,3
502,2025-03-12,baseline,Tratamiento,5
502,2025-03-13,baseline,Tratamiento,6
502,2025-03-14,baseline,Tratamiento,5
502,2025-03-17,baseline,Tratamiento,4
502,2025-03-18,baseline,Tratamiento,7
502,2025-03-19,baseline,Tratamiento,4
502,2025-03-20,baseline,Tratamiento,5
502,2025-03-21,baseline,Tratamiento,5
502,2025-03-24,baseline,Tratamiento,6
502,2025-03-25,baseline,Tratamiento,5
502,2025-03-26,baseline,Tratamiento,5
502,2025-03-27,baseline,Tratamiento,5
502,2025-03-28,baseline,Tratamiento,4
502,2025-03-31,intervencion,Tratamiento,4
502,2025-04-01,intervencion,Tratamiento,5
502,2025-04-02,intervencion,Tratamiento,6
502,2025-04-03,intervencion,Tratamiento,5
502,2025-04-04,intervencion,Tratamiento,5
502,2025-04-07,intervencion,Tratamiento,6
502,2025-04-08,intervencion,Tratamiento,3
502,2025-04-09,intervencion,Tratamiento,4
502,2025-04-10,intervencion,Tratamiento,3
502,2025-04-11,intervencion,Tratamiento,6
502,2025-04-14,intervencion,Tratamiento,5
502,2025-04-15,intervencion,Tratamiento,6
502,2025-04-16,intervencion,Tratamiento,5
502,2025-04-17,intervencion,Tratamiento,6
502,2025-04-18,intervencion,Tratamiento,5
502,2025-04-21,intervencion,Tratamiento,5
502,2025-04-22,intervencion,Tratamiento,5
502,2025-04-23,intervencion,Tratamiento,5
502,2025-04-24,intervencion,Tratamiento,6
502,2025-04-25,intervencion,Tratamiento,3
503,2025-03-03,baseline,Control,5
503,2025-03-04,baseline,Control,5
503,2025-03-05,baseline,Control,5
503,2025-03-06,baseline,Control,4
503,2025-03-07,baseline,Control,4
503,2025-03-10,baseline,Control,6
503,2025-03-11,baseline,Control,5
503,2025-03-12,baseline,Control,7
503,2025-03-13,baseline,Control,5
503,2025-03-14,baseline,Control,4
503,2025-03-17,baseline,Control,5
503,2025-03-18,baseline,Control,5
503,2025-03-19,baseline,Control,6
503,2025-03-20,baseline,Control,4
503,2025-03-21,baseline,Control,3
503,2025-03-24,baseline,Control,5
503,2025-03-25,baseline,Control,5
503,2025-03-26,baseline,Control,5
503,2025-03-27,baseline,Control,5
503,2025-03-28,baseline,Control,5
503,2025-03-31,intervencion,Control,3
503,2025-04-01,intervencion,Control,5
503,2025-04-02,intervencion,Control,6
503,2025-04-03,intervencion,Control,5
503,2025-04-04,intervencion,Control,3
503,2025-04-07,intervencion,Control,4
503,2025-04-08,intervencion,Control,5
503,2025-04-09,intervencion,Control,6
503,2025-04-10,intervencion,Control,3
503,2025-04-11,intervencion,Control,5
503,2025-04-14,intervencion,Control,4
503,2025-04-15,intervencion,Control,5
503,2025-04-16,intervencion,Control,5
503,2025-04-17,intervencion,Control,4
503,2025-04-18,intervencion,Control,5
503,2025-04-21,intervencion,Control,6
503,2025-04-22,intervencion,Control,4
503,2025-04-23,intervencion,Control,3
503,2025-04-24,intervencion,Control,6
503,2025-04-25,intervencion,Control,5
504,2025-03-03,baseline,Control,5
504,2025-03-04,baseline,Control,4
504,2025-03-05,baseline,Control,5
504,2025-03-06,baseline,Control,6
504,2025-03-07,baseline,Control,4
504,2025-03-10,baseline,Control,5
504,2025-03-11,baseline,Control,4
504,2025-03-12,baseline,Control,4
504,2025-03-13,baseline,Control,4
504,2025-03-14,baseline,Control,5
504,2025-03-17,baseline,Control,4
504,2025-03-18,baseline,Control,5
504,2025-03-19,baseline,Control,4
504,2025-03-20,baseline,Control,4
504,2025-03-21,baseline,Control,4
504,2025-03-24,baseline,Control,5
504,2025-03-25,baseline,Control,3
504,2025-03-26,baseline,Control,5
504,2025-03-27,baseline,Control,4
504,2025-03-28,baseline,Control,5
504,2025-03-31,intervencion,Control,3
504,2025-04-01,intervencion,Control,5
504,2025-04-02,intervencion,Control,4
504,2025-04-03,intervencion,Control,5
504,2025-04-04,intervencion,Control,3
504,2025-04-07,intervencion,Control,3
504,2025-04-08,intervencion,Control,4
504,2025-04-09,intervencion,Control,6
504,2025-04-10,intervencion,Control,5
504,2025-04-11,intervencion,Control,5
504,2025-04-14,intervencion,Control,4
504,2025-04-15,intervencion,Control,4
504,2025-04-16,intervencion,Control,5
504,2025-04-17,intervencion,Control,5
504,2025-04-18,intervencion,Control,5
504,2025-04-21,intervencion,Control,6
504,2025-04-22,intervencion,Control,4
504,2025-04-23,intervencion,Control,5
504,2025-04-24,intervencion,Control,3
504,2025-04-25,intervencion,Control,5
505,2025-03-03,baseline,Control,6
505,2025-03-04,baseline,Control,4
505,2025-03-05,baseline,Control,5
505,2025-03-06,baseline,Control,6
505,2025-03-07,baseline,Control,4
505,2025-03-10,baseline,Control,5
505,2025-03-11,baseline,Control,6
505,2025-03-12,baseline,Control,5
505,2025-03-13,baseline,Control,5
505,2025-03-14,baseline,Control,3
505,2025-03-17,baseline,Control,5
505,2025-03-18,baseline,Control,5
505,2025-03-19,baseline,Control,3
505,2025-03-20,baseline,Control,4
505,2025-03-21,baseline,Control,5
505,2025-03-24,baseline,Control,4
505,2025-03-25,baseline,Control,6
505,2025-03-26,baseline,Control,5
505,2025-03-27,baseline,Control,5
505,2025-03-28,baseline,Control,4
505,2025-03-31,intervencion,Control,5
505,2025-04-01,intervencion,Control,5
505,2025-04-02,intervencion,Control,5
505,2025-04-03,intervencion,Control,4
505,2025-04-04,intervencion,Control,6
505,2025-04-07,intervencion,Control,5
505,2025-04-08,intervencion,Control,5
505,2025-04-09,intervencion,Control,5
505,2025-04-10,intervencion,Control,5
505,2025-04-11,intervencion,Control,3
505,2025-04-14,intervencion,Control,5
505,2025-04-15,intervencion,Control,6
505,2025-04-16,intervencion,Control,5
505,2025-04-17,intervencion,Control,5
505,2025-04-18,intervencion,Control,4
505,2025-04-21,intervencion,Control,5
505,2025-04-22,intervencion,Control,4
505,2025-04-23,intervencion,Control,6
505,2025-04-24,intervencion,Control,4
505,2025-04-25,intervencion,Control,4
506,2025-03-03,baseline,Tratamiento,4
506,2025-03-04,baseline,Tratamiento,6
506,2025-03-05,baseline,Tratamiento,4
506,2025-03-06,baseline,Tratamiento,4
506,2025-03-07,baseline,Tratamiento,3
506,2025-03-10,baseline,Tratamiento,4
506,2025-03-11,baseline,Tratamiento,5
506,2025-03-12,baseline,Tratamiento,5
506,2025-03-13,baseline,Tratamiento,4
506,2025-03-14,baseline,Tratamiento,4
506,2025-03-17,baseline,Tratamiento,6
506,2025-03-18,baseline,Tratamiento,7
506,2025-03-19,baseline,Tratamiento,6
506,2025-03-20,baseline,Tratamiento,6
506,2025-03-21,baseline,Tratamiento,6
506,2025-03-24,baseline,Tratamiento,7
506,2025-03-25,baseline,Tratamiento,4
506,2025-03-26,baseline,Tratamiento,4
506,2025-03-27,baseline,Tratamiento,6
506,2025-03-28,baseline,Tratamiento,4
506,2025-03-31,intervencion,Tratamiento,4
506,2025-04-01,intervencion,Tratamiento,4
506,2025-04-02,intervencion,Tratamiento,5
506,2025-04-03,intervencion,Tratamiento,3
506,2025-04-04,intervencion,Tratamiento,4
506,2025-04-07,intervencion,Tratamiento,4
506,2025-04-08,intervencion,Tratamiento,4
506,2025-04-09,intervencion,Tratamiento,6
506,2025-04-10,intervencion,Tratamiento,5
506,2025-04-11,intervencion,Tratamiento,5
506,2025-04-14,intervencion,Tratamiento,5
506,2025-04-15,intervencion,Tratamiento,5
506,2025-04-16,intervencion,Tratamiento,6
506,2025-04-17,intervencion,Tratamiento,5
506,2025-04-18,intervencion,Tratamiento,5
506,2025-04-21,intervencion,Tratamiento,3
506,2025-04-22,intervencion,Tratamiento,5
506,2025-04-23,intervencion,Tratamiento,4
506,2025-04-24,intervencion,Tratamiento,5
506,2025-04-25,intervencion,Tratamiento,5
507,2025-03-03,baseline,Tratamiento,3
507,2025-03-04,baseline,Tratamiento,5
507,2025-03-05,baseline,Tratamiento,5
507,2025-03-06,baseline,Tratamiento,5
507,2025-03-07,baseline,Tratamiento,5
507,2025-03-10,baseline,Tratamiento,4
507,2025-03-11,baseline,Tratamiento,5
507,2025-03-12,baseline,Tratamiento,4
507,2025-03-13,baseline,Tratamiento,4
507,2025-03-14,baseline,Tratamiento,5
507,2025-03-17,baseline,Tratamiento,5
507,2025-03-18,baseline,Tratamiento,5
507,2025-03-19,baseline,Tratamiento,4
507,2025-03-20,baseline,Tratamiento,3
507,2025-03-21,baseline,Tratamiento,6
507,2025-03-24,baseline,Tratamiento,3
507,2025-03-25,baseline,Tratamiento,5
507,2025-03-26,baseline,Tratamiento,6
507,2025-03-27,baseline,Tratamiento,5
507,2025-03-28,baseline,Tratamiento,5
507,2025-03-31,intervencion,Tratamiento,5
507,2025-04-01,intervencion,Tratamiento,5
507,2025-04-02,intervencion,Tratamiento,7
507,2025-04-03,intervencion,Tratamiento,4
507,2025-04-04,intervencion,Tratamiento,4
507,2025-04-07,intervencion,Tratamiento,5
507,2025-04-08,intervencion,Tratamiento,7
507,2025-04-09,intervencion,Tratamiento,4
507,2025-04-10,intervencion,Tratamiento,5
507,2025-04-11,intervencion,Tratamiento,6
507,2025-04-14,intervencion,Tratamiento,6
507,2025-04-15,intervencion,Tratamiento,6
507,2025-04-16,intervencion,Tratamiento,6
507,2025-04-17,intervencion,Tratamiento,5
507,2025-04-18,intervencion,Tratamiento,5
507,2025-04-21,intervencion,Tratamiento,5
507,2025-04-22,intervencion,Tratamiento,5
507,2025-04-23,intervencion,Tratamiento,7
507,2025-04-24,intervencion,Tratamiento,4
507,2025-04-25,intervencion,Tratamiento,5
508,2025-03-03,baseline,Control,3
508,2025-03-04,baseline,Control,5
508,2025-03-05,baseline,Control,4
508,2025-03-06,baseline,Control,5
508,2025-03-07,baseline,Control,5
508,2025-03-10,baseline,Control,6
508,2025-03-11,baseline,Control,6
508,2025-03-12,baseline,Control,5
508,2025-03-13,baseline,Control,4
508,2025-03-14,baseline,Control,4
508,2025-03-17,baseline,Control,5
508,2025-03-18,baseline,Control,5
508,2025-03-19,baseline,Control,5
508,2025-03-20,baseline,Control,4
508,2025-03-21,baseline,Control,6
508,2025-03-24,baseline,Control,3
508,2025-03-25,baseline,Control,4
508,2025-03-26,baseline,Control,4
508,2025-03-27,baseline,Control,4
508,2025-03-28,baseline,Control,6
508,2025-03-31,intervencion,Control,4
508,2025-04-01,intervencion,Control,5
508,2025-04-02,intervencion,Control,5
508,2025-04-03,intervencion,Control,4
508,2025-04-04,intervencion,Control,5
508,2025-04-07,intervencion,Control,5
508,2025-04-08,intervencion,Control,4
508,2025-04-09,intervencion,Control,4
508,2025-04-10,intervencion,Control,5
508,2025-04-11,intervencion,Control,6
508,2025-04-14,intervencion,Control,6
508,2025-04-15,intervencion,Control,6
508,2025-04-16,intervencion,Control,5
508,2025-04-17,intervencion,Control,4
508,2025-04-18,intervencion,Control,5
508,2025-04-21,intervencion,Control,4
508,2025-04-22,intervencion,Control,4
508,2025-04-23,intervencion,Control,5
508,2025-04-24,intervencion,Control,5
508,2025-04-25,intervencion,Control,4
509,2025-03-03,baseline,Control,6
509,2025-03-04,baseline,Control,3
509,2025-03-05,baseline,Control,4
509,2025-03-06,baseline,Control,6
509,2025-03-07,baseline,Control,5
509,2025-03-10,baseline,Control,4
509,2025-03-11,baseline,Control,6
509,2025-03-12,baseline,Control,4
509,2025-03-13,baseline,Control,3
509,2025-03-14,baseline,Control,5
509,2025-03-17,baseline,Control,3
509,2025-03-18,baseline,Control,4
509,2025-03-19,baseline,Control,5
509,2025-03-20,baseline,Control,4
509,2025-03-21,baseline,Control,5
509,2025-03-24,baseline,Control,4
509,2025-03-25,baseline,Control,5
509,2025-03-26,baseline,Control,3
509,2025-03-27,baseline,Control,6
509,2025-03-28,baseline,Control,4
509,2025-03-31,intervencion,Control,6
509,2025-04-01,intervencion,Control,4
509,2025-04-02,intervencion,Control,6
509,2025-04-03,intervencion,Control,4
509,2025-04-04,intervencion,Control,3
509,2025-04-07,intervencion,Control,5
509,2025-04-08,intervencion,Control,6
509,2025-04-09,intervencion,Control,5
509,2025-04-10,intervencion,Control,6
509,2025-04-11,intervencion,Control,5
509,2025-04-14,intervencion,Control,4
509,2025-04-15,intervencion,Control,5
509,2025-04-16,intervencion,Control,5
509,2025-04-17,intervencion,Control,4
509,2025-04-18,intervencion,Control,5
509,2025-04-21,intervencion,Control,5
509,2025-04-22,intervencion,Control,6
509,2025-04-23,intervencion,Control,4
509,2025-04-24,intervencion,Control,4
509,2025-04-25,intervencion,Control,4
510,2025-03-03,baseline,Control,6
510,2025-03-04,baseline,Control,4
510,2025-03-05,baseline,Control,6
510,2025-03-06,baseline,Control,4
510,2025-03-07,baseline,Control,5
510,2025-03-10,baseline,Control,5
510,2025-03-11,baseline,Control,6
510,2025-03-12,baseline,Control,6
510,2025-03-13,baseline,Control,5
510,2025-03-14,baseline,Control,4
510,2025-03-17,baseline,Control,6
510,2025-03-18,baseline,Control,4
510,2025-03-19,baseline,Control,3
510,2025-03-20,baseline,Control,3
510,2025-03-21,baseline,Control,3
510,2025-03-24,baseline,Control,5
510,2025-03-25,baseline,Control,7
510,2025-03-26,baseline,Control,3
510,2025-03-27,baseline,Control,4
510,2025-03-28,baseline,Control,5
510,2025-03-31,intervencion,Control,6
510,2025-04-01,intervencion,Control,4
510,2025-04-02,intervencion,Control,5
510,2025-04-03,intervencion,Control,4
510,2025-04-04,intervencion,Control,7
510,2025-04-07,intervencion,Control,5
510,2025-04-08,intervencion,Control,5
510,2025-04-09,intervencion,Control,5
510,2025-04-10,intervencion,Control,4
510,2025-04-11,intervencion,Control,5
510,2025-04-14,intervencion,Control,4
510,2025-04-15,intervencion,Control,3
510,2025-04-16,intervencion,Control,4
510,2025-04-17,intervencion,Control,5
510,2025-04-18,intervencion,Control,4
510,2025-04-21,intervencion,Control,5
510,2025-04-22,intervencion,Control,4
510,2025-04-23,intervencion,Control,6
510,2025-04-24,intervencion,Control,5
510,2025-04-25,intervencion,Control,5
511,2025-03-03,baseline,Control,5
511,2025-03-04,baseline,Control,3
511,2025-03-05,baseline,Control,3
511,2025-03-06,baseline,Control,4
511,2025-03-07,baseline,Control,5
511,2025-03-10,baseline,Control,5
511,2025-03-11,baseline,Control,4
511,2025-03-12,baseline,Control,5
511,2025-03-13,baseline,Control,6
511,2025-03-14,baseline,Control,5
511,2025-03-17,baseline,Control,5
511,2025-03-18,baseline,Control,4
511,2025-03-19,baseline,Control,4
511,2025-03-20,baseline,Control,5
511,2025-03-21,baseline,Control,6
511,2025-03-24,baseline,Control,5
511,2025-03-25,baseline,Control,5
511,2025-03-26,baseline,Control,4
511,2025-03-27,baseline,Control,4
511,2025-03-28,baseline,Control,5
511,2025-03-31,intervencion,Control,6
511,2025-04-01,intervencion,Control,6
511,2025-04-02,intervencion,Control,2
511,2025-04-03,intervencion,Control,7
511,2025-04-04,intervencion,Control,5
511,2025-04-07,intervencion,Control,5
511,2025-04-08,intervencion,Control,3
511,2025-04-09,intervencion,Control,4
511,2025-04-10,intervencion,Control,5
511,2025-04-11,intervencion,Control,4
511,2025-04-14,intervencion,Control,2
511,2025-04-15,intervencion,Control,5
511,2025-04-16,intervencion,Control,5
511,2025-04-17,intervencion,Control,6
511,2025-04-18,intervencion,Control,4
511,2025-04-21,intervencion,Control,5
511,2025-04-22,intervencion,Control,5
511,2025-04-23,intervencion,Control,6
511,2025-04-24,intervencion,Control,4
511,2025-04-25,intervencion,Control,5
512,2025-03-03,baseline,Control,4
512,2025-03-04,baseline,Control,5
512,2025-03-05,baseline,Control,5
512,2025-03-06,baseline,Control,5
512,2025-03-07,baseline,Control,5
512,2025-03-10,baseline,Control,4
512,2025-03-11,baseline,Control,3
512,2025-03-12,baseline,Control,4
512,2025-03-13,baseline,Control,5
512,2025-03-14,baseline,Control,5
512,2025-03-17,baseline,Control,5
512,2025-03-18,baseline,Control,5
512,2025-03-19,baseline,Control,5
512,2025-03-20,baseline,Control,4
512,2025-03-21,baseline,Control,5
512,2025-03-24,baseline,Control,5
512,2025-03-25,baseline,Control,4
512,2025-03-26,baseline,Control,5
512,2025-03-27,baseline,Control,3
512,2025-03-28,baseline,Control,5
512,2025-03-31,intervencion,Control,4
512,2025-04-01,intervencion,Control,6
512,2025-04-02,intervencion,Control,4
512,2025-04-03,intervencion,Control,5
512,2025-04-04,intervencion,Control,4
512,2025-04-07,intervencion,Control,3
512,2025-04-08,intervencion,Control,4
512,2025-04-09,intervencion,Control,5
512,2025-04-10,intervencion,Control,5
512,2025-04-11,intervencion,Control,5
512,2025-04-14,intervencion,Control,4
512,2025-04-15,intervencion,Control,4
512,2025-04-16,intervencion,Control,4
512,2025-04-17,intervencion,Control,3
512,2025-04-18,intervencion,Control,5
512,2025-04-21,intervencion,Control,4
512,2025-04-22,intervencion,Control,6
512,2025-04-23,intervencion,Control,3
512,2025-04-24,intervencion,Control,5
512,2025-04-25,intervencion,Control,7
513,2025-03-03,baseline,Control,4
513,2025-03-04,baseline,Control,5
513,2025-03-05,baseline,Control,5
513,2025-03-06,baseline,Control,5
513,2025-03-07,baseline,Control,4
513,2025-03-10,baseline,Control,4
513,2025-03-11,baseline,Control,5
513,2025-03-12,baseline,Control,3
513,2025-03-13,baseline,Control,5
513,2025-03-14,baseline,Control,4
513,2025-03-17,baseline,Control,5
513,2025-03-18,baseline,Control,4
513,2025-03-19,baseline,Control,6
513,2025-03-20,baseline,Control,5
513,2025-03-21,baseline,Control,4
513,2025-03-24,baseline,Control,4
513,2025-03-25,baseline,Control,4
513,2025-03-26,baseline,Control,7
513,2025-03-27,baseline,Control,3
513,2025-03-28,baseline,Control,6
513,2025-03-31,intervencion,Control,5
513,2025-04-01,intervencion,Control,6
513,2025-04-02,intervencion,Control,5
513,2025-04-03,intervencion,Control,5
513,2025-04-04,intervencion,Control,6
513,2025-04-07,intervencion,Control,5
513,2025-04-08,intervencion,Control,5
513,2025-04-09,intervencion,Control,6
513,2025-04-10,intervencion,Control,5
513,2025-04-11,intervencion,Control,4
513,2025-04-14,intervencion,Control,4
513,2025-04-15,intervencion,Control,5
513,2025-04-16,intervencion,Control,4
513,2025-04-17,intervencion,Control,4
513,2025-04-18,intervencion,Control,4
513,2025-04-21,intervencion,Control,5
513,2025-04-22,intervencion,Control,4
513,2025-04-23,intervencion,Control,3
513,2025-04-24,intervencion,Control,4
513,2025-04-25,intervencion,Control,4
514,2025-03-03,baseline,Control,4
514,2025-03-04,baseline,Control,5
514,2025-03-05,baseline,Control,4
514,2025-03-06,baseline,Control,5
514,2025-03-07,baseline,Control,5
514,2025-03-10,baseline,Control,5
514,2025-03-11,baseline,Control,3
514,2025-03-12,baseline,Control,4
514,2025-03-13,baseline,Control,5
514,2025-03-14,baseline,Control,5
514,2025-03-17,baseline,Control,5
514,2025-03-18,baseline,Control,3
514,2025-03-19,baseline,Control,4
514,2025-03-20,baseline,Control,4
514,2025-03-21,baseline,Control,5
514,2025-03-24,baseline,Control,5
514,2025-03-25,baseline,Control,5
514,2025-03-26,baseline,Control,4
514,2025-03-27,baseline,Control,6
514,2025-03-28,baseline,Control,6
514,2025-03-31,intervencion,Control,4
514,2025-04-01,intervencion,Control,5
514,2025-04-02,intervencion,Control,5
514,2025-04-03,intervencion,Control,5
514,2025-04-04,intervencion,Control,4
514,2025-04-07,intervencion,Control,5
514,2025-04-08,intervencion,Control,3
514,2025-04-09,intervencion,Control,5
514,2025-04-10,intervencion,Control,3
514,2025-04-11,intervencion,Control,5
514,2025-04-14,intervencion,Control,4
514,2025-04-15,intervencion,Control,5
514,2025-04-16,intervencion,Control,5
514,2025-04-17,intervencion,Control,5
514,2025-04-18,intervencion,Control,4
514,2025-04-21,intervencion,Control,4
514,2025-04-22,intervencion,Control,6
514,2025-04-23,intervencion,Control,4
514,2025-04-24,intervencion,Control,5
514,2025-04-25,intervencion,Control,4
515,2025-03-03,baseline,Control,6
515,2025-03-04,baseline,Control,5
515,2025-03-05,baseline,Control,4
515,2025-03-06,baseline,Control,5
515,2025-03-07,baseline,Control,4
515,2025-03-10,baseline,Control,6
515,2025-03-11,baseline,Control,5
515,2025-03-12,baseline,Control,3
515,2025-03-13,baseline,Control,5
515,2025-03-14,baseline,Control,6
515,2025-03-17,baseline,Control,6
515,2025-03-18,baseline,Control,4
515,2025-03-19,baseline,Control,4
515,2025-03-20,baseline,Control,5
515,2025-03-21,baseline,Control,5
515,2025-03-24,baseline,Control,5
515,2025-03-25,baseline,Control,4
515,2025-03-26,baseline,Control,4
515,2025-03-27,baseline,Control,5
515,2025-03-28,baseline,Control,4
515,2025-03-31,intervencion,Control,4
515,2025-04-01,intervencion,Control,4
515,2025-04-02,intervencion,Control,5
515,2025-04-03,intervencion,Control,5
515,2025-04-04,intervencion,Control,5
515,2025-04-07,intervencion,Control,4
515,2025-04-08,intervencion,Control,3
515,2025-04-09,intervencion,Control,4
515,2025-04-10,intervencion,Control,4
515,2025-04-11,intervencion,Control,5
515,2025-04-14,intervencion,Control,3
515,2025-04-15,intervencion,Control,5
515,2025-04-16,intervencion,Control,4
515,2025-04-17,intervencion,Control,4
515,2025-04-18,intervencion,Control,6
515,2025-04-21,intervencion,Control,3
515,2025-04-22,intervencion,Control,5
515,2025-04-23,intervencion,Control,5
515,2025-04-24,intervencion,Control,4
515,2025-04-25,intervencion,Control,4
516,2025-03-03,baseline,Tratamiento,6
516,2025-03-04,baseline,Tratamiento,6
516,2025-03-05,baseline,Tratamiento,6
516,2025-03-06,baseline,Tratamiento,6
516,2025-03-07,baseline,Tratamiento,4
516,2025-03-10,baseline,Tratamiento,3
516,2025-03-11,baseline,Tratamiento,5
516,2025-03-12,baseline,Tratamiento,5
516,2025-03-13,baseline,Tratamiento,3
516,2025-03-14,baseline,Tratamiento,4
516,2025-03-17,baseline,Tratamiento,4
516,2025-03-18,baseline,Tratamiento,5
516,2025-03-19,baseline,Tratamiento,5
516,2025-03-20,baseline,Tratamiento,4
516,2025-03-21,baseline,Tratamiento,5
516,2025-03-24,baseline,Tratamiento,4
516,2025-03-25,baseline,Tratamiento,4
516,2025-03-26,baseline,Tratamiento,3
516,2025-03-27,baseline,Tratamiento,4
516,2025-03-28,baseline,Tratamiento,4
516,2025-03-31,intervencion,Tratamiento,6
516,2025-04-01,intervencion,Tratamiento,5
516,2025-04-02,intervencion,Tratamiento,5
516,2025-04-03,intervencion,Tratamiento,7
516,2025-04-04,intervencion,Tratamiento,5
516,2025-04-07,intervencion,Tratamiento,5
516,2025-04-08,intervencion,Tratamiento,4
516,2025-04-09,intervencion,Tratamiento,4
516,2025-04-10,intervencion,Tratamiento,5
516,2025-04-11,intervencion,Tratamiento,5
516,2025-04-14,intervencion,Tratamiento,3
516,2025-04-15,intervencion,Tratamiento,4
516,2025-04-16,intervencion,Tratamiento,4
516,2025-04-17,intervencion,Tratamiento,4
516,2025-04-18,intervencion,Tratamiento,5
516,2025-04-21,intervencion,Tratamiento,5
516,2025-04-22,intervencion,Tratamiento,5
516,2025-04-23,intervencion,Tratamiento,5
516,2025-04-24,intervencion,Tratamiento,4
516,2025-04-25,intervencion,Tratamiento,5
517,2025-03-03,baseline,Control,4
517,2025-03-04,baseline,Control,5
517,2025-03-05,baseline,Control,5
517,2025-03-06,baseline,Control,4
517,2025-03-07,baseline,Control,4
517,2025-03-10,baseline,Control,5
517,2025-03-11,baseline,Control,5
517,2025-03-12,baseline,Control,5
517,2025-03-13,baseline,Control,4
517,2025-03-14,baseline,Control,5
517,2025-03-17,baseline,Control,5
517,2025-03-18,baseline,Control,4
517,2025-03-19,baseline,Control,4
517,2025-03-20,baseline,Control,4
517,2025-03-21,baseline,Control,3
517,2025-03-24,baseline,Control,5
517,2025-03-25,baseline,Control,6
517,2025-03-26,baseline,Control,6
517,2025-03-27,baseline,Control,4
517,2025-03-28,baseline,Control,5
517,2025-03-31,intervencion,Control,5
517,2025-04-01,intervencion,Control,2
517,2025-04-02,intervencion,Control,4
517,2025-04-03,intervencion,Control,4
517,2025-04-04,intervencion,Control,6
517,2025-04-07,intervencion,Control,4
517,2025-04-08,intervencion,Control,5
517,2025-04-09,intervencion,Control,5
517,2025-04-10,intervencion,Control,3
517,2025-04-11,intervencion,Control,4
517,2025-04-14,intervencion,Control,6
517,2025-04-15,intervencion,Control,4
517,2025-04-16,intervencion,Control,5
517,2025-04-17,intervencion,Control,5
517,2025-04-18,intervencion,Control,4
517,2025-04-21,intervencion,Control,3
517,2025-04-22,intervencion,Control,4
517,2025-04-23,intervencion,Control,6
517,2025-04-24,intervencion,Control,5
517,2025-04-25,intervencion,Control,3
518,2025-03-03,baseline,Tratamiento,5
518,2025-03-04,baseline,Tratamiento,3
518,2025-03-05,baseline,Tratamiento,4
518,2025-03-06,baseline,Tratamiento,5
518,2025-03-07,baseline,Tratamiento,7
518,2025-03-10,baseline,Tratamiento,5
518,2025-03-11,baseline,Tratamiento,4
518,2025-03-12,baseline,Tratamiento,5
518,2025-03-13,baseline,Tratamiento,5
518,2025-03-14,baseline,Tratamiento,6
518,2025-03-17,baseline,Tratamiento,4
518,2025-03-18,baseline,Tratamiento,4
518,2025-03-19,baseline,Tratamiento,4
518,2025-03-20,baseline,Tratamiento,5
518,2025-03-21,baseline,Tratamiento,6
518,2025-03-24,baseline,Tratamiento,3
518,2025-03-25,baseline,Tratamiento,4
518,2025-03-26,baseline,Tratamiento,4
518,2025-03-27,baseline,Tratamiento,5
518,2025-03-28,baseline,Tratamiento,3
518,2025-03-31,intervencion,Tratamiento,4
518,2025-04-01,intervencion,Tratamiento,6
518,2025-04-02,intervencion,Tratamiento,5
518,2025-04-03,intervencion,Tratamiento,5
518,2025-04-04,intervencion,Tratamiento,5
518,2025-04-07,intervencion,Tratamiento,6
518,2025-04-08,intervencion,Tratamiento,5
518,2025-04-09,intervencion,Tratamiento,5
518,2025-04-10,intervencion,Tratamiento,5
518,2025-04-11,intervencion,Tratamiento,6
518,2025-04-14,intervencion,Tratamiento,5
518,2025-04-15,intervencion,Tratamiento,5
518,2025-04-16,intervencion,Tratamiento,5
518,2025-04-17,intervencion,Tratamiento,7
518,2025-04-18,intervencion,Tratamiento,5
518,2025-04-21,intervencion,Tratamiento,5
518,2025-04-22,intervencion,Tratamiento,7
518,2025-04-23,intervencion,Tratamiento,6
518,2025-04-24,intervencion,Tratamiento,6
518,2025-04-25,intervencion,Tratamiento,4
519,2025-03-03,baseline,Tratamiento,4
519,2025-03-04,baseline,Tratamiento,3
519,2025-03-05,baseline,Tratamiento,5
519,2025-03-06,baseline,Tratamiento,5
519,2025-03-07,baseline,Tratamiento,3
519,2025-03-10,baseline,Tratamiento,6
519,2025-03-11,baseline,Tratamiento,4
519,2025-03-12,baseline,Tratamiento,4
519,2025-03-13,baseline,Tratamiento,3
519,2025-03-14,baseline,Tratamiento,5
519,2025-03-17,baseline,Tratamiento,5
519,2025-03-18,baseline,Tratamiento,5
519,2025-03-19,baseline,Tratamiento,4
519,2025-03-20,baseline,Tratamiento,7
519,2025-03-21,baseline,Tratamiento,4
519,2025-03-24,baseline,Tratamiento,4
519,2025-03-25,baseline,Tratamiento,5
519,2025-03-26,baseline,Tratamiento,4
519,2025-03-27,baseline,Tratamiento,4
519,2025-03-28,baseline,Tratamiento,6
519,2025-03-31,intervencion,Tratamiento,5
519,2025-04-01,intervencion,Tratamiento,5
519,2025-04-02,intervencion,Tratamiento,5
519,2025-04-03,intervencion,Tratamiento,4
519,2025-04-04,intervencion,Tratamiento,5
519,2025-04-07,intervencion,Tratamiento,5
519,2025-04-08,intervencion,Tratamiento,6
519,2025-04-09,intervencion,Tratamiento,5
519,2025-04-10,intervencion,Tratamiento,4
519,2025-04-11,intervencion,Tratamiento,6
519,2025-04-14,intervencion,Tratamiento,3
519,2025-04-15,intervencion,Tratamiento,5
519,2025-04-16,intervencion,Tratamiento,4
519,2025-04-17,intervencion,Tratamiento,4
519,2025-04-18,intervencion,Tratamiento,7
519,2025-04-21,intervencion,Tratamiento,4
519,2025-04-22,intervencion,Tratamiento,4
519,2025-04-23,intervencion,Tratamiento,5
519,2025-04-24,intervencion,Tratamiento,5
519,2025-04-25,intervencion,Tratamiento,5
520,2025-03-03,baseline,Tratamiento,6
520,2025-03-04,baseline,Tratamiento,5
520,2025-03-05,baseline,Tratamiento,4
520,2025-03-06,baseline,Tratamiento,4
520,2025-03-07,baseline,Tratamiento,5
520,2025-03-10,baseline,Tratamiento,5
520,2025-03-11,baseline,Tratamiento,5
520,2025-03-12,baseline,Tratamiento,5
520,2025-03-13,baseline,Tratamiento,5
520,2025-03-14,baseline,Tratamiento,5
520,2025-03-17,baseline,Tratamiento,4
520,2025-03-18,baseline,Tratamiento,5
520,2025-03-19,baseline,Tratamiento,5
520,2025-03-20,baseline,Tratamiento,3
520,2025-03-21,baseline,Tratamiento,4
520,2025-03-24,baseline,Tratamiento,4
520,2025-03-25,baseline,Tratamiento,4
520,2025-03-26,baseline,Tratamiento,6
520,2025-03-27,baseline,Tratamiento,7
520,2025-03-28,baseline,Tratamiento,2
520,2025-03-31,intervencion,Tratamiento,5
520,2025-04-01,intervencion,Tratamiento,5
520,2025-04-02,intervencion,Tratamiento,5
520,2025-04-03,intervencion,Tratamiento,5
520,2025-04-04,intervencion,Tratamiento,5
520,2025-04-07,intervencion,Tratamiento,5
520,2025-04-08,intervencion,Tratamiento,5
520,2025-04-09,intervencion,Tratamiento,5
520,2025-04-10,intervencion,Tratamiento,5
520,2025-04-11,intervencion,Tratamiento,5
520,2025-04-14,intervencion,Tratamiento,4
520,2025-04-15,intervencion,Tratamiento,7
520,2025-04-16,intervencion,Tratamiento,5
520,2025-04-17,intervencion,Tratamiento,6
520,2025-04-18,intervencion,Tratamiento,4
520,2025-04-21,intervencion,Tratamiento,5
520,2025-04-22,intervencion,Tratamiento,5
520,2025-04-23,intervencion,Tratamiento,3
520,2025-04-24,intervencion,Tratamiento,4
520,2025-04-25,intervencion,Tratamiento,4
521,2025-03-03,baseline,Tratamiento,4
521,2025-03-04,baseline,Tratamiento,4
521,2025-03-05,baseline,Tratamiento,5
521,2025-03-06,baseline,Tratamiento,6
521,2025-03-07,baseline,Tratamiento,5
521,2025-03-10,baseline,Tratamiento,4
521,2025-03-11,baseline,Tratamiento,4
521,2025-03-12,baseline,Tratamiento,4
521,2025-03-13,baseline,Tratamiento,3
521,2025-03-14,baseline,Tratamiento,5
521,2025-03-17,baseline,Tratamiento,6
521,2025-03-18,baseline,Tratamiento,4
521,2025-03-19,baseline,Tratamiento,5
521,2025-03-20,baseline,Tratamiento,4
521,2025-03-21,baseline,Tratamiento,4
521,2025-03-24,baseline,Tratamiento,5
521,2025-03-25,baseline,Tratamiento,4
521,2025-03-26,baseline,Tratamiento,4
521,2025-03-27,baseline,Tratamiento,3
521,2025-03-28,baseline,Tratamiento,5
521,2025-03-31,intervencion,Tratamiento,6
521,2025-04-01,intervencion,Tratamiento,6
521,2025-04-02,intervencion,Tratamiento,6
521,2025-04-03,intervencion,Tratamiento,4
521,2025-04-04,intervencion,Tratamiento,6
521,2025-04-07,intervencion,Tratamiento,4
521,2025-04-08,intervencion,Tratamiento,6
521,2025-04-09,intervencion,Tratamiento,6
521,2025-04-10,intervencion,Tratamiento,5
521,2025-04-11,intervencion,Tratamiento,6
521,2025-04-14,intervencion,Tratamiento,4
521,2025-04-15,intervencion,Tratamiento,5
521,2025-04-16,intervencion,Tratamiento,4
521,2025-04-17,intervencion,Tratamiento,5
521,2025-04-18,intervencion,Tratamiento,5
521,2025-04-21,intervencion,Tratamiento,5
521,2025-04-22,intervencion,Tratamiento,5
521,2025-04-23,intervencion,Tratamiento,5
521,2025-04-24,intervencion,Tratamiento,5
521,2025-04-25,intervencion,Tratamiento,5
522,2025-03-03,baseline,Tratamiento,4
522,2025-03-04,baseline,Tratamiento,3
522,2025-03-05,baseline,Tratamiento,4
522,2025-03-06,baseline,Tratamiento,3
522,2025-03-07,baseline,Tratamiento,4
522,2025-03-10,baseline,Tratamiento,4
522,2025-03-11,baseline,Tratamiento,4
522,2025-03-12,baseline,Tratamiento,4
522,2025-03-13,baseline,Tratamiento,7
522,2025-03-14,baseline,Tratamiento,3
522,2025-03-17,baseline,Tratamiento,6
522,2025-03-18,baseline,Tratamiento,4
522,2025-03-19,baseline,Tratamiento,4
522,2025-03-20,baseline,Tratamiento,5
522,2025-03-21,baseline,Tratamiento,4
522,2025-03-24,baseline,Tratamiento,4
522,2025-03-25,baseline,Tratamiento,6
522,2025-03-26,baseline,Tratamiento,3
522,2025-03-27,baseline,Tratamiento,4
522,2025-03-28,baseline,Tratamiento,5
522,2025-03-31,intervencion,Tratamiento,6
522,2025-04-01,intervencion,Tratamiento,5
522,2025-04-02,intervencion,Tratamiento,7
522,2025-04-03,intervencion,Tratamiento,6
522,2025-04-04,intervencion,Tratamiento,3
522,2025-04-07,intervencion,Tratamiento,4
522,2025-04-08,intervencion,Tratamiento,5
522,2025-04-09,intervencion,Tratamiento,4
522,2025-04-10,intervencion,Tratamiento,5
522,2025-04-11,intervencion,Tratamiento,5
522,2025-04-14,intervencion,Tratamiento,4
522,2025-04-15,intervencion,Tratamiento,4
522,2025-04-16,intervencion,Tratamiento,6
522,2025-04-17,intervencion,Tratamiento,3
522,2025-04-18,intervencion,Tratamiento,6
522,2025-04-21,intervencion,Tratamiento,6
522,2025-04-22,intervencion,Tratamiento,5
522,2025-04-23,intervencion,Tratamiento,4
522,2025-04-24,intervencion,Tratamiento,5
522,2025-04-25,intervencion,Tratamiento,5
523,2025-03-03,baseline,Control,3
523,2025-03-04,baseline,Control,6
523,2025-03-05,baseline,Control,4
523,2025-03-06,baseline,Control,3
523,2025-03-07,baseline,Control,5
523,2025-03-10,baseline,Control,5
523,2025-03-11,baseline,Control,6
523,2025-03-12,baseline,Control,4
523,2025-03-13,baseline,Control,4
523,2025-03-14,baseline,Control,5
523,2025-03-17,baseline,Control,5
523,2025-03-18,baseline,Control,5
523,2025-03-19,baseline,Control,5
523,2025-03-20,baseline,Control,5
523,2025-03-21,baseline,Control,4
523,2025-03-24,baseline,Control,5
523,2025-03-25,baseline,Control,4
523,2025-03-26,baseline,Control,5
523,2025-03-27,baseline,Control,6
523,2025-03-28,baseline,Control,4
523,2025-03-31,intervencion,Control,7
523,2025-04-01,intervencion,Control,4
523,2025-04-02,intervencion,Control,4
523,2025-04-03,intervencion,Control,5
523,2025-04-04,intervencion,Control,5
523,2025-04-07,intervencion,Control,5
523,2025-04-08,intervencion,Control,5
523,2025-04-09,intervencion,Control,5
523,2025-04-10,intervencion,Control,6
523,2025-04-11,intervencion,Control,5
523,2025-04-14,intervencion,Control,4
523,2025-04-15,intervencion,Control,4
523,2025-04-16,intervencion,Control,5
523,2025-04-17,intervencion,Control,5
523,2025-04-18,intervencion,Control,5
523,2025-04-21,intervencion,Control,4
523,2025-04-22,intervencion,Control,6
523,2025-04-23,intervencion,Control,6
523,2025-04-24,intervencion,Control,5
523,2025-04-25,intervencion,Control,6
524,2025-03-03,baseline,Control,5
524,2025-03-04,baseline,Control,7
524,2025-03-05,baseline,Control,5
524,2025-03-06,baseline,Control,5
524,2025-03-07,baseline,Control,5
524,2025-03-10,baseline,Control,4
524,2025-03-11,baseline,Control,5
524,2025-03-12,baseline,Control,6
524,2025-03-13,baseline,Control,5
524,2025-03-14,baseline,Control,5
524,2025-03-17,baseline,Control,5
524,2025-03-18,baseline,Control,5
524,2025-03-19,baseline,Control,5
524,2025-03-20,baseline,Control,5
524,2025-03-21,baseline,Control,5
524,2025-03-24,baseline,Control,4
524,2025-03-25,baseline,Control,4
524,2025-03-26,baseline,Control,5
524,2025-03-27,baseline,Control,5
524,2025-03-28,baseline,Control,5
524,2025-03-31,intervencion,Control,4
524,2025-04-01,intervencion,Control,4
524,2025-04-02,intervencion,Control,4
524,2025-04-03,intervencion,Control,3
524,2025-04-04,intervencion,Control,5
524,2025-04-07,intervencion,Control,6
524,2025-04-08,intervencion,Control,5
524,2025-04-09,intervencion,Control,6
524,2025-04-10,intervencion,Control,4
524,2025-04-11,intervencion,Control,5
524,2025-04-14,intervencion,Control,4
524,2025-04-15,intervencion,Control,4
524,2025-04-16,intervencion,Control,4
524,2025-04-17,intervencion,Control,3
524,2025-04-18,intervencion,Control,4
524,2025-04-21,intervencion,Control,5
524,2025-04-22,intervencion,Control,4
524,2025-04-23,intervencion,Control,4
524,2025-04-24,intervencion,Control,5
524,2025-04-25,intervencion,Control,3
525,2025-03-03,baseline,Control,5
525,2025-03-04,baseline,Control,5
525,2025-03-05,baseline,Control,5
525,2025-03-06,baseline,Control,5
525,2025-03-07,baseline,Control,5
525,2025-03-10,baseline,Control,4
525,2025-03-11,baseline,Control,5
525,2025-03-12,baseline,Control,6
525,2025-03-13,baseline,Control,5
525,2025-03-14,baseline,Control,5
525,2025-03-17,baseline,Control,5
525,2025-03-18,baseline,Control,5
525,2025-03-19,baseline,Control,5
525,2025-03-20,baseline,Control,4
525,2025-03-21,baseline,Control,4
525,2025-03-24,baseline,Control,5
525,2025-03-25,baseline,Control,3
525,2025-03-26,baseline,Control,5
525,2025-03-27,baseline,Control,4
525,2025-03-28,baseline,Control,3
525,2025-03-31,intervencion,Control,4
525,2025-04-01,intervencion,Control,5
525,2025-04-02,intervencion,Control,5
525,2025-04-03,intervencion,Control,5
525,2025-04-04,intervencion,Control,5
525,2025-04-07,intervencion,Control,3
525,2025-04-08,intervencion,Control,5
525,2025-04-09,intervencion,Control,5
525,2025-04-10,intervencion,Control,5
525,2025-04-11,intervencion,Control,5
525,2025-04-14,intervencion,Control,3
525,2025-04-15,intervencion,Control,4
525,2025-04-16,intervencion,Control,6
525,2025-04-17,intervencion,Control,4
525,2025-04-18,intervencion,Control,7
525,2025-04-21,intervencion,Control,3
525,2025-04-22,intervencion,Control,6
525,2025-04-23,intervencion,Control,4
525,2025-04-24,intervencion,Control,5
525,2025-04-25,intervencion,Control,4
526,2025-03-03,baseline,Control,5
526,2025-03-04,baseline,Control,5
526,2025-03-05,baseline,Control,4
526,2025-03-06,baseline,Control,5
526,2025-03-07,baseline,Control,4
526,2025-03-10,baseline,Control,5
526,2025-03-11,baseline,Control,2
526,2025-03-12,baseline,Control,4
526,2025-03-13,baseline,Control,6
526,2025-03-14,baseline,Control,5
526,2025-03-17,baseline,Control,5
526,2025-03-18,baseline,Control,5
526,2025-03-19,baseline,Control,6
526,2025-03-20,baseline,Control,5
526,2025-03-21,baseline,Control,4
526,2025-03-24,baseline,Control,5
526,2025-03-25,baseline,Control,5
526,2025-03-26,baseline,Control,5
526,2025-03-27,baseline,Control,4
526,2025-03-28,baseline,Control,5
526,2025-03-31,intervencion,Control,6
526,2025-04-01,intervencion,Control,5
526,2025-04-02,intervencion,Control,3
526,2025-04-03,intervencion,Control,4
526,2025-04-04,intervencion,Control,4
526,2025-04-07,intervencion,Control,4
526,2025-04-08,intervencion,Control,3
526,2025-04-09,intervencion,Control,6
526,2025-04-10,intervencion,Control,4
526,2025-04-11,intervencion,Control,4
526,2025-04-14,intervencion,Control,3
526,2025-04-15,intervencion,Control,5
526,2025-04-16,intervencion,Control,5
526,2025-04-17,intervencion,Control,4
526,2025-04-18,intervencion,Control,4
526,2025-04-21,intervencion,Control,5
526,2025-04-22,intervencion,Control,4
526,2025-04-23,intervencion,Control,3
526,2025-04-24,intervencion,Control,3
526,2025-04-25,intervencion,Control,3
527,2025-03-03,baseline,Control,5
527,2025-03-04,baseline,Control,5
527,2025-03-05,baseline,Control,6
527,2025-03-06,baseline,Control,3
527,2025-03-07,baseline,Control,5
527,2025-03-10,baseline,Control,4
527,2025-03-11,baseline,Control,7
527,2025-03-12,baseline,Control,6
527,2025-03-13,baseline,Control,6
527,2025-03-14,baseline,Control,5
527,2025-03-17,baseline,Control,5
527,2025-03-18,baseline,Control,4
527,2025-03-19,baseline,Control,4
527,2025-03-20,baseline,Control,4
527,2025-03-21,baseline,Control,5
527,2025-03-24,baseline,Control,6
527,2025-03-25,baseline,Control,4
527,2025-03-26,baseline,Control,4
527,2025-03-27,baseline,Control,3
527,2025-03-28,baseline,Control,5
527,2025-03-31,intervencion,Control,6
527,2025-04-01,intervencion,Control,6
527,2025-04-02,intervencion,Control,6
527,2025-04-03,intervencion,Control,5
527,2025-04-04,intervencion,Control,5
527,2025-04-07,intervencion,Control,6
527,2025-04-08,intervencion,Control,4
527,2025-04-09,intervencion,Control,4
527,2025-04-10,intervencion,Control,6
527,2025-04-11,intervencion,Control,4
527,2025-04-14,intervencion,Control,5
527,2025-04-15,intervencion,Control,5
527,2025-04-16,intervencion,Control,5
527,2025-04-17,intervencion,Control,6
527,2025-04-18,intervencion,Control,6
527,2025-04-21,intervencion,Control,5
527,2025-04-22,intervencion,Control,6
527,2025-04-23,intervencion,Control,4
527,2025-04-24,intervencion,Control,4
527,2025-04-25,intervencion,Control,7
528,2025-03-03,baseline,Tratamiento,6
528,2025-03-04,baseline,Tratamiento,3
528,2025-03-05,baseline,Tratamiento,5
528,2025-03-06,baseline,Tratamiento,5
528,2025-03-07,baseline,Tratamiento,5
528,2025-03-10,baseline,Tratamiento,6
528,2025-03-11,baseline,Tratamiento,6
528,2025-03-12,baseline,Tratamiento,5
528,2025-03-13,baseline,Tratamiento,6
528,2025-03-14,baseline,Tratamiento,5
528,2025-03-17,baseline,Tratamiento,5
528,2025-03-18,baseline,Tratamiento,3
528,2025-03-19,baseline,Tratamiento,6
528,2025-03-20,baseline,Tratamiento,5
528,2025-03-21,baseline,Tratamiento,5
528,2025-03-24,baseline,Tratamiento,4
528,2025-03-25,baseline,Tratamiento,6
528,2025-03-26,baseline,Tratamiento,5
528,2025-03-27,baseline,Tratamiento,4
528,2025-03-28,baseline,Tratamiento,3
528,2025-03-31,intervencion,Tratamiento,6
528,2025-04-01,intervencion,Tratamiento,6
528,2025-04-02,intervencion,Tratamiento,5
528,2025-04-03,intervencion,Tratamiento,5
528,2025-04-04,intervencion,Tratamiento,6
528,2025-04-07,intervencion,Tratamiento,5
528,2025-04-08,intervencion,Tratamiento,4
528,2025-04-09,intervencion,Tratamiento,6
528,2025-04-10,intervencion,Tratamiento,6
528,2025-04-11,intervencion,Tratamiento,5
528,2025-04-14,intervencion,Tratamiento,4
528,2025-04-15,intervencion,Tratamiento,4
528,2025-04-16,intervencion,Tratamiento,5
528,2025-04-17,intervencion,Tratamiento,6
528,2025-04-18,intervencion,Tratamiento,6
528,2025-04-21,intervencion,Tratamiento,5
528,2025-04-22,intervencion,Tratamiento,5
528,2025-04-23,intervencion,Tratamiento,4
528,2025-04-24,intervencion,Tratamiento,5
528,2025-04-25,intervencion,Tratamiento,5
529,2025-03-03,baseline,Control,6
529,2025-03-04,baseline,Control,4
529,2025-03-05,baseline,Control,4
529,2025-03-06,baseline,Control,6
529,2025-03-07,baseline,Control,6
529,2025-03-10,baseline,Control,4
529,2025-03-11,baseline,Control,6
529,2025-03-12,baseline,Control,4
529,2025-03-13,baseline,Control,4
529,2025-03-14,baseline,Control,4
529,2025-03-17,baseline,Control,5
529,2025-03-18,baseline,Control,5
529,2025-03-19,baseline,Control,5
529,2025-03-20,baseline,Control,5
529,2025-03-21,baseline,Control,4
529,2025-03-24,baseline,Control,5
529,2025-03-25,baseline,Control,5
529,2025-03-26,baseline,Control,3
529,2025-03-27,baseline,Control,5
529,2025-03-28,baseline,Control,5
529,2025-03-31,intervencion,Control,4
529,2025-04-01,intervencion,Control,4
529,2025-04-02,intervencion,Control,4
529,2025-04-03,intervencion,Control,4
529,2025-04-04,intervencion,Control,6
529,2025-04-07,intervencion,Control,6
529,2025-04-08,intervencion,Control,2
529,2025-04-09,intervencion,Control,5
529,2025-04-10,intervencion,Control,5
529,2025-04-11,intervencion,Control,4
529,2025-04-14,intervencion,Control,5
529,2025-04-15,intervencion,Control,6
529,2025-04-16,intervencion,Control,3
529,2025-04-17,intervencion,Control,5
529,2025-04-18,intervencion,Control,6
529,2025-04-21,intervencion,Control,3
529,2025-04-22,intervencion,Control,4
529,2025-04-23,intervencion,Control,4
529,2025-04-24,intervencion,Control,6
529,2025-04-25,intervencion,Control,6
530,2025-03-03,baseline,Control,5
530,2025-03-04,baseline,Control,5
530,2025-03-05,baseline,Control,3
530,2025-03-06,baseline,Control,6
530,2025-03-07,baseline,Control,4
530,2025-03-10,baseline,Control,4
530,2025-03-11,baseline,Control,5
530,2025-03-12,baseline,Control,5
530,2025-03-13,baseline,Control,6
530,2025-03-14,baseline,Control,5
530,2025-03-17,baseline,Control,5
530,2025-03-18,baseline,Control,5
530,2025-03-19,baseline,Control,4
530,2025-03-20,baseline,Control,4
530,2025-03-21,baseline,Control,6
530,2025-03-24,baseline,Control,4
530,2025-03-25,baseline,Control,4
530,2025-03-26,baseline,Control,4
530,2025-03-27,baseline,Control,5
530,2025-03-28,baseline,Control,6
530,2025-03-31,intervencion,Control,5
530,2025-04-01,intervencion,Control,3
530,2025-04-02,intervencion,Control,5
530,2025-04-03,intervencion,Control,4
530,2025-04-04,intervencion,Control,5
530,2025-04-07,intervencion,Control,4
530,2025-04-08,intervencion,Control,4
530,2025-04-09,intervencion,Control,5
530,2025-04-10,intervencion,Control,4
530,2025-04-11,intervencion,Control,5
530,2025-04-14,intervencion,Control,4
530,2025-04-15,intervencion,Control,4
530,2025-04-16,intervencion,Control,5
530,2025-04-17,intervencion,Control,6
530,2025-04-18,intervencion,Control,5
530,2025-04-21,intervencion,Control,4
530,2025-04-22,intervencion,Control,4
530,2025-04-23,intervencion,Control,4
530,2025-04-24,intervencion,Control,5
530,2025-04-25,intervencion,Control,4
531,2025-03-03,baseline,Tratamiento,5
531,2025-03-04,baseline,Tratamiento,5
531,2025-03-05,baseline,Tratamiento,6
531,2025-03-06,baseline,Tratamiento,6
531,2025-03-07,baseline,Tratamiento,5
531,2025-03-10,baseline,Tratamiento,3
531,2025-03-11,baseline,Tratamiento,5
531,2025-03-12,baseline,Tratamiento,5
531,2025-03-13,baseline,Tratamiento,4
531,2025-03-14,baseline,Tratamiento,6
531,2025-03-17,baseline,Tratamiento,4
531,2025-03-18,baseline,Tratamiento,4
531,2025-03-19,baseline,Tratamiento,6
531,2025-03-20,baseline,Tratamiento,4
531,2025-03-21,baseline,Tratamiento,4
531,2025-03-24,baseline,Tratamiento,4
531,2025-03-25,baseline,Tratamiento,4
531,2025-03-26,baseline,Tratamiento,4
531,2025-03-27,baseline,Tratamiento,5
531,2025-03-28,baseline,Tratamiento,4
531,2025-03-31,intervencion,Tratamiento,3
531,2025-04-01,intervencion,Tratamiento,5
531,2025-04-02,intervencion,Tratamiento,4
531,2025-04-03,intervencion,Tratamiento,5
531,2025-04-04,intervencion,Tratamiento,6
531,2025-04-07,intervencion,Tratamiento,5
531,2025-04-08,intervencion,Tratamiento,6
531,2025-04-09,intervencion,Tratamiento,5
531,2025-04-10,intervencion,Tratamiento,6
531,2025-04-11,intervencion,Tratamiento,4
531,2025-04-14,intervencion,Tratamiento,5
531,2025-04-15,intervencion,Tratamiento,4
531,2025-04-16,intervencion,Tratamiento,4
531,2025-04-17,intervencion,Tratamiento,5
531,2025-04-18,intervencion,Tratamiento,4
531,2025-04-21,intervencion,Tratamiento,5
531,2025-04-22,intervencion,Tratamiento,5
531,2025-04-23,intervencion,Tratamiento,5
531,2025-04-24,intervencion,Tratamiento,4
531,2025-04-25,intervencion,Tratamiento,6
532,2025-03-03,baseline,Tratamiento,6
532,2025-03-04,baseline,Tratamiento,6
532,2025-03-05,baseline,Tratamiento,6
532,2025-03-06,baseline,Tratamiento,5
532,2025-03-07,baseline,Tratamiento,4
532,2025-03-10,baseline,Tratamiento,5
532,2025-03-11,baseline,Tratamiento,4
532,2025-03-12,baseline,Tratamiento,3
532,2025-03-13,baseline,Tratamiento,5
532,2025-03-14,baseline,Tratamiento,4
532,2025-03-17,baseline,Tratamiento,3
532,2025-03-18,baseline,Tratamiento,4
532,2025-03-19,baseline,Tratamiento,4
532,2025-03-20,baseline,Tratamiento,5
532,2025-03-21,baseline,Tratamiento,5
532,2025-03-24,baseline,Tratamiento,6
532,2025-03-25,baseline,Tratamiento,3
532,2025-03-26,baseline,Tratamiento,4
532,2025-03-27,baseline,Tratamiento,4
532,2025-03-28,baseline,Tratamiento,6
532,2025-03-31,intervencion,Tratamiento,4
532,2025-04-01,intervencion,Tratamiento,5
532,2025-04-02,intervencion,Tratamiento,6
532,2025-04-03,intervencion,Tratamiento,6
532,2025-04-04,intervencion,Tratamiento,6
532,2025-04-07,intervencion,Tratamiento,3
532,2025-04-08,intervencion,Tratamiento,5
532,2025-04-09,intervencion,Tratamiento,5
532,2025-04-10,intervencion,Tratamiento,5
532,2025-04-11,intervencion,Tratamiento,5
532,2025-04-14,intervencion,Tratamiento,6
532,2025-04-15,intervencion,Tratamiento,6
532,2025-04-16,intervencion,Tratamiento,6
532,2025-04-17,intervencion,Tratamiento,5
532,2025-04-18,intervencion,Tratamiento,7
532,2025-04-21,intervencion,Tratamiento,5
532,2025-04-22,intervencion,Tratamiento,3
532,2025-04-23,intervencion,Tratamiento,5
532,2025-04-24,intervencion,Tratamiento,5
532,2025-04-25,intervencion,Tratamiento,6
533,2025-03-03,baseline,Tratamiento,4
533,2025-03-04,baseline,Tratamiento,5
533,2025-03-05,baseline,Tratamiento,3
533,2025-03-06,baseline,Tratamiento,6
533,2025-03-07,baseline,Tratamiento,5
533,2025-03-10,baseline,Tratamiento,4
533,2025-03-11,baseline,Tratamiento,7
533,2025-03-12,baseline,Tratamiento,6
533,2025-03-13,baseline,Tratamiento,4
533,2025-03-14,baseline,Tratamiento,5
533,2025-03-17,baseline,Tratamiento,7
533,2025-03-18,baseline,Tratamiento,6
533,2025-03-19,baseline,Tratamiento,5
533,2025-03-20,baseline,Tratamiento,3
533,2025-03-21,baseline,Tratamiento,6
533,2025-03-24,baseline,Tratamiento,4
533,2025-03-25,baseline,Tratamiento,6
533,2025-03-26,baseline,Tratamiento,4
533,2025-03-27,baseline,Tratamiento,5
533,2025-03-28,baseline,Tratamiento,4
533,2025-03-31,intervencion,Tratamiento,5
533,2025-04-01,intervencion,Tratamiento,6
533,2025-04-02,intervencion,Tratamiento,4
533,2025-04-03,intervencion,Tratamiento,7
533,2025-04-04,intervencion,Tratamiento,4
533,2025-04-07,intervencion,Tratamiento,4
533,2025-04-08,intervencion,Tratamiento,6
533,2025-04-09,intervencion,Tratamiento,6
533,2025-04-10,intervencion,Tratamiento,5
533,2025-04-11,intervencion,Tratamiento,4
533,2025-04-14,intervencion,Tratamiento,4
533,2025-04-15,intervencion,Tratamiento,4
533,2025-04-16,intervencion,Tratamiento,5
533,2025-04-17,intervencion,Tratamiento,5
533,2025-04-18,intervencion,Tratamiento,5
533,2025-04-21,intervencion,Tratamiento,5
533,2025-04-22,intervencion,Tratamiento,6
533,2025-04-23,intervencion,Tratamiento,5
533,2025-04-24,intervencion,Tratamiento,4
533,2025-04-25,intervencion,Tratamiento,5
534,2025-03-03,baseline,Control,5
534,2025-03-04,baseline,Control,5
534,2025-03-05,baseline,Control,4
534,2025-03-06,baseline,Control,5
534,2025-03-07,baseline,Control,4
534,2025-03-10,baseline,Control,4
534,2025-03-11,baseline,Control,6
534,2025-03-12,baseline,Control,4
534,2025-03-13,baseline,Control,6
534,2025-03-14,baseline,Control,3
534,2025-03-17,baseline,Control,3
534,2025-03-18,baseline,Control,3
534,2025-03-19,baseline,Control,5
534,2025-03-20,baseline,Control,5
534,2025-03-21,baseline,Control,6
534,2025-03-24,baseline,Control,6
534,2025-03-25,baseline,Control,5
534,2025-03-26,baseline,Control,4
534,2025-03-27,baseline,Control,4
534,2025-03-28,baseline,Control,5
534,2025-03-31,intervencion,Control,6
534,2025-04-01,intervencion,Control,4
534,2025-04-02,intervencion,Control,6
534,2025-04-03,intervencion,Control,3
534,2025-04-04,intervencion,Control,5
534,2025-04-07,intervencion,Control,5
534,2025-04-08,intervencion,Control,4
534,2025-04-09,intervencion,Control,5
534,2025-04-10,intervencion,Control,4
534,2025-04-11,intervencion,Control,5
534,2025-04-14,intervencion,Control,5
534,2025-04-15,intervencion,Control,5
534,2025-04-16,intervencion,Control,6
534,2025-04-17,intervencion,Control,5
534,2025-04-18,intervencion,Control,4
534,2025-04-21,intervencion,Control,4
534,2025-04-22,intervencion,Control,6
534,2025-04-23,intervencion,Control,6
534,2025-04-24,intervencion,Control,5
534,2025-04-25,intervencion,Control,5
535,2025-03-03,baseline,Tratamiento,5
535,2025-03-04,baseline,Tratamiento,6
535,2025-03-05,baseline,Tratamiento,4
535,2025-03-06,baseline,Tratamiento,5
535,2025-03-07,baseline,Tratamiento,4
535,2025-03-10,baseline,Tratamiento,4
535,2025-03-11,baseline,Tratamiento,6
535,2025-03-12,baseline,Tratamiento,6
535,2025-03-13,baseline,Tratamiento,5
535,2025-03-14,baseline,Tratamiento,2
535,2025-03-17,baseline,Tratamiento,4
535,2025-03-18,baseline,Tratamiento,5
535,2025-03-19,baseline,Tratamiento,4
535,2025-03-20,baseline,Tratamiento,5
535,2025-03-21,baseline,Tratamiento,5
535,2025-03-24,baseline,Tratamiento,4
535,2025-03-25,baseline,Tratamiento,5
535,2025-03-26,baseline,Tratamiento,4
535,2025-03-27,baseline,Tratamiento,4
535,2025-03-28,baseline,Tratamiento,6
535,2025-03-31,intervencion,Tratamiento,5
535,2025-04-01,intervencion,Tratamiento,3
535,2025-04-02,intervencion,Tratamiento,7
535,2025-04-03,intervencion,Tratamiento,4
535,2025-04-04,intervencion,Tratamiento,6
535,2025-04-07,intervencion,Tratamiento,4
535,2025-04-08,intervencion,Tratamiento,5
535,2025-04-09,intervencion,Tratamiento,5
535,2025-04-10,intervencion,Tratamiento,6
535,2025-04-11,intervencion,Tratamiento,5
535,2025-04-14,intervencion,Tratamiento,4
535,2025-04-15,intervencion,Tratamiento,5
535,2025-04-16,intervencion,Tratamiento,5
535,2025-04-17,intervencion,Tratamiento,3
535,2025-04-18,intervencion,Tratamiento,4
535,2025-04-21,intervencion,Tratamiento,7
535,2025-04-22,intervencion,Tratamiento,3
535,2025-04-23,intervencion,Tratamiento,5
535,2025-04-24,intervencion,Tratamiento,5
535,2025-04-25,intervencion,Tratamiento,7
536,2025-03-03,baseline,Tratamiento,4
536,2025-03-04,baseline,Tratamiento,5
536,2025-03-05,baseline,Tratamiento,5
536,2025-03-06,baseline,Tratamiento,4
536,2025-03-07,baseline,Tratamiento,4
536,2025-03-10,baseline,Tratamiento,5
536,2025-03-11,baseline,Tratamiento,4
536,2025-03-12,baseline,Tratamiento,4
536,2025-03-13,baseline,Tratamiento,5
536,2025-03-14,baseline,Tratamiento,5
536,2025-03-17,baseline,Tratamiento,5
536,2025-03-18,baseline,Tratamiento,5
536,2025-03-19,baseline,Tratamiento,5
536,2025-03-20,baseline,Tratamiento,6
536,2025-03-21,baseline,Tratamiento,4
536,2025-03-24,baseline,Tratamiento,5
536,2025-03-25,baseline,Tratamiento,3
536,2025-03-26,baseline,Tratamiento,3
536,2025-03-27,baseline,Tratamiento,6
536,2025-03-28,baseline,Tratamiento,4
536,2025-03-31,intervencion,Tratamiento,5
536,2025-04-01,intervencion,Tratamiento,4
536,2025-04-02,intervencion,Tratamiento,4
536,2025-04-03,intervencion,Tratamiento,4
536,2025-04-04,intervencion,Tratamiento,6
536,2025-04-07,intervencion,Tratamiento,4
536,2025-04-08,intervencion,Tratamiento,5
536,2025-04-09,intervencion,Tratamiento,4
536,2025-04-10,intervencion,Tratamiento,6
536,2025-04-11,intervencion,Tratamiento,6
536,2025-04-14,intervencion,Tratamiento,5
536,2025-04-15,intervencion,Tratamiento,6
536,2025-04-16,intervencion,Tratamiento,5
536,2025-04-17,intervencion,Tratamiento,5
536,2025-04-18,intervencion,Tratamiento,5
536,2025-04-21,intervencion,Tratamiento,6
536,2025-04-22,intervencion,Tratamiento,4
536,2025-04-23,intervencion,Tratamiento,5
536,2025-04-24,intervencion,Tratamiento,7
536,2025-04-25,intervencion,Tratamiento,5
537,2025-03-03,baseline,Tratamiento,5
537,2025-03-04,baseline,Tratamiento,5
537,2025-03-05,baseline,Tratamiento,5
537,2025-03-06,baseline,Tratamiento,3
537,2025-03-07,baseline,Tratamiento,6
537,2025-03-10,baseline,Tratamiento,5
537,2025-03-11,baseline,Tratamiento,4
537,2025-03-12,baseline,Tratamiento,5
537,2025-03-13,baseline,Tratamiento,4
537,2025-03-14,baseline,Tratamiento,5
537,2025-03-17,baseline,Tratamiento,5
537,2025-03-18,baseline,Tratamiento,5
537,2025-03-19,baseline,Tratamiento,4
537,2025-03-20,baseline,Tratamiento,4
537,2025-03-21,baseline,Tratamiento,6
537,2025-03-24,baseline,Tratamiento,4
537,2025-03-25,baseline,Tratamiento,2
537,2025-03-26,baseline,Tratamiento,4
537,2025-03-27,baseline,Tratamiento,7
537,2025-03-28,baseline,Tratamiento,5
537,2025-03-31,intervencion,Tratamiento,4
537,2025-04-01,intervencion,Tratamiento,5
537,2025-04-02,intervencion,Tratamiento,6
537,2025-04-03,intervencion,Tratamiento,3
537,2025-04-04,intervencion,Tratamiento,4
537,2025-04-07,intervencion,Tratamiento,5
537,2025-04-08,intervencion,Tratamiento,6
537,2025-04-09,intervencion,Tratamiento,5
537,2025-04-10,intervencion,Tratamiento,6
537,2025-04-11,intervencion,Tratamiento,4
537,2025-04-14,intervencion,Tratamiento,2
537,2025-04-15,intervencion,Tratamiento,6
537,2025-04-16,intervencion,Tratamiento,5
537,2025-04-17,intervencion,Tratamiento,6
537,2025-04-18,intervencion,Tratamiento,6
537,2025-04-21,intervencion,Tratamiento,5
537,2025-04-22,intervencion,Tratamiento,5
537,2025-04-23,intervencion,Tratamiento,5
537,2025-04-24,intervencion,Tratamiento,5
537,2025-04-25,intervencion,Tratamiento,5
538,2025-03-03,baseline,Tratamiento,3
538,2025-03-04,baseline,Tratamiento,4
538,2025-03-05,baseline,Tratamiento,4
538,2025-03-06,baseline,Tratamiento,3
538,2025-03-07,baseline,Tratamiento,3
538,2025-03-10,baseline,Tratamiento,4
538,2025-03-11,baseline,Tratamiento,4
538,2025-03-12,baseline,Tratamiento,4
538,2025-03-13,baseline,Tratamiento,2
538,2025-03-14,baseline,Tratamiento,6
538,2025-03-17,baseline,Tratamiento,3
538,2025-03-18,baseline,Tratamiento,4
538,2025-03-19,baseline,Tratamiento,3
538,2025-03-20,baseline,Tratamiento,6
538,2025-03-21,baseline,Tratamiento,5
538,2025-03-24,baseline,Tratamiento,4
538,2025-03-25,baseline,Tratamiento,4
538,2025-03-26,baseline,Tratamiento,5
538,2025-03-27,baseline,Tratamiento,3
538,2025-03-28,baseline,Tratamiento,5
538,2025-03-31,intervencion,Tratamiento,4
538,2025-04-01,intervencion,Tratamiento,5
538,2025-04-02,intervencion,Tratamiento,5
538,2025-04-03,intervencion,Tratamiento,4
538,2025-04-04,intervencion,Tratamiento,3
538,2025-04-07,intervencion,Tratamiento,5
538,2025-04-08,intervencion,Tratamiento,4
538,2025-04-09,intervencion,Tratamiento,5
538,2025-04-10,intervencion,Tratamiento,5
538,2025-04-11,intervencion,Tratamiento,4
538,2025-04-14,intervencion,Tratamiento,4
538,2025-04-15,intervencion,Tratamiento,6
538,2025-04-16,intervencion,Tratamiento,5
538,2025-04-17,intervencion,Tratamiento,7
538,2025-04-18,intervencion,Tratamiento,5
538,2025-04-21,intervencion,Tratamiento,5
538,2025-04-22,intervencion,Tratamiento,5
538,2025-04-23,intervencion,Tratamiento,5
538,2025-04-24,intervencion,Tratamiento,6
538,2025-04-25,intervencion,Tratamiento,6
539,2025-03-03,baseline,Tratamiento,3
539,2025-03-04,baseline,Tratamiento,5
539,2025-03-05,baseline,Tratamiento,5
539,2025-03-06,baseline,Tratamiento,5
539,2025-03-07,baseline,Tratamiento,6
539,2025-03-10,baseline,Tratamiento,6
539,2025-03-11,baseline,Tratamiento,5
539,2025-03-12,baseline,Tratamiento,4
539,2025-03-13,baseline,Tratamiento,4
539,2025-03-14,baseline,Tratamiento,5
539,2025-03-17,baseline,Tratamiento,6
539,2025-03-18,baseline,Tratamiento,3
539,2025-03-19,baseline,Tratamiento,6
539,2025-03-20,baseline,Tratamiento,4
539,2025-03-21,baseline,Tratamiento,3
539,2025-03-24,baseline,Tratamiento,5
539,2025-03-25,baseline,Tratamiento,5
539,2025-03-26,baseline,Tratamiento,4
539,2025-03-27,baseline,Tratamiento,4
539,2025-03-28,baseline,Tratamiento,6
539,2025-03-31,intervencion,Tratamiento,4
539,2025-04-01,intervencion,Tratamiento,6
539,2025-04-02,intervencion,Tratamiento,4
539,2025-04-03,intervencion,Tratamiento,5
539,2025-04-04,intervencion,Tratamiento,5
539,2025-04-07,intervencion,Tratamiento,6
539,2025-04-08,intervencion,Tratamiento,6
539,2025-04-09,intervencion,Tratamiento,4
539,2025-04-10,intervencion,Tratamiento,5
539,2025-04-11,intervencion,Tratamiento,4
539,2025-04-14,intervencion,Tratamiento,4
539,2025-04-15,intervencion,Tratamiento,4
539,2025-04-16,intervencion,Tratamiento,5
539,2025-04-17,intervencion,Tratamiento,6
539,2025-04-18,intervencion,Tratamiento,7
539,2025-04-21,intervencion,Tratamiento,5
539,2025-04-22,intervencion,Tratamiento,5
539,2025-04-23,intervencion,Tratamiento,6
539,2025-04-24,intervencion,Tratamiento,6
539,2025-04-25,intervencion,Tratamiento,5
540,2025-03-03,baseline,Tratamiento,5
540,2025-03-04,baseline,Tratamiento,5
540,2025-03-05,baseline,Tratamiento,4
540,2025-03-06,baseline,Tratamiento,4
540,2025-03-07,baseline,Tratamiento,4
540,2025-03-10,baseline,Tratamiento,4
540,2025-03-11,baseline,Tratamiento,4
540,2025-03-12,baseline,Tratamiento,5
540,2025-03-13,baseline,Tratamiento,5
540,2025-03-14,baseline,Tratamiento,6
540,2025-03-17,baseline,Tratamiento,5
540,2025-03-18,baseline,Tratamiento,4
540,2025-03-19,baseline,Tratamiento,4
540,2025-03-20,baseline,Tratamiento,5
540,2025-03-21,baseline,Tratamiento,5
540,2025-03-24,baseline,Tratamiento,4
540,2025-03-25,baseline,Tratamiento,3
540,2025-03-26,baseline,Tratamiento,4
540,2025-03-27,baseline,Tratamiento,5
540,2025-03-28,baseline,Tratamiento,5
540,2025-03-31,intervencion,Tratamiento,4
540,2025-04-01,intervencion,Tratamiento,5
540,2025-04-02,intervencion,Tratamiento,5
540,2025-04-03,intervencion,Tratamiento,5
540,2025-04-04,intervencion,Tratamiento,4
540,2025-04-07,intervencion,Tratamiento,4
540,2025-04-08,intervencion,Tratamiento,5
540,2025-04-09,intervencion,Tratamiento,6
540,2025-04-10,intervencion,Tratamiento,6
540,2025-04-11,intervencion,Tratamiento,4
540,2025-04-14,intervencion,Tratamiento,5
540,2025-04-15,intervencion,Tratamiento,3
540,2025-04-16,intervencion,Tratamiento,5
540,2025-04-17,intervencion,Tratamiento,5
540,2025-04-18,intervencion,Tratamiento,6
540,2025-04-21,intervencion,Tratamiento,3
540,2025-04-22,intervencion,Tratamiento,4
540,2025-04-23,intervencion,Tratamiento,5
540,2025-04-24,intervencion,Tratamiento,3
540,2025-04-25,intervencion,Tratamiento,5
541,2025-03-03,baseline,Control,5
541,2025-03-04,baseline,Control,3
541,2025-03-05,baseline,Control,5
541,2025-03-06,baseline,Control,4
541,2025-03-07,baseline,Control,6
541,2025-03-10,baseline,Control,5
541,2025-03-11,baseline,Control,4
541,2025-03-12,baseline,Control,3
541,2025-03-13,baseline,Control,5
541,2025-03-14,baseline,Control,6
541,2025-03-17,baseline,Control,4
541,2025-03-18,baseline,Control,4
541,2025-03-19,baseline,Control,4
541,2025-03-20,baseline,Control,6
541,2025-03-21,baseline,Control,3
541,2025-03-24,baseline,Control,6
541,2025-03-25,baseline,Control,4
541,2025-03-26,baseline,Control,5
541,2025-03-27,baseline,Control,4
541,2025-03-28,baseline,Control,5
541,2025-03-31,intervencion,Control,4
541,2025-04-01,intervencion,Control,6
541,2025-04-02,intervencion,Control,6
541,2025-04-03,intervencion,Control,4
541,2025-04-04,intervencion,Control,5
541,2025-04-07,intervencion,Control,4
541,2025-04-08,intervencion,Control,5
541,2025-04-09,intervencion,Control,6
541,2025-04-10,intervencion,Control,4
541,2025-04-11,intervencion,Control,5
541,2025-04-14,intervencion,Control,5
541,2025-04-15,intervencion,Control,4
541,2025-04-16,intervencion,Control,5
541,2025-04-17,intervencion,Control,5
541,2025-04-18,intervencion,Control,4
541,2025-04-21,intervencion,Control,4
541,2025-04-22,intervencion,Control,4
541,2025-04-23,intervencion,Control,4
541,2025-04-24,intervencion,Control,6
541,2025-04-25,intervencion,Control,5
542,2025-03-03,baseline,Tratamiento,3
542,2025-03-04,baseline,Tratamiento,4
542,2025-03-05,baseline,Tratamiento,5
542,2025-03-06,baseline,Tratamiento,5
542,2025-03-07,baseline,Tratamiento,4
542,2025-03-10,baseline,Tratamiento,3
542,2025-03-11,baseline,Tratamiento,5
542,2025-03-12,baseline,Tratamiento,5
542,2025-03-13,baseline,Tratamiento,5
542,2025-03-14,baseline,Tratamiento,4
542,2025-03-17,baseline,Tratamiento,6
542,2025-03-18,baseline,Tratamiento,5
542,2025-03-19,baseline,Tratamiento,5
542,2025-03-20,baseline,Tratamiento,4
542,2025-03-21,baseline,Tratamiento,6
542,2025-03-24,baseline,Tratamiento,5
542,2025-03-25,baseline,Tratamiento,5
542,2025-03-26,baseline,Tratamiento,4
542,2025-03-27,baseline,Tratamiento,6
542,2025-03-28,baseline,Tratamiento,5
542,2025-03-31,intervencion,Tratamiento,6
542,2025-04-01,intervencion,Tratamiento,5
542,2025-04-02,intervencion,Tratamiento,5
542,2025-04-03,intervencion,Tratamiento,5
542,2025-04-04,intervencion,Tratamiento,7
542,2025-04-07,intervencion,Tratamiento,4
542,2025-04-08,intervencion,Tratamiento,4
542,2025-04-09,intervencion,Tratamiento,5
542,2025-04-10,intervencion,Tratamiento,4
542,2025-04-11,intervencion,Tratamiento,6
542,2025-04-14,intervencion,Tratamiento,4
542,2025-04-15,intervencion,Tratamiento,4
542,2025-04-16,intervencion,Tratamiento,5
542,2025-04-17,intervencion,Tratamiento,6
542,2025-04-18,intervencion,Tratamiento,6
542,2025-04-21,intervencion,Tratamiento,6
542,2025-04-22,intervencion,Tratamiento,5
542,2025-04-23,intervencion,Tratamiento,5
542,2025-04-24,intervencion,Tratamiento,6
542,2025-04-25,intervencion,Tratamiento,4
543,2025-03-03,baseline,Control,3
543,2025-03-04,baseline,Control,5
543,2025-03-05,baseline,Control,5
543,2025-03-06,baseline,Control,5
543,2025-03-07,baseline,Control,4
543,2025-03-10,baseline,Control,6
543,2025-03-11,baseline,Control,5
543,2025-03-12,baseline,Control,5
543,2025-03-13,baseline,Control,5
543,2025-03-14,baseline,Control,5
543,2025-03-17,baseline,Control,4
543,2025-03-18,baseline,Control,4
543,2025-03-19,baseline,Control,5
543,2025-03-20,baseline,Control,4
543,2025-03-21,baseline,Control,3
543,2025-03-24,baseline,Control,5
543,2025-03-25,baseline,Control,5
543,2025-03-26,baseline,Control,6
543,2025-03-27,baseline,Control,5
543,2025-03-28,baseline,Control,5
543,2025-03-31,intervencion,Control,5
543,2025-04-01,intervencion,Control,5
543,2025-04-02,intervencion,Control,3
543,2025-04-03,intervencion,Control,6
543,2025-04-04,intervencion,Control,4
543,2025-04-07,intervencion,Control,4
543,2025-04-08,intervencion,Control,4
543,2025-04-09,intervencion,Control,7
543,2025-04-10,intervencion,Control,5
543,2025-04-11,intervencion,Control,4
543,2025-04-14,intervencion,Control,4
543,2025-04-15,intervencion,Control,5
543,2025-04-16,intervencion,Control,5
543,2025-04-17,intervencion,Control,5
543,2025-04-18,intervencion,Control,4
543,2025-04-21,intervencion,Control,5
543,2025-04-22,intervencion,Control,4
543,2025-04-23,intervencion,Control,6
543,2025-04-24,intervencion,Control,5
543,2025-04-25,intervencion,Control,4
544,2025-03-03,baseline,Control,5
544,2025-03-04,baseline,Control,5
544,2025-03-05,baseline,Control,4
544,2025-03-06,baseline,Control,5
544,2025-03-07,baseline,Control,5
544,2025-03-10,baseline,Control,6
544,2025-03-11,baseline,Control,5
544,2025-03-12,baseline,Control,4
544,2025-03-13,baseline,Control,3
544,2025-03-14,baseline,Control,5
544,2025-03-17,baseline,Control,5
544,2025-03-18,baseline,Control,5
544,2025-03-19,baseline,Control,2
544,2025-03-20,baseline,Control,5
544,2025-03-21,baseline,Control,4
544,2025-03-24,baseline,Control,5
544,2025-03-25,baseline,Control,6
544,2025-03-26,baseline,Control,4
544,2025-03-27,baseline,Control,5
544,2025-03-28,baseline,Control,5
544,2025-03-31,intervencion,Control,5
544,2025-04-01,intervencion,Control,5
544,2025-04-02,intervencion,Control,4
544,2025-04-03,intervencion,Control,4
544,2025-04-04,intervencion,Control,6
544,2025-04-07,intervencion,Control,5
544,2025-04-08,intervencion,Control,5
544,2025-04-09,intervencion,Control,5
544,2025-04-10,intervencion,Control,5
544,2025-04-11,intervencion,Control,4
544,2025-04-14,intervencion,Control,5
544,2025-04-15,intervencion,Control,5
544,2025-04-16,intervencion,Control,6
544,2025-04-17,intervencion,Control,7
544,2025-04-18,intervencion,Control,5
544,2025-04-21,intervencion,Control,4
544,2025-04-22,intervencion,Control,4
544,2025-04-23,intervencion,Control,4
544,2025-04-24,intervencion,Control,4
544,2025-04-25,intervencion,Control,2
545,2025-03-03,baseline,Control,4
545,2025-03-04,baseline,Control,5
545,2025-03-05,baseline,Control,5
545,2025-03-06,baseline,Control,4
545,2025-03-07,baseline,Control,3
545,2025-03-10,baseline,Control,6
545,2025-03-11,baseline,Control,5
545,2025-03-12,baseline,Control,5
545,2025-03-13,baseline,Control,3
545,2025-03-14,baseline,Control,4
545,2025-03-17,baseline,Control,5
545,2025-03-18,baseline,Control,5
545,2025-03-19,baseline,Control,5
545,2025-03-20,baseline,Control,5
545,2025-03-21,baseline,Control,5
545,2025-03-24,baseline,Control,5
545,2025-03-25,baseline,Control,4
545,2025-03-26,baseline,Control,3
545,2025-03-27,baseline,Control,5
545,2025-03-28,baseline,Control,5
545,2025-03-31,intervencion,Control,5
545,2025-04-01,intervencion,Control,5
545,2025-04-02,intervencion,Control,4
545,2025-04-03,intervencion,Control,5
545,2025-04-04,intervencion,Control,5
545,2025-04-07,intervencion,Control,5
545,2025-04-08,intervencion,Control,7
545,2025-04-09,intervencion,Control,4
545,2025-04-10,intervencion,Control,7
545,2025-04-11,intervencion,Control,3
545,2025-04-14,intervencion,Control,5
545,2025-04-15,intervencion,Control,4
545,2025-04-16,intervencion,Control,5
545,2025-04-17,intervencion,Control,5
545,2025-04-18,intervencion,Control,5
545,2025-04-21,intervencion,Control,5
545,2025-04-22,intervencion,Control,4
545,2025-04-23,intervencion,Control,3
545,2025-04-24,intervencion,Control,5
545,2025-04-25,intervencion,Control,5
546,2025-03-03,baseline,Tratamiento,4
546,2025-03-04,baseline,Tratamiento,4
546,2025-03-05,baseline,Tratamiento,5
546,2025-03-06,baseline,Tratamiento,4
546,2025-03-07,baseline,Tratamiento,5
546,2025-03-10,baseline,Tratamiento,6
546,2025-03-11,baseline,Tratamiento,6
546,2025-03-12,baseline,Tratamiento,6
546,2025-03-13,baseline,Tratamiento,5
546,2025-03-14,baseline,Tratamiento,5
546,2025-03-17,baseline,Tratamiento,4
546,2025-03-18,baseline,Tratamiento,4
546,2025-03-19,baseline,Tratamiento,5
546,2025-03-20,baseline,Tratamiento,4
546,2025-03-21,baseline,Tratamiento,5
546,2025-03-24,baseline,Tratamiento,4
546,2025-03-25,baseline,Tratamiento,6
546,2025-03-26,baseline,Tratamiento,4
546,2025-03-27,baseline,Tratamiento,6
546,2025-03-28,baseline,Tratamiento,4
546,2025-03-31,intervencion,Tratamiento,4
546,2025-04-01,intervencion,Tratamiento,6
546,2025-04-02,intervencion,Tratamiento,4
546,2025-04-03,intervencion,Tratamiento,4
546,2025-04-04,intervencion,Tratamiento,4
546,2025-04-07,intervencion,Tratamiento,6
546,2025-04-08,intervencion,Tratamiento,6
546,2025-04-09,intervencion,Tratamiento,4
546,2025-04-10,intervencion,Tratamiento,4
546,2025-04-11,intervencion,Tratamiento,6
546,2025-04-14,intervencion,Tratamiento,6
546,2025-04-15,intervencion,Tratamiento,5
546,2025-04-16,intervencion,Tratamiento,5
546,2025-04-17,intervencion,Tratamiento,6
546,2025-04-18,intervencion,Tratamiento,7
546,2025-04-21,intervencion,Tratamiento,4
546,2025-04-22,intervencion,Tratamiento,4
546,2025-04-23,intervencion,Tratamiento,4
546,2025-04-24,intervencion,Tratamiento,6
546,2025-04-25,intervencion,Tratamiento,5
547,2025-03-03,baseline,Tratamiento,5
547,2025-03-04,baseline,Tratamiento,5
547,2025-03-05,baseline,Tratamiento,5
547,2025-03-06,baseline,Tratamiento,5
547,2025-03-07,baseline,Tratamiento,6
547,2025-03-10,baseline,Tratamiento,4
547,2025-03-11,baseline,Tratamiento,4
547,2025-03-12,baseline,Tratamiento,4
547,2025-03-13,baseline,Tratamiento,5
547,2025-03-14,baseline,Tratamiento,4
547,2025-03-17,baseline,Tratamiento,6
547,2025-03-18,baseline,Tratamiento,5
547,2025-03-19,baseline,Tratamiento,4
547,2025-03-20,baseline,Tratamiento,4
547,2025-03-21,baseline,Tratamiento,6
547,2025-03-24,baseline,Tratamiento,3
547,2025-03-25,baseline,Tratamiento,4
547,2025-03-26,baseline,Tratamiento,5
547,2025-03-27,baseline,Tratamiento,4
547,2025-03-28,baseline,Tratamiento,5
547,2025-03-31,intervencion,Tratamiento,5
547,2025-04-01,intervencion,Tratamiento,5
547,2025-04-02,intervencion,Tratamiento,5
547,2025-04-03,intervencion,Tratamiento,5
547,2025-04-04,intervencion,Tratamiento,4
547,2025-04-07,intervencion,Tratamiento,5
547,2025-04-08,intervencion,Tratamiento,3
547,2025-04-09,intervencion,Tratamiento,4
547,2025-04-10,intervencion,Tratamiento,5
547,2025-04-11,intervencion,Tratamiento,6
547,2025-04-14,intervencion,Tratamiento,7
547,2025-04-15,intervencion,Tratamiento,5
547,2025-04-16,intervencion,Tratamiento,4
547,2025-04-17,intervencion,Tratamiento,5
547,2025-04-18,intervencion,Tratamiento,7
547,2025-04-21,intervencion,Tratamiento,6
547,2025-04-22,intervencion,Tratamiento,4
547,2025-04-23,intervencion,Tratamiento,5
547,2025-04-24,intervencion,Tratamiento,6
547,2025-04-25,intervencion,Tratamiento,6
548,2025-03-03,baseline,Tratamiento,5
548,2025-03-04,baseline,Tratamiento,4
548,2025-03-05,baseline,Tratamiento,5
548,2025-03-06,baseline,Tratamiento,5
548,2025-03-07,baseline,Tratamiento,4
548,2025-03-10,baseline,Tratamiento,6
548,2025-03-11,baseline,Tratamiento,5
548,2025-03-12,baseline,Tratamiento,4
548,2025-03-13,baseline,Tratamiento,5
548,2025-03-14,baseline,Tratamiento,5
548,2025-03-17,baseline,Tratamiento,5
548,2025-03-18,baseline,Tratamiento,6
548,2025-03-19,baseline,Tratamiento,5
548,2025-03-20,baseline,Tratamiento,5
548,2025-03-21,baseline,Tratamiento,2
548,2025-03-24,baseline,Tratamiento,6
548,2025-03-25,baseline,Tratamiento,6
548,2025-03-26,baseline,Tratamiento,6
548,2025-03-27,baseline,Tratamiento,4
548,2025-03-28,baseline,Tratamiento,5
548,2025-03-31,intervencion,Tratamiento,6
548,2025-04-01,intervencion,Tratamiento,4
548,2025-04-02,intervencion,Tratamiento,6
548,2025-04-03,intervencion,Tratamiento,5
548,2025-04-04,intervencion,Tratamiento,3
548,2025-04-07,intervencion,Tratamiento,5
548,2025-04-08,intervencion,Tratamiento,4
548,2025-04-09,intervencion,Tratamiento,3
548,2025-04-10,intervencion,Tratamiento,5
548,2025-04-11,intervencion,Tratamiento,5
548,2025-04-14,intervencion,Tratamiento,6
548,2025-04-15,intervencion,Tratamiento,5
548,2025-04-16,intervencion,Tratamiento,6
548,2025-04-17,intervencion,Tratamiento,5
548,2025-04-18,intervencion,Tratamiento,6
548,2025-04-21,intervencion,Tratamiento,4
548,2025-04-22,intervencion,Tratamiento,5
548,2025-04-23,intervencion,Tratamiento,5
548,2025-04-24,intervencion,Tratamiento,6
548,2025-04-25,intervencion,Tratamiento,5
549,2025-03-03,baseline,Tratamiento,4
549,2025-03-04,baseline,Tratamiento,4
549,2025-03-05,baseline,Tratamiento,6
549,2025-03-06,baseline,Tratamiento,3
549,2025-03-07,baseline,Tratamiento,5
549,2025-03-10,baseline,Tratamiento,6
549,2025-03-11,baseline,Tratamiento,5
549,2025-03-12,baseline,Tratamiento,6
549,2025-03-13,baseline,Tratamiento,5
549,2025-03-14,baseline,Tratamiento,5
549,2025-03-17,baseline,Tratamiento,4
549,2025-03-18,baseline,Tratamiento,5
549,2025-03-19,baseline,Tratamiento,5
549,2025-03-20,baseline,Tratamiento,5
549,2025-03-21,baseline,Tratamiento,4
549,2025-03-24,baseline,Tratamiento,4
549,2025-03-25,baseline,Tratamiento,5
549,2025-03-26,baseline,Tratamiento,3
549,2025-03-27,baseline,Tratamiento,4
549,2025-03-28,baseline,Tratamiento,2
549,2025-03-31,intervencion,Tratamiento,6
549,2025-04-01,intervencion,Tratamiento,6
549,2025-04-02,intervencion,Tratamiento,5
549,2025-04-03,intervencion,Tratamiento,7
549,2025-04-04,intervencion,Tratamiento,6
549,2025-04-07,intervencion,Tratamiento,5
549,2025-04-08,intervencion,Tratamiento,5
549,2025-04-09,intervencion,Tratamiento,5
549,2025-04-10,intervencion,Tratamiento,5
549,2025-04-11,intervencion,Tratamiento,5
549,2025-04-14,intervencion,Tratamiento,5
549,2025-04-15,intervencion,Tratamiento,6
549,2025-04-16,intervencion,Tratamiento,5
549,2025-04-17,intervencion,Tratamiento,6
549,2025-04-18,intervencion,Tratamiento,5
549,2025-04-21,intervencion,Tratamiento,5
549,2025-04-22,intervencion,Tratamiento,4
549,2025-04-23,intervencion,Tratamiento,5
549,2025-04-24,intervencion,Tratamiento,7
549,2025-04-25,intervencion,Tratamiento,4
550,2025-03-03,baseline,Control,5
550,2025-03-04,baseline,Control,4
550,2025-03-05,baseline,Control,3
550,2025-03-06,baseline,Control,5
550,2025-03-07,baseline,Control,4
550,2025-03-10,baseline,Control,5
550,2025-03-11,baseline,Control,5
550,2025-03-12,baseline,Control,5
550,2025-03-13,baseline,Control,5
550,2025-03-14,baseline,Control,4
550,2025-03-17,baseline,Control,5
550,2025-03-18,baseline,Control,4
550,2025-03-19,baseline,Control,3
550,2025-03-20,baseline,Control,5
550,2025-03-21,baseline,Control,6
550,2025-03-24,baseline,Control,6
550,2025-03-25,baseline,Control,7
550,2025-03-26,baseline,Control,5
550,2025-03-27,baseline,Control,5
550,2025-03-28,baseline,Control,6
550,2025-03-31,intervencion,Control,4
550,2025-04-01,intervencion,Control,3
550,2025-04-02,intervencion,Control,4
550,2025-04-03,intervencion,Control,6
550,2025-04-04,intervencion,Control,4
550,2025-04-07,intervencion,Control,5
550,2025-04-08,intervencion,Control,5
550,2025-04-09,intervencion,Control,5
550,2025-04-10,intervencion,Control,3
550,2025-04-11,intervencion,Control,5
550,2025-04-14,intervencion,Control,4
550,2025-04-15,intervencion,Control,6
550,2025-04-16,intervencion,Control,6
550,2025-04-17,intervencion,Control,4
550,2025-04-18,intervencion,Control,6
550,2025-04-21,intervencion,Control,5
550,2025-04-22,intervencion,Control,3
550,2025-04-23,intervencion,Control,5
550,2025-04-24,intervencion,Control,6
550,2025-04-25,intervencion,Control,4
551,2025-03-03,baseline,Control,5
551,2025-03-04,baseline,Control,3
551,2025-03-05,baseline,Control,4
551,2025-03-06,baseline,Control,4
551,2025-03-07,baseline,Control,3
551,2025-03-10,baseline,Control,4
551,2025-03-11,baseline,Control,6
551,2025-03-12,baseline,Control,5
551,2025-03-13,baseline,Control,5
551,2025-03-14,baseline,Control,6
551,2025-03-17,baseline,Control,4
551,2025-03-18,baseline,Control,4
551,2025-03-19,baseline,Control,5
551,2025-03-20,baseline,Control,4
551,2025-03-21,baseline,Control,5
551,2025-03-24,baseline,Control,6
551,2025-03-25,baseline,Control,3
551,2025-03-26,baseline,Control,4
551,2025-03-27,baseline,Control,4
551,2025-03-28,baseline,Control,4
551,2025-03-31,intervencion,Control,4
551,2025-04-01,intervencion,Control,4
551,2025-04-02,intervencion,Control,5
551,2025-04-03,intervencion,Control,5
551,2025-04-04,intervencion,Control,5
551,2025-04-07,intervencion,Control,5
551,2025-04-08,intervencion,Control,6
551,2025-04-09,intervencion,Control,4
551,2025-04-10,intervencion,Control,4
551,2025-04-11,intervencion,Control,4
551,2025-04-14,intervencion,Control,5
551,2025-04-15,intervencion,Control,5
551,2025-04-16,intervencion,Control,6
551,2025-04-17,intervencion,Control,5
551,2025-04-18,intervencion,Control,5
551,2025-04-21,intervencion,Control,6
551,2025-04-22,intervencion,Control,4
551,2025-04-23,intervencion,Control,4
551,2025-04-24,intervencion,Control,7
551,2025-04-25,intervencion,Control,5
552,2025-03-03,baseline,Tratamiento,5
552,2025-03-04,baseline,Tratamiento,5
552,2025-03-05,baseline,Tratamiento,3
552,2025-03-06,baseline,Tratamiento,4
552,2025-03-07,baseline,Tratamiento,4
552,2025-03-10,baseline,Tratamiento,5
552,2025-03-11,baseline,Tratamiento,4
552,2025-03-12,baseline,Tratamiento,5
552,2025-03-13,baseline,Tratamiento,4
552,2025-03-14,baseline,Tratamiento,3
552,2025-03-17,baseline,Tratamiento,5
552,2025-03-18,baseline,Tratamiento,3
552,2025-03-19,baseline,Tratamiento,4
552,2025-03-20,baseline,Tratamiento,3
552,2025-03-21,baseline,Tratamiento,4
552,2025-03-24,baseline,Tratamiento,5
552,2025-03-25,baseline,Tratamiento,6
552,2025-03-26,baseline,Tratamiento,3
552,2025-03-27,baseline,Tratamiento,4
552,2025-03-28,baseline,Tratamiento,3
552,2025-03-31,intervencion,Tratamiento,4
552,2025-04-01,intervencion,Tratamiento,5
552,2025-04-02,intervencion,Tratamiento,6
552,2025-04-03,intervencion,Tratamiento,3
552,2025-04-04,intervencion,Tratamiento,5
552,2025-04-07,intervencion,Tratamiento,4
552,2025-04-08,intervencion,Tratamiento,4
552,2025-04-09,intervencion,Tratamiento,5
552,2025-04-10,intervencion,Tratamiento,6
552,2025-04-11,intervencion,Tratamiento,5
552,2025-04-14,intervencion,Tratamiento,4
552,2025-04-15,intervencion,Tratamiento,5
552,2025-04-16,intervencion,Tratamiento,4
552,2025-04-17,intervencion,Tratamiento,5
552,2025-04-18,intervencion,Tratamiento,6
552,2025-04-21,intervencion,Tratamiento,6
552,2025-04-22,intervencion,Tratamiento,5
552,2025-04-23,intervencion,Tratamiento,6
552,2025-04-24,intervencion,Tratamiento,4
552,2025-04-25,intervencion,Tratamiento,7
553,2025-03-03,baseline,Control,4
553,2025-03-04,baseline,Control,3
553,2025-03-05,baseline,Control,6
553,2025-03-06,baseline,Control,4
553,2025-03-07,baseline,Control,5
553,2025-03-10,baseline,Control,4
553,2025-03-11,baseline,Control,7
553,2025-03-12,baseline,Control,6
553,2025-03-13,baseline,Control,6
553,2025-03-14,baseline,Control,5
553,2025-03-17,baseline,Control,5
553,2025-03-18,baseline,Control,5
553,2025-03-19,baseline,Control,6
553,2025-03-20,baseline,Control,4
553,2025-03-21,baseline,Control,6
553,2025-03-24,baseline,Control,4
553,2025-03-25,baseline,Control,4
553,2025-03-26,baseline,Control,4
553,2025-03-27,baseline,Control,5
553,2025-03-28,baseline,Control,4
553,2025-03-31,intervencion,Control,5
553,2025-04-01,intervencion,Control,4
553,2025-04-02,intervencion,Control,5
553,2025-04-03,intervencion,Control,6
553,2025-04-04,intervencion,Control,5
553,2025-04-07,intervencion,Control,7
553,2025-04-08,intervencion,Control,6
553,2025-04-09,intervencion,Control,7
553,2025-04-10,intervencion,Control,5
553,2025-04-11,intervencion,Control,3
553,2025-04-14,intervencion,Control,4
553,2025-04-15,intervencion,Control,4
553,2025-04-16,intervencion,Control,4
553,2025-04-17,intervencion,Control,3
553,2025-04-18,intervencion,Control,6
553,2025-04-21,intervencion,Control,3
553,2025-04-22,intervencion,Control,5
553,2025-04-23,intervencion,Control,7
553,2025-04-24,intervencion,Control,4
553,2025-04-25,intervencion,Control,5
554,2025-03-03,baseline,Control,4
554,2025-03-04,baseline,Control,5
554,2025-03-05,baseline,Control,4
554,2025-03-06,baseline,Control,4
554,2025-03-07,baseline,Control,6
554,2025-03-10,baseline,Control,5
554,2025-03-11,baseline,Control,3
554,2025-03-12,baseline,Control,6
554,2025-03-13,baseline,Control,3
554,2025-03-14,baseline,Control,5
554,2025-03-17,baseline,Control,5
554,2025-03-18,baseline,Control,5
554,2025-03-19,baseline,Control,7
554,2025-03-20,baseline,Control,5
554,2025-03-21,baseline,Control,4
554,2025-03-24,baseline,Control,5
554,2025-03-25,baseline,Control,5
554,2025-03-26,baseline,Control,5
554,2025-03-27,baseline,Control,5
554,2025-03-28,baseline,Control,4
554,2025-03-31,intervencion,Control,5
554,2025-04-01,intervencion,Control,4
554,2025-04-02,intervencion,Control,3
554,2025-04-03,intervencion,Control,6
554,2025-04-04,intervencion,Control,4
554,2025-04-07,intervencion,Control,5
554,2025-04-08,intervencion,Control,4
554,2025-04-09,intervencion,Control,4
554,2025-04-10,intervencion,Control,4
554,2025-04-11,intervencion,Control,5
554,2025-04-14,intervencion,Control,6
554,2025-04-15,intervencion,Control,5
554,2025-04-16,intervencion,Control,4
554,2025-04-17,intervencion,Control,3
554,2025-04-18,intervencion,Control,5
554,2025-04-21,intervencion,Control,4
554,2025-04-22,intervencion,Control,4
554,2025-04-23,intervencion,Control,5
554,2025-04-24,intervencion,Control,4
554,2025-04-25,intervencion,Control,3
555,2025-03-03,baseline,Control,3
555,2025-03-04,baseline,Control,5
555,2025-03-05,baseline,Control,4
555,2025-03-06,baseline,Control,5
555,2025-03-07,baseline,Control,5
555,2025-03-10,baseline,Control,6
555,2025-03-11,baseline,Control,4
555,2025-03-12,baseline,Control,5
555,2025-03-13,baseline,Control,5
555,2025-03-14,baseline,Control,4
555,2025-03-17,baseline,Control,6
555,2025-03-18,baseline,Control,3
555,2025-03-19,baseline,Control,4
555,2025-03-20,baseline,Control,3
555,2025-03-21,baseline,Control,4
555,2025-03-24,baseline,Control,4
555,2025-03-25,baseline,Control,5
555,2025-03-26,baseline,Control,4
555,2025-03-27,baseline,Control,4
555,2025-03-28,baseline,Control,3
555,2025-03-31,intervencion,Control,4
555,2025-04-01,intervencion,Control,5
555,2025-04-02,intervencion,Control,5
555,2025-04-03,intervencion,Control,4
555,2025-04-04,intervencion,Control,6
555,2025-04-07,intervencion,Control,4
555,2025-04-08,intervencion,Control,4
555,2025-04-09,intervencion,Control,4
555,2025-04-10,intervencion,Control,6
555,2025-04-11,intervencion,Control,5
555,2025-04-14,intervencion,Control,3
555,2025-04-15,intervencion,Control,5
555,2025-04-16,intervencion,Control,6
555,2025-04-17,intervencion,Control,4
555,2025-04-18,intervencion,Control,4
555,2025-04-21,intervencion,Control,5
555,2025-04-22,intervencion,Control,6
555,2025-04-23,intervencion,Control,5
555,2025-04-24,intervencion,Control,3
555,2025-04-25,intervencion,Control,5
556,2025-03-03,baseline,Tratamiento,5
556,2025-03-04,baseline,Tratamiento,4
556,2025-03-05,baseline,Tratamiento,6
556,2025-03-06,baseline,Tratamiento,5
556,2025-03-07,baseline,Tratamiento,6
556,2025-03-10,baseline,Tratamiento,4
556,2025-03-11,baseline,Tratamiento,5
556,2025-03-12,baseline,Tratamiento,4
556,2025-03-13,baseline,Tratamiento,5
556,2025-03-14,baseline,Tratamiento,6
556,2025-03-17,baseline,Tratamiento,3
556,2025-03-18,baseline,Tratamiento,3
556,2025-03-19,baseline,Tratamiento,5
556,2025-03-20,baseline,Tratamiento,5
556,2025-03-21,baseline,Tratamiento,6
556,2025-03-24,baseline,Tratamiento,4
556,2025-03-25,baseline,Tratamiento,5
556,2025-03-26,baseline,Tratamiento,5
556,2025-03-27,baseline,Tratamiento,5
556,2025-03-28,baseline,Tratamiento,3
556,2025-03-31,intervencion,Tratamiento,7
556,2025-04-01,intervencion,Tratamiento,5
556,2025-04-02,intervencion,Tratamiento,4
556,2025-04-03,intervencion,Tratamiento,5
556,2025-04-04,intervencion,Tratamiento,5
556,2025-04-07,intervencion,Tratamiento,6
556,2025-04-08,intervencion,Tratamiento,6
556,2025-04-09,intervencion,Tratamiento,5
556,2025-04-10,intervencion,Tratamiento,3
556,2025-04-11,intervencion,Tratamiento,5
556,2025-04-14,intervencion,Tratamiento,3
556,2025-04-15,intervencion,Tratamiento,6
556,2025-04-16,intervencion,Tratamiento,4
556,2025-04-17,intervencion,Tratamiento,6
556,2025-04-18,intervencion,Tratamiento,4
556,2025-04-21,intervencion,Tratamiento,5
556,2025-04-22,intervencion,Tratamiento,4
556,2025-04-23,intervencion,Tratamiento,6
556,2025-04-24,intervencion,Tratamiento,4
556,2025-04-25,intervencion,Tratamiento,6
557,2025-03-03,baseline,Control,4
557,2025-03-04,baseline,Control,4
557,2025-03-05,baseline,Control,5
557,2025-03-06,baseline,Control,5
557,2025-03-07,baseline,Control,4
557,2025-03-10,baseline,Control,5
557,2025-03-11,baseline,Control,4
557,2025-03-12,baseline,Control,5
557,2025-03-13,baseline,Control,5
557,2025-03-14,baseline,Control,5
557,2025-03-17,baseline,Control,4
557,2025-03-18,baseline,Control,4
557,2025-03-19,baseline,Control,5
557,2025-03-20,baseline,Control,4
557,2025-03-21,baseline,Control,6
557,2025-03-24,baseline,Control,5
557,2025-03-25,baseline,Control,3
557,2025-03-26,baseline,Control,4
557,2025-03-27,baseline,Control,4
557,2025-03-28,baseline,Control,6
557,2025-03-31,intervencion,Control,5
557,2025-04-01,intervencion,Control,5
557,2025-04-02,intervencion,Control,5
557,2025-04-03,intervencion,Control,5
557,2025-04-04,intervencion,Control,5
557,2025-04-07,intervencion,Control,5
557,2025-04-08,intervencion,Control,5
557,2025-04-09,intervencion,Control,4
557,2025-04-10,intervencion,Control,4
557,2025-04-11,intervencion,Control,5
557,2025-04-14,intervencion,Control,6
557,2025-04-15,intervencion,Control,6
557,2025-04-16,intervencion,Control,6
557,2025-04-17,intervencion,Control,5
557,2025-04-18,intervencion,Control,4
557,2025-04-21,intervencion,Control,4
557,2025-04-22,intervencion,Control,6
557,2025-04-23,intervencion,Control,3
557,2025-04-24,intervencion,Control,6
557,2025-04-25,intervencion,Control,4
558,2025-03-03,baseline,Control,6
558,2025-03-04,baseline,Control,5
558,2025-03-05,baseline,Control,5
558,2025-03-06,baseline,Control,7
558,2025-03-07,baseline,Control,4
558,2025-03-10,baseline,Control,4
558,2025-03-11,baseline,Control,4
558,2025-03-12,baseline,Control,4
558,2025-03-13,baseline,Control,4
558,2025-03-14,baseline,Control,4
558,2025-03-17,baseline,Control,3
558,2025-03-18,baseline,Control,4
558,2025-03-19,baseline,Control,5
558,2025-03-20,baseline,Control,4
558,2025-03-21,baseline,Control,4
558,2025-03-24,baseline,Control,6
558,2025-03-25,baseline,Control,3
558,2025-03-26,baseline,Control,6
558,2025-03-27,baseline,Control,4
558,2025-03-28,baseline,Control,5
558,2025-03-31,intervencion,Control,6
558,2025-04-01,intervencion,Control,6
558,2025-04-02,intervencion,Control,5
558,2025-04-03,intervencion,Control,4
558,2025-04-04,intervencion,Control,4
558,2025-04-07,intervencion,Control,4
558,2025-04-08,intervencion,Control,6
558,2025-04-09,intervencion,Control,4
558,2025-04-10,intervencion,Control,5
558,2025-04-11,intervencion,Control,4
558,2025-04-14,intervencion,Control,4
558,2025-04-15,intervencion,Control,5
558,2025-04-16,intervencion,Control,4
558,2025-04-17,intervencion,Control,4
558,2025-04-18,intervencion,Control,3
558,2025-04-21,intervencion,Control,5
558,2025-04-22,intervencion,Control,6
558,2025-04-23,intervencion,Control,4
558,2025-04-24,intervencion,Control,5
558,2025-04-25,intervencion,Control,1
559,2025-03-03,baseline,Control,4
559,2025-03-04,baseline,Control,3
559,2025-03-05,baseline,Control,6
559,2025-03-06,baseline,Control,5
559,2025-03-07,baseline,Control,4
559,2025-03-10,baseline,Control,5
559,2025-03-11,baseline,Control,6
559,2025-03-12,baseline,Control,6
559,2025-03-13,baseline,Control,4
559,2025-03-14,baseline,Control,3
559,2025-03-17,baseline,Control,4
559,2025-03-18,baseline,Control,5
559,2025-03-19,baseline,Control,6
559,2025-03-20,baseline,Control,5
559,2025-03-21,baseline,Control,4
559,2025-03-24,baseline,Control,7
559,2025-03-25,baseline,Control,5
559,2025-03-26,baseline,Control,3
559,2025-03-27,baseline,Control,4
559,2025-03-28,baseline,Control,5
559,2025-03-31,intervencion,Control,5
559,2025-04-01,intervencion,Control,5
559,2025-04-02,intervencion,Control,3
559,2025-04-03,intervencion,Control,3
559,2025-04-04,intervencion,Control,4
559,2025-04-07,intervencion,Control,4
559,2025-04-08,intervencion,Control,5
559,2025-04-09,intervencion,Control,5
559,2025-04-10,intervencion,Control,7
559,2025-04-11,intervencion,Control,4
559,2025-04-14,intervencion,Control,4
559,2025-04-15,intervencion,Control,4
559,2025-04-16,intervencion,Control,6
559,2025-04-17,intervencion,Control,6
559,2025-04-18,intervencion,Control,4
559,2025-04-21,intervencion,Control,6
559,2025-04-22,intervencion,Control,4
559,2025-04-23,intervencion,Control,6
559,2025-04-24,intervencion,Control,6
559,2025-04-25,intervencion,Control,3
560,2025-03-03,baseline,Control,5
560,2025-03-04,baseline,Control,2
560,2025-03-05,baseline,Control,5
560,2025-03-06,baseline,Control,4
560,2025-03-07,baseline,Control,5
560,2025-03-10,baseline,Control,5
560,2025-03-11,baseline,Control,6
560,2025-03-12,baseline,Control,5
560,2025-03-13,baseline,Control,5
560,2025-03-14,baseline,Control,4
560,2025-03-17,baseline,Control,5
560,2025-03-18,baseline,Control,4
560,2025-03-19,baseline,Control,4
560,2025-03-20,baseline,Control,4
560,2025-03-21,baseline,Control,4
560,2025-03-24,baseline,Control,3
560,2025-03-25,baseline,Control,3
560,2025-03-26,baseline,Control,2
560,2025-03-27,baseline,Control,4
560,2025-03-28,baseline,Control,5
560,2025-03-31,intervencion,Control,2
560,2025-04-01,intervencion,Control,5
560,2025-04-02,intervencion,Control,4
560,2025-04-03,intervencion,Control,4
560,2025-04-04,intervencion,Control,4
560,2025-04-07,intervencion,Control,6
560,2025-04-08,intervencion,Control,4
560,2025-04-09,intervencion,Control,5
560,2025-04-10,intervencion,Control,5
560,2025-04-11,intervencion,Control,4
560,2025-04-14,intervencion,Control,6
560,2025-04-15,intervencion,Control,5
560,2025-04-16,intervencion,Control,4
560,2025-04-17,intervencion,Control,7
560,2025-04-18,intervencion,Control,6
560,2025-04-21,intervencion,Control,3
560,2025-04-22,intervencion,Control,4
560,2025-04-23,intervencion,Control,7
560,2025-04-24,intervencion,Control,4
560,2025-04-25,intervencion,Control,5
561,2025-03-03,baseline,Tratamiento,6
561,2025-03-04,baseline,Tratamiento,5
561,2025-03-05,baseline,Tratamiento,5
561,2025-03-06,baseline,Tratamiento,5
561,2025-03-07,baseline,Tratamiento,5
561,2025-03-10,baseline,Tratamiento,4
561,2025-03-11,baseline,Tratamiento,5
561,2025-03-12,baseline,Tratamiento,4
561,2025-03-13,baseline,Tratamiento,4
561,2025-03-14,baseline,Tratamiento,6
561,2025-03-17,baseline,Tratamiento,4
561,2025-03-18,baseline,Tratamiento,6
561,2025-03-19,baseline,Tratamiento,5
561,2025-03-20,baseline,Tratamiento,4
561,2025-03-21,baseline,Tratamiento,3
561,2025-03-24,baseline,Tratamiento,7
561,2025-03-25,baseline,Tratamiento,5
561,2025-03-26,baseline,Tratamiento,3
561,2025-03-27,baseline,Tratamiento,5
561,2025-03-28,baseline,Tratamiento,5
561,2025-03-31,intervencion,Tratamiento,4
561,2025-04-01,intervencion,Tratamiento,6
561,2025-04-02,intervencion,Tratamiento,3
561,2025-04-03,intervencion,Tratamiento,4
561,2025-04-04,intervencion,Tratamiento,5
561,2025-04-07,intervencion,Tratamiento,6
561,2025-04-08,intervencion,Tratamiento,7
561,2025-04-09,intervencion,Tratamiento,5
561,2025-04-10,intervencion,Tratamiento,5
561,2025-04-11,intervencion,Tratamiento,7
561,2025-04-14,intervencion,Tratamiento,5
561,2025-04-15,intervencion,Tratamiento,5
561,2025-04-16,intervencion,Tratamiento,4
561,2025-04-17,intervencion,Tratamiento,7
561,2025-04-18,intervencion,Tratamiento,4
561,2025-04-21,intervencion,Tratamiento,5
561,2025-04-22,intervencion,Tratamiento,5
561,2025-04-23,intervencion,Tratamiento,5
561,2025-04-24,intervencion,Tratamiento,5
561,2025-04-25,intervencion,Tratamiento,5
562,2025-03-03,baseline,Tratamiento,6
562,2025-03-04,baseline,Tratamiento,7
562,2025-03-05,baseline,Tratamiento,4
562,2025-03-06,baseline,Tratamiento,4
562,2025-03-07,baseline,Tratamiento,4
562,2025-03-10,baseline,Tratamiento,7
562,2025-03-11,baseline,Tratamiento,5
562,2025-03-12,baseline,Tratamiento,6
562,2025-03-13,baseline,Tratamiento,5
562,2025-03-14,baseline,Tratamiento,7
562,2025-03-17,baseline,Tratamiento,4
562,2025-03-18,baseline,Tratamiento,4
562,2025-03-19,baseline,Tratamiento,6
562,2025-03-20,baseline,Tratamiento,5
562,2025-03-21,baseline,Tratamiento,5
562,2025-03-24,baseline,Tratamiento,6
562,2025-03-25,baseline,Tratamiento,5
562,2025-03-26,baseline,Tratamiento,6
562,2025-03-27,baseline,Tratamiento,5
562,2025-03-28,baseline,Tratamiento,5
562,2025-03-31,intervencion,Tratamiento,5
562,2025-04-01,intervencion,Tratamiento,5
562,2025-04-02,intervencion,Tratamiento,5
562,2025-04-03,intervencion,Tratamiento,5
562,2025-04-04,intervencion,Tratamiento,5
562,2025-04-07,intervencion,Tratamiento,5
562,2025-04-08,intervencion,Tratamiento,5
562,2025-04-09,intervencion,Tratamiento,5
562,2025-04-10,intervencion,Tratamiento,5
562,2025-04-11,intervencion,Tratamiento,5
562,2025-04-14,intervencion,Tratamiento,4
562,2025-04-15,intervencion,Tratamiento,5
562,2025-04-16,intervencion,Tratamiento,3
562,2025-04-17,intervencion,Tratamiento,5
562,2025-04-18,intervencion,Tratamiento,4
562,2025-04-21,intervencion,Tratamiento,5
562,2025-04-22,intervencion,Tratamiento,4
562,2025-04-23,intervencion,Tratamiento,3
562,2025-04-24,intervencion,Tratamiento,7
562,2025-04-25,intervencion,Tratamiento,5
563,2025-03-03,baseline,Tratamiento,6
563,2025-03-04,baseline,Tratamiento,4
563,2025-03-05,baseline,Tratamiento,6
563,2025-03-06,baseline,Tratamiento,4
563,2025-03-07,baseline,Tratamiento,5
563,2025-03-10,baseline,Tratamiento,4
563,2025-03-11,baseline,Tratamiento,7
563,2025-03-12,baseline,Tratamiento,4
563,2025-03-13,baseline,Tratamiento,5
563,2025-03-14,baseline,Tratamiento,5
563,2025-03-17,baseline,Tratamiento,5
563,2025-03-18,baseline,Tratamiento,5
563,2025-03-19,baseline,Tratamiento,6
563,2025-03-20,baseline,Tratamiento,5
563,2025-03-21,baseline,Tratamiento,5
563,2025-03-24,baseline,Tratamiento,5
563,2025-03-25,baseline,Tratamiento,6
563,2025-03-26,baseline,Tratamiento,4
563,2025-03-27,baseline,Tratamiento,3
563,2025-03-28,baseline,Tratamiento,4
563,2025-03-31,intervencion,Tratamiento,4
563,2025-04-01,intervencion,Tratamiento,4
563,2025-04-02,intervencion,Tratamiento,4
563,2025-04-03,intervencion,Tratamiento,5
563,2025-04-04,intervencion,Tratamiento,5
563,2025-04-07,intervencion,Tratamiento,5
563,2025-04-08,intervencion,Tratamiento,4
563,2025-04-09,intervencion,Tratamiento,6
563,2025-04-10,intervencion,Tratamiento,5
563,2025-04-11,intervencion,Tratamiento,6
563,2025-04-14,intervencion,Tratamiento,6
563,2025-04-15,intervencion,Tratamiento,5
563,2025-04-16,intervencion,Tratamiento,6
563,2025-04-17,intervencion,Tratamiento,5
563,2025-04-18,intervencion,Tratamiento,6
563,2025-04-21,intervencion,Tratamiento,6
563,2025-04-22,intervencion,Tratamiento,5
563,2025-04-23,intervencion,Tratamiento,5
563,2025-04-24,intervencion,Tratamiento,5
563,2025-04-25,intervencion,Tratamiento,4
564,2025-03-03,baseline,Control,3
564,2025-03-04,baseline,Control,4
564,2025-03-05,baseline,Control,5
564,2025-03-06,baseline,Control,6
564,2025-03-07,baseline,Control,5
564,2025-03-10,baseline,Control,4
564,2025-03-11,baseline,Control,4
564,2025-03-12,baseline,Control,4
564,2025-03-13,baseline,Control,4
564,2025-03-14,baseline,Control,3
564,2025-03-17,baseline,Control,3
564,2025-03-18,baseline,Control,6
564,2025-03-19,baseline,Control,6
564,2025-03-20,baseline,Control,5
564,2025-03-21,baseline,Control,5
564,2025-03-24,baseline,Control,3
564,2025-03-25,baseline,Control,4
564,2025-03-26,baseline,Control,5
564,2025-03-27,baseline,Control,5
564,2025-03-28,baseline,Control,5
564,2025-03-31,intervencion,Control,6
564,2025-04-01,intervencion,Control,6
564,2025-04-02,intervencion,Control,4
564,2025-04-03,intervencion,Control,7
564,2025-04-04,intervencion,Control,3
564,2025-04-07,intervencion,Control,4
564,2025-04-08,intervencion,Control,5
564,2025-04-09,intervencion,Control,5
564,2025-04-10,intervencion,Control,4
564,2025-04-11,intervencion,Control,4
564,2025-04-14,intervencion,Control,7
564,2025-04-15,intervencion,Control,4
564,2025-04-16,intervencion,Control,4
564,2025-04-17,intervencion,Control,6
564,2025-04-18,intervencion,Control,5
564,2025-04-21,intervencion,Control,6
564,2025-04-22,intervencion,Control,5
564,2025-04-23,intervencion,Control,3
564,2025-04-24,intervencion,Control,5
564,2025-04-25,intervencion,Control,3
565,2025-03-03,baseline,Control,5
565,2025-03-04,baseline,Control,5
565,2025-03-05,baseline,Control,6
565,2025-03-06,baseline,Control,5
565,2025-03-07,baseline,Control,5
565,2025-03-10,baseline,Control,4
565,2025-03-11,baseline,Control,5
565,2025-03-12,baseline,Control,5
565,2025-03-13,baseline,Control,4
565,2025-03-14,baseline,Control,5
565,2025-03-17,baseline,Control,6
565,2025-03-18,baseline,Control,5
565,2025-03-19,baseline,Control,4
565,2025-03-20,baseline,Control,5
565,2025-03-21,baseline,Control,5
565,2025-03-24,baseline,Control,4
565,2025-03-25,baseline,Control,4
565,2025-03-26,baseline,Control,5
565,2025-03-27,baseline,Control,5
565,2025-03-28,baseline,Control,7
565,2025-03-31,intervencion,Control,5
565,2025-04-01,intervencion,Control,4
565,2025-04-02,intervencion,Control,6
565,2025-04-03,intervencion,Control,6
565,2025-04-04,intervencion,Control,3
565,2025-04-07,intervencion,Control,4
565,2025-04-08,intervencion,Control,4
565,2025-04-09,intervencion,Control,5
565,2025-04-10,intervencion,Control,2
565,2025-04-11,intervencion,Control,4
565,2025-04-14,intervencion,Control,5
565,2025-04-15,intervencion,Control,2
565,2025-04-16,intervencion,Control,5
565,2025-04-17,intervencion,Control,5
565,2025-04-18,intervencion,Control,4
565,2025-04-21,intervencion,Control,4
565,2025-04-22,intervencion,Control,4
565,2025-04-23,intervencion,Control,2
565,2025-04-24,intervencion,Control,4
565,2025-04-25,intervencion,Control,5
566,2025-03-03,baseline,Control,4
566,2025-03-04,baseline,Control,5
566,2025-03-05,baseline,Control,5
566,2025-03-06,baseline,Control,5
566,2025-03-07,baseline,Control,4
566,2025-03-10,baseline,Control,5
566,2025-03-11,baseline,Control,6
566,2025-03-12,baseline,Control,4
566,2025-03-13,baseline,Control,5
566,2025-03-14,baseline,Control,5
566,2025-03-17,baseline,Control,5
566,2025-03-18,baseline,Control,6
566,2025-03-19,baseline,Control,4
566,2025-03-20,baseline,Control,4
566,2025-03-21,baseline,Control,4
566,2025-03-24,baseline,Control,5
566,2025-03-25,baseline,Control,4
566,2025-03-26,baseline,Control,4
566,2025-03-27,baseline,Control,6
566,2025-03-28,baseline,Control,6
566,2025-03-31,intervencion,Control,4
566,2025-04-01,intervencion,Control,3
566,2025-04-02,intervencion,Control,6
566,2025-04-03,intervencion,Control,5
566,2025-04-04,intervencion,Control,5
566,2025-04-07,intervencion,Control,5
566,2025-04-08,intervencion,Control,4
566,2025-04-09,intervencion,Control,4
566,2025-04-10,intervencion,Control,5
566,2025-04-11,intervencion,Control,4
566,2025-04-14,intervencion,Control,5
566,2025-04-15,intervencion,Control,5
566,2025-04-16,intervencion,Control,4
566,2025-04-17,intervencion,Control,6
566,2025-04-18,intervencion,Control,5
566,2025-04-21,intervencion,Control,5
566,2025-04-22,intervencion,Control,5
566,2025-04-23,intervencion,Control,3
566,2025-04-24,intervencion,Control,4
566,2025-04-25,intervencion,Control,3
567,2025-03-03,baseline,Control,5
567,2025-03-04,baseline,Control,5
567,2025-03-05,baseline,Control,5
567,2025-03-06,baseline,Control,6
567,2025-03-07,baseline,Control,3
567,2025-03-10,baseline,Control,4
567,2025-03-11,baseline,Control,5
567,2025-03-12,baseline,Control,5
567,2025-03-13,baseline,Control,3
567,2025-03-14,baseline,Control,6
567,2025-03-17,baseline,Control,6
567,2025-03-18,baseline,Control,5
567,2025-03-19,baseline,Control,3
567,2025-03-20,baseline,Control,5
567,2025-03-21,baseline,Control,5
567,2025-03-24,baseline,Control,4
567,2025-03-25,baseline,Control,6
567,2025-03-26,baseline,Control,4
567,2025-03-27,baseline,Control,6
567,2025-03-28,baseline,Control,5
567,2025-03-31,intervencion,Control,5
567,2025-04-01,intervencion,Control,5
567,2025-04-02,intervencion,Control,6
567,2025-04-03,intervencion,Control,5
567,2025-04-04,intervencion,Control,5
567,2025-04-07,intervencion,Control,4
567,2025-04-08,intervencion,Control,4
567,2025-04-09,intervencion,Control,2
567,2025-04-10,intervencion,Control,5
567,2025-04-11,intervencion,Control,4
567,2025-04-14,intervencion,Control,4
567,2025-04-15,intervencion,Control,6
567,2025-04-16,intervencion,Control,4
567,2025-04-17,intervencion,Control,6
567,2025-04-18,intervencion,Control,4
567,2025-04-21,intervencion,Control,4
567,2025-04-22,intervencion,Control,3
567,2025-04-23,intervencion,Control,5
567,2025-04-24,intervencion,Control,6
567,2025-04-25,intervencion,Control,4
568,2025-03-03,baseline,Control,4
568,2025-03-04,baseline,Control,6
568,2025-03-05,baseline,Control,3
568,2025-03-06,baseline,Control,6
568,2025-03-07,baseline,Control,4
568,2025-03-10,baseline,Control,5
568,2025-03-11,baseline,Control,6
568,2025-03-12,baseline,Control,5
568,2025-03-13,baseline,Control,4
568,2025-03-14,baseline,Control,6
568,2025-03-17,baseline,Control,5
568,2025-03-18,baseline,Control,7
568,2025-03-19,baseline,Control,3
568,2025-03-20,baseline,Control,3
568,2025-03-21,baseline,Control,5
568,2025-03-24,baseline,Control,5
568,2025-03-25,baseline,Control,5
568,2025-03-26,baseline,Control,4
568,2025-03-27,baseline,Control,5
568,2025-03-28,baseline,Control,5
568,2025-03-31,intervencion,Control,4
568,2025-04-01,intervencion,Control,5
568,2025-04-02,intervencion,Control,3
568,2025-04-03,intervencion,Control,5
568,2025-04-04,intervencion,Control,6
568,2025-04-07,intervencion,Control,3
568,2025-04-08,intervencion,Control,3
568,2025-04-09,intervencion,Control,6
568,2025-04-10,intervencion,Control,3
568,2025-04-11,intervencion,Control,5
568,2025-04-14,intervencion,Control,5
568,2025-04-15,intervencion,Control,4
568,2025-04-16,intervencion,Control,6
568,2025-04-17,intervencion,Control,5
568,2025-04-18,intervencion,Control,5
568,2025-04-21,intervencion,Control,3
568,2025-04-22,intervencion,Control,5
568,2025-04-23,intervencion,Control,4
568,2025-04-24,intervencion,Control,4
568,2025-04-25,intervencion,Control,5
569,2025-03-03,baseline,Tratamiento,6
569,2025-03-04,baseline,Tratamiento,4
569,2025-03-05,baseline,Tratamiento,3
569,2025-03-06,baseline,Tratamiento,6
569,2025-03-07,baseline,Tratamiento,5
569,2025-03-10,baseline,Tratamiento,5
569,2025-03-11,baseline,Tratamiento,6
569,2025-03-12,baseline,Tratamiento,6
569,2025-03-13,baseline,Tratamiento,4
569,2025-03-14,baseline,Tratamiento,3
569,2025-03-17,baseline,Tratamiento,5
569,2025-03-18,baseline,Tratamiento,4
569,2025-03-19,baseline,Tratamiento,4
569,2025-03-20,baseline,Tratamiento,4
569,2025-03-21,baseline,Tratamiento,5
569,2025-03-24,baseline,Tratamiento,5
569,2025-03-25,baseline,Tratamiento,4
569,2025-03-26,baseline,Tratamiento,3
569,2025-03-27,baseline,Tratamiento,6
569,2025-03-28,baseline,Tratamiento,5
569,2025-03-31,intervencion,Tratamiento,6
569,2025-04-01,intervencion,Tratamiento,3
569,2025-04-02,intervencion,Tratamiento,5
569,2025-04-03,intervencion,Tratamiento,4
569,2025-04-04,intervencion,Tratamiento,5
569,2025-04-07,intervencion,Tratamiento,6
569,2025-04-08,intervencion,Tratamiento,5
569,2025-04-09,intervencion,Tratamiento,5
569,2025-04-10,intervencion,Tratamiento,5
569,2025-04-11,intervencion,Tratamiento,4
569,2025-04-14,intervencion,Tratamiento,4
569,2025-04-15,intervencion,Tratamiento,6
569,2025-04-16,intervencion,Tratamiento,4
569,2025-04-17,intervencion,Tratamiento,6
569,2025-04-18,intervencion,Tratamiento,6
569,2025-04-21,intervencion,Tratamiento,6
569,2025-04-22,intervencion,Tratamiento,5
569,2025-04-23,intervencion,Tratamiento,5
569,2025-04-24,intervencion,Tratamiento,5
569,2025-04-25,intervencion,Tratamiento,6
570,2025-03-03,baseline,Tratamiento,3
570,2025-03-04,baseline,Tratamiento,6
570,2025-03-05,baseline,Tratamiento,4
570,2025-03-06,baseline,Tratamiento,5
570,2025-03-07,baseline,Tratamiento,5
570,2025-03-10,baseline,Tratamiento,5
570,2025-03-11,baseline,Tratamiento,3
570,2025-03-12,baseline,Tratamiento,5
570,2025-03-13,baseline,Tratamiento,5
570,2025-03-14,baseline,Tratamiento,3
570,2025-03-17,baseline,Tratamiento,3
570,2025-03-18,baseline,Tratamiento,5
570,2025-03-19,baseline,Tratamiento,5
570,2025-03-20,baseline,Tratamiento,5
570,2025-03-21,baseline,Tratamiento,4
570,2025-03-24,baseline,Tratamiento,5
570,2025-03-25,baseline,Tratamiento,4
570,2025-03-26,baseline,Tratamiento,4
570,2025-03-27,baseline,Tratamiento,3
570,2025-03-28,baseline,Tratamiento,4
570,2025-03-31,intervencion,Tratamiento,4
570,2025-04-01,intervencion,Tratamiento,6
570,2025-04-02,intervencion,Tratamiento,5
570,2025-04-03,intervencion,Tratamiento,4
570,2025-04-04,intervencion,Tratamiento,6
570,2025-04-07,intervencion,Tratamiento,4
570,2025-04-08,intervencion,Tratamiento,5
570,2025-04-09,intervencion,Tratamiento,4
570,2025-04-10,intervencion,Tratamiento,6
570,2025-04-11,intervencion,Tratamiento,6
570,2025-04-14,intervencion,Tratamiento,6
570,2025-04-15,intervencion,Tratamiento,5
570,2025-04-16,intervencion,Tratamiento,2
570,2025-04-17,intervencion,Tratamiento,5
570,2025-04-18,intervencion,Tratamiento,6
570,2025-04-21,intervencion,Tratamiento,5
570,2025-04-22,intervencion,Tratamiento,3
570,2025-04-23,intervencion,Tratamiento,5
570,2025-04-24,intervencion,Tratamiento,5
570,2025-04-25,intervencion,Tratamiento,4
571,2025-03-03,baseline,Control,4
571,2025-03-04,baseline,Control,4
571,2025-03-05,baseline,Control,5
571,2025-03-06,baseline,Control,5
571,2025-03-07,baseline,Control,4
571,2025-03-10,baseline,Control,5
571,2025-03-11,baseline,Control,4
571,2025-03-12,baseline,Control,6
571,2025-03-13,baseline,Control,5
571,2025-03-14,baseline,Control,4
571,2025-03-17,baseline,Control,5
571,2025-03-18,baseline,Control,6
571,2025-03-19,baseline,Control,4
571,2025-03-20,baseline,Control,5
571,2025-03-21,baseline,Control,6
571,2025-03-24,baseline,Control,4
571,2025-03-25,baseline,Control,6
571,2025-03-26,baseline,Control,6
571,2025-03-27,baseline,Control,5
571,2025-03-28,baseline,Control,4
571,2025-03-31,intervencion,Control,5
571,2025-04-01,intervencion,Control,4
571,2025-04-02,intervencion,Control,4
571,2025-04-03,intervencion,Control,5
571,2025-04-04,intervencion,Control,4
571,2025-04-07,intervencion,Control,4
571,2025-04-08,intervencion,Control,4
571,2025-04-09,intervencion,Control,3
571,2025-04-10,intervencion,Control,5
571,2025-04-11,intervencion,Control,4
571,2025-04-14,intervencion,Control,6
571,2025-04-15,intervencion,Control,4
571,2025-04-16,intervencion,Control,4
571,2025-04-17,intervencion,Control,4
571,2025-04-18,intervencion,Control,5
571,2025-04-21,intervencion,Control,5
571,2025-04-22,intervencion,Control,5
571,2025-04-23,intervencion,Control,5
571,2025-04-24,intervencion,Control,6
571,2025-04-25,intervencion,Control,5
572,2025-03-03,baseline,Tratamiento,4
572,2025-03-04,baseline,Tratamiento,4
572,2025-03-05,baseline,Tratamiento,5
572,2025-03-06,baseline,Tratamiento,4
572,2025-03-07,baseline,Tratamiento,5
572,2025-03-10,baseline,Tratamiento,5
572,2025-03-11,baseline,Tratamiento,5
572,2025-03-12,baseline,Tratamiento,4
572,2025-03-13,baseline,Tratamiento,5
572,2025-03-14,baseline,Tratamiento,5
572,2025-03-17,baseline,Tratamiento,4
572,2025-03-18,baseline,Tratamiento,4
572,2025-03-19,baseline,Tratamiento,5
572,2025-03-20,baseline,Tratamiento,4
572,2025-03-21,baseline,Tratamiento,5
572,2025-03-24,baseline,Tratamiento,6
572,2025-03-25,baseline,Tratamiento,5
572,2025-03-26,baseline,Tratamiento,5
572,2025-03-27,baseline,Tratamiento,5
572,2025-03-28,baseline,Tratamiento,4
572,2025-03-31,intervencion,Tratamiento,4
572,2025-04-01,intervencion,Tratamiento,4
572,2025-04-02,intervencion,Tratamiento,5
572,2025-04-03,intervencion,Tratamiento,6
572,2025-04-04,intervencion,Tratamiento,5
572,2025-04-07,intervencion,Tratamiento,4
572,2025-04-08,intervencion,Tratamiento,5
572,2025-04-09,intervencion,Tratamiento,6
572,2025-04-10,intervencion,Tratamiento,6
572,2025-04-11,intervencion,Tratamiento,5
572,2025-04-14,intervencion,Tratamiento,7
572,2025-04-15,intervencion,Tratamiento,7
572,2025-04-16,intervencion,Tratamiento,5
572,2025-04-17,intervencion,Tratamiento,5
572,2025-04-18,intervencion,Tratamiento,6
572,2025-04-21,intervencion,Tratamiento,4
572,2025-04-22,intervencion,Tratamiento,6
572,2025-04-23,intervencion,Tratamiento,5
572,2025-04-24,intervencion,Tratamiento,5
572,2025-04-25,intervencion,Tratamiento,4
573,2025-03-03,baseline,Control,4
573,2025-03-04,baseline,Control,3
573,2025-03-05,baseline,Control,6
573,2025-03-06,baseline,Control,5
573,2025-03-07,baseline,Control,5
573,2025-03-10,baseline,Control,5
573,2025-03-11,baseline,Control,3
573,2025-03-12,baseline,Control,4
573,2025-03-13,baseline,Control,4
573,2025-03-14,baseline,Control,4
573,2025-03-17,baseline,Control,3
573,2025-03-18,baseline,Control,4
573,2025-03-19,baseline,Control,5
573,2025-03-20,baseline,Control,5
573,2025-03-21,baseline,Control,5
573,2025-03-24,baseline,Control,6
573,2025-03-25,baseline,Control,5
573,2025-03-26,baseline,Control,4
573,2025-03-27,baseline,Control,6
573,2025-03-28,baseline,Control,3
573,2025-03-31,intervencion,Control,3
573,2025-04-01,intervencion,Control,4
573,2025-04-02,intervencion,Control,5
573,2025-04-03,intervencion,Control,5
573,2025-04-04,intervencion,Control,4
573,2025-04-07,intervencion,Control,4
573,2025-04-08,intervencion,Control,3
573,2025-04-09,intervencion,Control,3
573,2025-04-10,intervencion,Control,6
573,2025-04-11,intervencion,Control,4
573,2025-04-14,intervencion,Control,6
573,2025-04-15,intervencion,Control,4
573,2025-04-16,intervencion,Control,5
573,2025-04-17,intervencion,Control,5
573,2025-04-18,intervencion,Control,5
573,2025-04-21,intervencion,Control,5
573,2025-04-22,intervencion,Control,5
573,2025-04-23,intervencion,Control,5
573,2025-04-24,intervencion,Control,4
573,2025-04-25,intervencion,Control,5
574,2025-03-03,baseline,Tratamiento,5
574,2025-03-04,baseline,Tratamiento,4
574,2025-03-05,baseline,Tratamiento,5
574,2025-03-06,baseline,Tratamiento,5
574,2025-03-07,baseline,Tratamiento,4
574,2025-03-10,baseline,Tratamiento,4
574,2025-03-11,baseline,Tratamiento,3
574,2025-03-12,baseline,Tratamiento,3
574,2025-03-13,baseline,Tratamiento,4
574,2025-03-14,baseline,Tratamiento,5
574,2025-03-17,baseline,Tratamiento,4
574,2025-03-18,baseline,Tratamiento,6
574,2025-03-19,baseline,Tratamiento,4
574,2025-03-20,baseline,Tratamiento,4
574,2025-03-21,baseline,Tratamiento,4
574,2025-03-24,baseline,Tratamiento,5
574,2025-03-25,baseline,Tratamiento,4
574,2025-03-26,baseline,Tratamiento,4
574,2025-03-27,baseline,Tratamiento,4
574,2025-03-28,baseline,Tratamiento,4
574,2025-03-31,intervencion,Tratamiento,5
574,2025-04-01,intervencion,Tratamiento,5
574,2025-04-02,intervencion,Tratamiento,6
574,2025-04-03,intervencion,Tratamiento,5
574,2025-04-04,intervencion,Tratamiento,5
574,2025-04-07,intervencion,Tratamiento,5
574,2025-04-08,intervencion,Tratamiento,6
574,2025-04-09,intervencion,Tratamiento,5
574,2025-04-10,intervencion,Tratamiento,5
574,2025-04-11,intervencion,Tratamiento,6
574,2025-04-14,intervencion,Tratamiento,5
574,2025-04-15,intervencion,Tratamiento,5
574,2025-04-16,intervencion,Tratamiento,7
574,2025-04-17,intervencion,Tratamiento,4
574,2025-04-18,intervencion,Tratamiento,6
574,2025-04-21,intervencion,Tratamiento,5
574,2025-04-22,intervencion,Tratamiento,6
574,2025-04-23,intervencion,Tratamiento,6
574,2025-04-24,intervencion,Tratamiento,5
574,2025-04-25,intervencion,Tratamiento,5
575,2025-03-03,baseline,Tratamiento,4
575,2025-03-04,baseline,Tratamiento,4
575,2025-03-05,baseline,Tratamiento,5
575,2025-03-06,baseline,Tratamiento,4
575,2025-03-07,baseline,Tratamiento,5
575,2025-03-10,baseline,Tratamiento,3
575,2025-03-11,baseline,Tratamiento,5
575,2025-03-12,baseline,Tratamiento,6
575,2025-03-13,baseline,Tratamiento,5
575,2025-03-14,baseline,Tratamiento,5
575,2025-03-17,baseline,Tratamiento,7
575,2025-03-18,baseline,Tratamiento,4
575,2025-03-19,baseline,Tratamiento,5
575,2025-03-20,baseline,Tratamiento,3
575,2025-03-21,baseline,Tratamiento,4
575,2025-03-24,baseline,Tratamiento,6
575,2025-03-25,baseline,Tratamiento,4
575,2025-03-26,baseline,Tratamiento,3
575,2025-03-27,baseline,Tratamiento,5
575,2025-03-28,baseline,Tratamiento,5
575,2025-03-31,intervencion,Tratamiento,6
575,2025-04-01,intervencion,Tratamiento,5
575,2025-04-02,intervencion,Tratamiento,4
575,2025-04-03,intervencion,Tratamiento,5
575,2025-04-04,intervencion,Tratamiento,5
575,2025-04-07,intervencion,Tratamiento,5
575,2025-04-08,intervencion,Tratamiento,5
575,2025-04-09,intervencion,Tratamiento,4
575,2025-04-10,intervencion,Tratamiento,5
575,2025-04-11,intervencion,Tratamiento,5
575,2025-04-14,intervencion,Tratamiento,4
575,2025-04-15,intervencion,Tratamiento,5
575,2025-04-16,intervencion,Tratamiento,5
575,2025-04-17,intervencion,Tratamiento,6
575,2025-04-18,intervencion,Tratamiento,6
575,2025-04-21,intervencion,Tratamiento,5
575,2025-04-22,intervencion,Tratamiento,3
575,2025-04-23,intervencion,Tratamiento,4
575,2025-04-24,intervencion,Tratamiento,4
575,2025-04-25,intervencion,Tratamiento,4
576,2025-03-03,baseline,Tratamiento,4
576,2025-03-04,baseline,Tratamiento,5
576,2025-03-05,baseline,Tratamiento,5
576,2025-03-06,baseline,Tratamiento,4
576,2025-03-07,baseline,Tratamiento,5
576,2025-03-10,baseline,Tratamiento,5
576,2025-03-11,baseline,Tratamiento,5
576,2025-03-12,baseline,Tratamiento,6
576,2025-03-13,baseline,Tratamiento,4
576,2025-03-14,baseline,Tratamiento,5
576,2025-03-17,baseline,Tratamiento,4
576,2025-03-18,baseline,Tratamiento,4
576,2025-03-19,baseline,Tratamiento,3
576,2025-03-20,baseline,Tratamiento,4
576,2025-03-21,baseline,Tratamiento,5
576,2025-03-24,baseline,Tratamiento,4
576,2025-03-25,baseline,Tratamiento,4
576,2025-03-26,baseline,Tratamiento,4
576,2025-03-27,baseline,Tratamiento,6
576,2025-03-28,baseline,Tratamiento,4
576,2025-03-31,intervencion,Tratamiento,4
576,2025-04-01,intervencion,Tratamiento,4
576,2025-04-02,intervencion,Tratamiento,5
576,2025-04-03,intervencion,Tratamiento,5
576,2025-04-04,intervencion,Tratamiento,6
576,2025-04-07,intervencion,Tratamiento,6
576,2025-04-08,intervencion,Tratamiento,5
576,2025-04-09,intervencion,Tratamiento,5
576,2025-04-10,intervencion,Tratamiento,6
576,2025-04-11,intervencion,Tratamiento,2
576,2025-04-14,intervencion,Tratamiento,5
576,2025-04-15,intervencion,Tratamiento,5
576,2025-04-16,intervencion,Tratamiento,7
576,2025-04-17,intervencion,Tratamiento,3
576,2025-04-18,intervencion,Tratamiento,5
576,2025-04-21,intervencion,Tratamiento,4
576,2025-04-22,intervencion,Tratamiento,3
576,2025-04-23,intervencion,Tratamiento,5
576,2025-04-24,intervencion,Tratamiento,6
576,2025-04-25,intervencion,Tratamiento,6
577,2025-03-03,baseline,Control,4
577,2025-03-04,baseline,Control,5
577,2025-03-05,baseline,Control,4
577,2025-03-06,baseline,Control,5
577,2025-03-07,baseline,Control,6
577,2025-03-10,baseline,Control,4
577,2025-03-11,baseline,Control,6
577,2025-03-12,baseline,Control,4
577,2025-03-13,baseline,Control,5
577,2025-03-14,baseline,Control,6
577,2025-03-17,baseline,Control,5
577,2025-03-18,baseline,Control,4
577,2025-03-19,baseline,Control,4
577,2025-03-20,baseline,Control,5
577,2025-03-21,baseline,Control,5
577,2025-03-24,baseline,Control,5
577,2025-03-25,baseline,Control,6
577,2025-03-26,baseline,Control,3
577,2025-03-27,baseline,Control,4
577,2025-03-28,baseline,Control,3
577,2025-03-31,intervencion,Control,5
577,2025-04-01,intervencion,Control,5
577,2025-04-02,intervencion,Control,7
577,2025-04-03,intervencion,Control,6
577,2025-04-04,intervencion,Control,5
577,2025-04-07,intervencion,Control,5
577,2025-04-08,intervencion,Control,4
577,2025-04-09,intervencion,Control,5
577,2025-04-10,intervencion,Control,5
577,2025-04-11,intervencion,Control,3
577,2025-04-14,intervencion,Control,5
577,2025-04-15,intervencion,Control,5
577,2025-04-16,intervencion,Control,6
577,2025-04-17,intervencion,Control,4
577,2025-04-18,intervencion,Control,4
577,2025-04-21,intervencion,Control,5
577,2025-04-22,intervencion,Control,5
577,2025-04-23,intervencion,Control,4
577,2025-04-24,intervencion,Control,3
577,2025-04-25,intervencion,Control,4
578,2025-03-03,baseline,Tratamiento,4
578,2025-03-04,baseline,Tratamiento,4
578,2025-03-05,baseline,Tratamiento,5
578,2025-03-06,baseline,Tratamiento,4
578,2025-03-07,baseline,Tratamiento,4
578,2025-03-10,baseline,Tratamiento,5
578,2025-03-11,baseline,Tratamiento,4
578,2025-03-12,baseline,Tratamiento,7
578,2025-03-13,baseline,Tratamiento,5
578,2025-03-14,baseline,Tratamiento,3
578,2025-03-17,baseline,Tratamiento,4
578,2025-03-18,baseline,Tratamiento,4
578,2025-03-19,baseline,Tratamiento,4
578,2025-03-20,baseline,Tratamiento,5
578,2025-03-21,baseline,Tratamiento,4
578,2025-03-24,baseline,Tratamiento,4
578,2025-03-25,baseline,Tratamiento,6
578,2025-03-26,baseline,Tratamiento,4
578,2025-03-27,baseline,Tratamiento,5
578,2025-03-28,baseline,Tratamiento,3
578,2025-03-31,intervencion,Tratamiento,5
578,2025-04-01,intervencion,Tratamiento,4
578,2025-04-02,intervencion,Tratamiento,5
578,2025-04-03,intervencion,Tratamiento,4
578,2025-04-04,intervencion,Tratamiento,7
578,2025-04-07,intervencion,Tratamiento,3
578,2025-04-08,intervencion,Tratamiento,6
578,2025-04-09,intervencion,Tratamiento,6
578,2025-04-10,intervencion,Tratamiento,5
578,2025-04-11,intervencion,Tratamiento,5
578,2025-04-14,intervencion,Tratamiento,7
578,2025-04-15,intervencion,Tratamiento,7
578,2025-04-16,intervencion,Tratamiento,5
578,2025-04-17,intervencion,Tratamiento,5
578,2025-04-18,intervencion,Tratamiento,4
578,2025-04-21,intervencion,Tratamiento,4
578,2025-04-22,intervencion,Tratamiento,5
578,2025-04-23,intervencion,Tratamiento,5
578,2025-04-24,intervencion,Tratamiento,4
578,2025-04-25,intervencion,Tratamiento,5
579,2025-03-03,baseline,Control,5
579,2025-03-04,baseline,Control,4
579,2025-03-05,baseline,Control,4
579,2025-03-06,baseline,Control,5
579,2025-03-07,baseline,Control,6
579,2025-03-10,baseline,Control,5
579,2025-03-11,baseline,Control,5
579,2025-03-12,baseline,Control,4
579,2025-03-13,baseline,Control,4
579,2025-03-14,baseline,Control,5
579,2025-03-17,baseline,Control,3
579,2025-03-18,baseline,Control,5
579,2025-03-19,baseline,Control,5
579,2025-03-20,baseline,Control,5
579,2025-03-21,baseline,Control,5
579,2025-03-24,baseline,Control,5
579,2025-03-25,baseline,Control,4
579,2025-03-26,baseline,Control,4
579,2025-03-27,baseline,Control,5
579,2025-03-28,baseline,Control,6
579,2025-03-31,intervencion,Control,6
579,2025-04-01,intervencion,Control,4
579,2025-04-02,intervencion,Control,4
579,2025-04-03,intervencion,Control,4
579,2025-04-04,intervencion,Control,4
579,2025-04-07,intervencion,Control,5
579,2025-04-08,intervencion,Control,6
579,2025-04-09,intervencion,Control,7
579,2025-04-10,intervencion,Control,4
579,2025-04-11,intervencion,Control,5
579,2025-04-14,intervencion,Control,5
579,2025-04-15,intervencion,Control,4
579,2025-04-16,intervencion,Control,4
579,2025-04-17,intervencion,Control,5
579,2025-04-18,intervencion,Control,7
579,2025-04-21,intervencion,Control,5
579,2025-04-22,intervencion,Control,4
579,2025-04-23,intervencion,Control,4
579,2025-04-24,intervencion,Control,4
579,2025-04-25,intervencion,Control,5
580,2025-03-03,baseline,Tratamiento,5
580,2025-03-04,baseline,Tratamiento,4
580,2025-03-05,baseline,Tratamiento,2
580,2025-03-06,baseline,Tratamiento,5
580,2025-03-07,baseline,Tratamiento,4
580,2025-03-10,baseline,Tratamiento,4
580,2025-03-11,baseline,Tratamiento,4
580,2025-03-12,baseline,Tratamiento,5
580,2025-03-13,baseline,Tratamiento,4
580,2025-03-14,baseline,Tratamiento,5
580,2025-03-17,baseline,Tratamiento,5
580,2025-03-18,baseline,Tratamiento,4
580,2025-03-19,baseline,Tratamiento,4
580,2025-03-20,baseline,Tratamiento,5
580,2025-03-21,baseline,Tratamiento,4
580,2025-03-24,baseline,Tratamiento,3
580,2025-03-25,baseline,Tratamiento,6
580,2025-03-26,baseline,Tratamiento,5
580,2025-03-27,baseline,Tratamiento,4
580,2025-03-28,baseline,Tratamiento,3
580,2025-03-31,intervencion,Tratamiento,5
580,2025-04-01,intervencion,Tratamiento,4
580,2025-04-02,intervencion,Tratamiento,5
580,2025-04-03,intervencion,Tratamiento,3
580,2025-04-04,intervencion,Tratamiento,5
580,2025-04-07,intervencion,Tratamiento,5
580,2025-04-08,intervencion,Tratamiento,5
580,2025-04-09,intervencion,Tratamiento,5
580,2025-04-10,intervencion,Tratamiento,5
580,2025-04-11,intervencion,Tratamiento,6
580,2025-04-14,intervencion,Tratamiento,4
580,2025-04-15,intervencion,Tratamiento,4
580,2025-04-16,intervencion,Tratamiento,3
580,2025-04-17,intervencion,Tratamiento,4
580,2025-04-18,intervencion,Tratamiento,4
580,2025-04-21,intervencion,Tratamiento,6
580,2025-04-22,intervencion,Tratamiento,5
580,2025-04-23,intervencion,Tratamiento,6
580,2025-04-24,intervencion,Tratamiento,6
580,2025-04-25,intervencion,Tratamiento,4
581,2025-03-03,baseline,Tratamiento,4
581,2025-03-04,baseline,Tratamiento,6
581,2025-03-05,baseline,Tratamiento,5
581,2025-03-06,baseline,Tratamiento,5
581,2025-03-07,baseline,Tratamiento,6
581,2025-03-10,baseline,Tratamiento,5
581,2025-03-11,baseline,Tratamiento,5
581,2025-03-12,baseline,Tratamiento,6
581,2025-03-13,baseline,Tratamiento,5
581,2025-03-14,baseline,Tratamiento,5
581,2025-03-17,baseline,Tratamiento,4
581,2025-03-18,baseline,Tratamiento,6
581,2025-03-19,baseline,Tratamiento,4
581,2025-03-20,baseline,Tratamiento,3
581,2025-03-21,baseline,Tratamiento,5
581,2025-03-24,baseline,Tratamiento,4
581,2025-03-25,baseline,Tratamiento,4
581,2025-03-26,baseline,Tratamiento,6
581,2025-03-27,baseline,Tratamiento,5
581,2025-03-28,baseline,Tratamiento,4
581,2025-03-31,intervencion,Tratamiento,2
581,2025-04-01,intervencion,Tratamiento,5
581,2025-04-02,intervencion,Tratamiento,6
581,2025-04-03,intervencion,Tratamiento,5
581,2025-04-04,intervencion,Tratamiento,5
581,2025-04-07,intervencion,Tratamiento,5
581,2025-04-08,intervencion,Tratamiento,5
581,2025-04-09,intervencion,Tratamiento,4
581,2025-04-10,intervencion,Tratamiento,4
581,2025-04-11,intervencion,Tratamiento,5
581,2025-04-14,intervencion,Tratamiento,5
581,2025-04-15,intervencion,Tratamiento,6
581,2025-04-16,intervencion,Tratamiento,4
581,2025-04-17,intervencion,Tratamiento,3
581,2025-04-18,intervencion,Tratamiento,5
581,2025-04-21,intervencion,Tratamiento,4
581,2025-04-22,intervencion,Tratamiento,5
581,2025-04-23,intervencion,Tratamiento,4
581,2025-04-24,intervencion,Tratamiento,6
581,2025-04-25,intervencion,Tratamiento,4
582,2025-03-03,baseline,Control,6
582,2025-03-04,baseline,Control,5
582,2025-03-05,baseline,Control,4
582,2025-03-06,baseline,Control,6
582,2025-03-07,baseline,Control,5
582,2025-03-10,baseline,Control,5
582,2025-03-11,baseline,Control,5
582,2025-03-12,baseline,Control,5
582,2025-03-13,baseline,Control,5
582,2025-03-14,baseline,Control,4
582,2025-03-17,baseline,Control,4
582,2025-03-18,baseline,Control,5
582,2025-03-19,baseline,Control,5
582,2025-03-20,baseline,Control,5
582,2025-03-21,baseline,Control,5
582,2025-03-24,baseline,Control,4
582,2025-03-25,baseline,Control,4
582,2025-03-26,baseline,Control,4
582,2025-03-27,baseline,Control,5
582,2025-03-28,baseline,Control,4
582,2025-03-31,intervencion,Control,4
582,2025-04-01,intervencion,Control,5
582,2025-04-02,intervencion,Control,5
582,2025-04-03,intervencion,Control,5
582,2025-04-04,intervencion,Control,4
582,2025-04-07,intervencion,Control,5
582,2025-04-08,intervencion,Control,4
582,2025-04-09,intervencion,Control,5
582,2025-04-10,intervencion,Control,6
582,2025-04-11,intervencion,Control,5
582,2025-04-14,intervencion,Control,4
582,2025-04-15,intervencion,Control,4
582,2025-04-16,intervencion,Control,6
582,2025-04-17,intervencion,Control,4
582,2025-04-18,intervencion,Control,5
582,2025-04-21,intervencion,Control,5
582,2025-04-22,intervencion,Control,5
582,2025-04-23,intervencion,Control,4
582,2025-04-24,intervencion,Control,4
582,2025-04-25,intervencion,Control,5
583,2025-03-03,baseline,Tratamiento,5
583,2025-03-04,baseline,Tratamiento,6
583,2025-03-05,baseline,Tratamiento,3
583,2025-03-06,baseline,Tratamiento,6
583,2025-03-07,baseline,Tratamiento,4
583,2025-03-10,baseline,Tratamiento,5
583,2025-03-11,baseline,Tratamiento,4
583,2025-03-12,baseline,Tratamiento,3
583,2025-03-13,baseline,Tratamiento,3
583,2025-03-14,baseline,Tratamiento,4
583,2025-03-17,baseline,Tratamiento,5
583,2025-03-18,baseline,Tratamiento,5
583,2025-03-19,baseline,Tratamiento,4
583,2025-03-20,baseline,Tratamiento,6
583,2025-03-21,baseline,Tratamiento,5
583,2025-03-24,baseline,Tratamiento,5
583,2025-03-25,baseline,Tratamiento,7
583,2025-03-26,baseline,Tratamiento,5
583,2025-03-27,baseline,Tratamiento,4
583,2025-03-28,baseline,Tratamiento,5
583,2025-03-31,intervencion,Tratamiento,6
583,2025-04-01,intervencion,Tratamiento,5
583,2025-04-02,intervencion,Tratamiento,5
583,2025-04-03,intervencion,Tratamiento,6
583,2025-04-04,intervencion,Tratamiento,6
583,2025-04-07,intervencion,Tratamiento,5
583,2025-04-08,intervencion,Tratamiento,4
583,2025-04-09,intervencion,Tratamiento,5
583,2025-04-10,intervencion,Tratamiento,4
583,2025-04-11,intervencion,Tratamiento,6
583,2025-04-14,intervencion,Tratamiento,5
583,2025-04-15,intervencion,Tratamiento,7
583,2025-04-16,intervencion,Tratamiento,6
583,2025-04-17,intervencion,Tratamiento,4
583,2025-04-18,intervencion,Tratamiento,4
583,2025-04-21,intervencion,Tratamiento,3
583,2025-04-22,intervencion,Tratamiento,3
583,2025-04-23,intervencion,Tratamiento,5
583,2025-04-24,intervencion,Tratamiento,4
583,2025-04-25,intervencion,Tratamiento,6
584,2025-03-03,baseline,Tratamiento,6
584,2025-03-04,baseline,Tratamiento,4
584,2025-03-05,baseline,Tratamiento,4
584,2025-03-06,baseline,Tratamiento,6
584,2025-03-07,baseline,Tratamiento,6
584,2025-03-10,baseline,Tratamiento,4
584,2025-03-11,baseline,Tratamiento,4
584,2025-03-12,baseline,Tratamiento,4
584,2025-03-13,baseline,Tratamiento,5
584,2025-03-14,baseline,Tratamiento,4
584,2025-03-17,baseline,Tratamiento,5
584,2025-03-18,baseline,Tratamiento,6
584,2025-03-19,baseline,Tratamiento,3
584,2025-03-20,baseline,Tratamiento,4
584,2025-03-21,baseline,Tratamiento,3
584,2025-03-24,baseline,Tratamiento,4
584,2025-03-25,baseline,Tratamiento,4
584,2025-03-26,baseline,Tratamiento,4
584,2025-03-27,baseline,Tratamiento,5
584,2025-03-28,baseline,Tratamiento,5
584,2025-03-31,intervencion,Tratamiento,5
584,2025-04-01,intervencion,Tratamiento,5
584,2025-04-02,intervencion,Tratamiento,5
584,2025-04-03,intervencion,Tratamiento,5
584,2025-04-04,intervencion,Tratamiento,5
584,2025-04-07,intervencion,Tratamiento,5
584,2025-04-08,intervencion,Tratamiento,3
584,2025-04-09,intervencion,Tratamiento,5
584,2025-04-10,intervencion,Tratamiento,4
584,2025-04-11,intervencion,Tratamiento,5
584,2025-04-14,intervencion,Tratamiento,4
584,2025-04-15,intervencion,Tratamiento,5
584,2025-04-16,intervencion,Tratamiento,5
584,2025-04-17,intervencion,Tratamiento,5
584,2025-04-18,intervencion,Tratamiento,4
584,2025-04-21,intervencion,Tratamiento,5
584,2025-04-22,intervencion,Tratamiento,6
584,2025-04-23,intervencion,Tratamiento,5
584,2025-04-24,intervencion,Tratamiento,5
584,2025-04-25,intervencion,Tratamiento,3
585,2025-03-03,baseline,Tratamiento,4
585,2025-03-04,baseline,Tratamiento,5
585,2025-03-05,baseline,Tratamiento,5
585,2025-03-06,baseline,Tratamiento,4
585,2025-03-07,baseline,Tratamiento,7
585,2025-03-10,baseline,Tratamiento,5
585,2025-03-11,baseline,Tratamiento,3
585,2025-03-12,baseline,Tratamiento,6
585,2025-03-13,baseline,Tratamiento,3
585,2025-03-14,baseline,Tratamiento,5
585,2025-03-17,baseline,Tratamiento,4
585,2025-03-18,baseline,Tratamiento,3
585,2025-03-19,baseline,Tratamiento,5
585,2025-03-20,baseline,Tratamiento,4
585,2025-03-21,baseline,Tratamiento,6
585,2025-03-24,baseline,Tratamiento,4
585,2025-03-25,baseline,Tratamiento,3
585,2025-03-26,baseline,Tratamiento,4
585,2025-03-27,baseline,Tratamiento,7
585,2025-03-28,baseline,Tratamiento,5
585,2025-03-31,intervencion,Tratamiento,5
585,2025-04-01,intervencion,Tratamiento,5
585,2025-04-02,intervencion,Tratamiento,5
585,2025-04-03,intervencion,Tratamiento,7
585,2025-04-04,intervencion,Tratamiento,5
585,2025-04-07,intervencion,Tratamiento,5
585,2025-04-08,intervencion,Tratamiento,6
585,2025-04-09,intervencion,Tratamiento,4
585,2025-04-10,intervencion,Tratamiento,4
585,2025-04-11,intervencion,Tratamiento,5
585,2025-04-14,intervencion,Tratamiento,6
585,2025-04-15,intervencion,Tratamiento,4
585,2025-04-16,intervencion,Tratamiento,5
585,2025-04-17,intervencion,Tratamiento,5
585,2025-04-18,intervencion,Tratamiento,4
585,2025-04-21,intervencion,Tratamiento,4
585,2025-04-22,intervencion,Tratamiento,5
585,2025-04-23,intervencion,Tratamiento,4
585,2025-04-24,intervencion,Tratamiento,6
585,2025-04-25,intervencion,Tratamiento,5
586,2025-03-03,baseline,Control,5
586,2025-03-04,baseline,Control,5
586,2025-03-05,baseline,Control,4
586,2025-03-06,baseline,Control,4
586,2025-03-07,baseline,Control,5
586,2025-03-10,baseline,Control,4
586,2025-03-11,baseline,Control,5
586,2025-03-12,baseline,Control,4
586,2025-03-13,baseline,Control,5
586,2025-03-14,baseline,Control,5
586,2025-03-17,baseline,Control,3
586,2025-03-18,baseline,Control,5
586,2025-03-19,baseline,Control,3
586,2025-03-20,baseline,Control,3
586,2025-03-21,baseline,Control,4
586,2025-03-24,baseline,Control,7
586,2025-03-25,baseline,Control,5
586,2025-03-26,baseline,Control,6
586,2025-03-27,baseline,Control,5
586,2025-03-28,baseline,Control,5
586,2025-03-31,intervencion,Control,5
586,2025-04-01,intervencion,Control,4
586,2025-04-02,intervencion,Control,5
586,2025-04-03,intervencion,Control,6
586,2025-04-04,intervencion,Control,5
586,2025-04-07,intervencion,Control,6
586,2025-04-08,intervencion,Control,5
586,2025-04-09,intervencion,Control,6
586,2025-04-10,intervencion,Control,4
586,2025-04-11,intervencion,Control,7
586,2025-04-14,intervencion,Control,5
586,2025-04-15,intervencion,Control,4
586,2025-04-16,intervencion,Control,4
586,2025-04-17,intervencion,Control,4
586,2025-04-18,intervencion,Control,4
586,2025-04-21,intervencion,Control,5
586,2025-04-22,intervencion,Control,3
586,2025-04-23,intervencion,Control,6
586,2025-04-24,intervencion,Control,5
586,2025-04-25,intervencion,Control,5
587,2025-03-03,baseline,Control,4
587,2025-03-04,baseline,Control,4
587,2025-03-05,baseline,Control,3
587,2025-03-06,baseline,Control,6
587,2025-03-07,baseline,Control,3
587,2025-03-10,baseline,Control,3
587,2025-03-11,baseline,Control,6
587,2025-03-12,baseline,Control,5
587,2025-03-13,baseline,Control,5
587,2025-03-14,baseline,Control,5
587,2025-03-17,baseline,Control,5
587,2025-03-18,baseline,Control,5
587,2025-03-19,baseline,Control,3
587,2025-03-20,baseline,Control,5
587,2025-03-21,baseline,Control,5
587,2025-03-24,baseline,Control,6
587,2025-03-25,baseline,Control,3
587,2025-03-26,baseline,Control,4
587,2025-03-27,baseline,Control,5
587,2025-03-28,baseline,Control,4
587,2025-03-31,intervencion,Control,2
587,2025-04-01,intervencion,Control,5
587,2025-04-02,intervencion,Control,5
587,2025-04-03,intervencion,Control,4
587,2025-04-04,intervencion,Control,5
587,2025-04-07,intervencion,Control,5
587,2025-04-08,intervencion,Control,5
587,2025-04-09,intervencion,Control,5
587,2025-04-10,intervencion,Control,6
587,2025-04-11,intervencion,Control,4
587,2025-04-14,intervencion,Control,5
587,2025-04-15,intervencion,Control,4
587,2025-04-16,intervencion,Control,4
587,2025-04-17,intervencion,Control,6
587,2025-04-18,intervencion,Control,4
587,2025-04-21,intervencion,Control,4
587,2025-04-22,intervencion,Control,7
587,2025-04-23,intervencion,Control,6
587,2025-04-24,intervencion,Control,4
587,2025-04-25,intervencion,Control,4
588,2025-03-03,baseline,Tratamiento,4
588,2025-03-04,baseline,Tratamiento,6
588,2025-03-05,baseline,Tratamiento,4
588,2025-03-06,baseline,Tratamiento,4
588,2025-03-07,baseline,Tratamiento,5
588,2025-03-10,baseline,Tratamiento,3
588,2025-03-11,baseline,Tratamiento,4
588,2025-03-12,baseline,Tratamiento,5
588,2025-03-13,baseline,Tratamiento,5
588,2025-03-14,baseline,Tratamiento,3
588,2025-03-17,baseline,Tratamiento,5
588,2025-03-18,baseline,Tratamiento,5
588,2025-03-19,baseline,Tratamiento,4
588,2025-03-20,baseline,Tratamiento,6
588,2025-03-21,baseline,Tratamiento,5
588,2025-03-24,baseline,Tratamiento,4
588,2025-03-25,baseline,Tratamiento,6
588,2025-03-26,baseline,Tratamiento,4
588,2025-03-27,baseline,Tratamiento,5
588,2025-03-28,baseline,Tratamiento,4
588,2025-03-31,intervencion,Tratamiento,6
588,2025-04-01,intervencion,Tratamiento,5
588,2025-04-02,intervencion,Tratamiento,5
588,2025-04-03,intervencion,Tratamiento,5
588,2025-04-04,intervencion,Tratamiento,4
588,2025-04-07,intervencion,Tratamiento,6
588,2025-04-08,intervencion,Tratamiento,4
588,2025-04-09,intervencion,Tratamiento,5
588,2025-04-10,intervencion,Tratamiento,5
588,2025-04-11,intervencion,Tratamiento,5
588,2025-04-14,intervencion,Tratamiento,6
588,2025-04-15,intervencion,Tratamiento,4
588,2025-04-16,intervencion,Tratamiento,5
588,2025-04-17,intervencion,Tratamiento,4
588,2025-04-18,intervencion,Tratamiento,4
588,2025-04-21,intervencion,Tratamiento,4
588,2025-04-22,intervencion,Tratamiento,5
588,2025-04-23,intervencion,Tratamiento,4
588,2025-04-24,intervencion,Tratamiento,6
588,2025-04-25,intervencion,Tratamiento,5
589,2025-03-03,baseline,Control,5
589,2025-03-04,baseline,Control,4
589,2025-03-05,baseline,Control,5
589,2025-03-06,baseline,Control,6
589,2025-03-07,baseline,Control,5
589,2025-03-10,baseline,Control,3
589,2025-03-11,baseline,Control,4
589,2025-03-12,baseline,Control,5
589,2025-03-13,baseline,Control,4
589,2025-03-14,baseline,Control,7
589,2025-03-17,baseline,Control,4
589,2025-03-18,baseline,Control,5
589,2025-03-19,baseline,Control,4
589,2025-03-20,baseline,Control,5
589,2025-03-21,baseline,Control,6
589,2025-03-24,baseline,Control,5
589,2025-03-25,baseline,Control,4
589,2025-03-26,baseline,Control,4
589,2025-03-27,baseline,Control,6
589,2025-03-28,baseline,Control,4
589,2025-03-31,intervencion,Control,4
589,2025-04-01,intervencion,Control,2
589,2025-04-02,intervencion,Control,4
589,2025-04-03,intervencion,Control,4
589,2025-04-04,intervencion,Control,3
589,2025-04-07,intervencion,Control,5
589,2025-04-08,intervencion,Control,4
589,2025-04-09,intervencion,Control,6
589,2025-04-10,intervencion,Control,6
589,2025-04-11,intervencion,Control,4
589,2025-04-14,intervencion,Control,6
589,2025-04-15,intervencion,Control,6
589,2025-04-16,intervencion,Control,4
589,2025-04-17,intervencion,Control,4
589,2025-04-18,intervencion,Control,3
589,2025-04-21,intervencion,Control,5
589,2025-04-22,intervencion,Control,4
589,2025-04-23,intervencion,Control,5
589,2025-04-24,intervencion,Control,4
589,2025-04-25,intervencion,Control,4
590,2025-03-03,baseline,Control,4
590,2025-03-04,baseline,Control,3
590,2025-03-05,baseline,Control,4
590,2025-03-06,baseline,Control,4
590,2025-03-07,baseline,Control,5
590,2025-03-10,baseline,Control,5
590,2025-03-11,baseline,Control,4
590,2025-03-12,baseline,Control,6
590,2025-03-13,baseline,Control,4
590,2025-03-14,baseline,Control,6
590,2025-03-17,baseline,Control,5
590,2025-03-18,baseline,Control,5
590,2025-03-19,baseline,Control,4
590,2025-03-20,baseline,Control,5
590,2025-03-21,baseline,Control,5
590,2025-03-24,baseline,Control,5
590,2025-03-25,baseline,Control,6
590,2025-03-26,baseline,Control,4
590,2025-03-27,baseline,Control,5
590,2025-03-28,baseline,Control,5
590,2025-03-31,intervencion,Control,5
590,2025-04-01,intervencion,Control,4
590,2025-04-02,intervencion,Control,4
590,2025-04-03,intervencion,Control,4
590,2025-04-04,intervencion,Control,4
590,2025-04-07,intervencion,Control,4
590,2025-04-08,intervencion,Control,5
590,2025-04-09,intervencion,Control,4
590,2025-04-10,intervencion,Control,5
590,2025-04-11,intervencion,Control,5
590,2025-04-14,intervencion,Control,5
590,2025-04-15,intervencion,Control,4
590,2025-04-16,intervencion,Control,5
590,2025-04-17,intervencion,Control,4
590,2025-04-18,intervencion,Control,5
590,2025-04-21,intervencion,Control,4
590,2025-04-22,intervencion,Control,5
590,2025-04-23,intervencion,Control,3
590,2025-04-24,intervencion,Control,5
590,2025-04-25,intervencion,Control,4
591,2025-03-03,baseline,Control,4
591,2025-03-04,baseline,Control,4
591,2025-03-05,baseline,Control,4
591,2025-03-06,baseline,Control,4
591,2025-03-07,baseline,Control,6
591,2025-03-10,baseline,Control,4
591,2025-03-11,baseline,Control,3
591,2025-03-12,baseline,Control,5
591,2025-03-13,baseline,Control,4
591,2025-03-14,baseline,Control,5
591,2025-03-17,baseline,Control,4
591,2025-03-18,baseline,Control,4
591,2025-03-19,baseline,Control,6
591,2025-03-20,baseline,Control,5
591,2025-03-21,baseline,Control,3
591,2025-03-24,baseline,Control,4
591,2025-03-25,baseline,Control,3
591,2025-03-26,baseline,Control,7
591,2025-03-27,baseline,Control,4
591,2025-03-28,baseline,Control,6
591,2025-03-31,intervencion,Control,4
591,2025-04-01,intervencion,Control,4
591,2025-04-02,intervencion,Control,5
591,2025-04-03,intervencion,Control,4
591,2025-04-04,intervencion,Control,5
591,2025-04-07,intervencion,Control,5
591,2025-04-08,intervencion,Control,4
591,2025-04-09,intervencion,Control,3
591,2025-04-10,intervencion,Control,4
591,2025-04-11,intervencion,Control,3
591,2025-04-14,intervencion,Control,4
591,2025-04-15,intervencion,Control,5
591,2025-04-16,intervencion,Control,4
591,2025-04-17,intervencion,Control,3
591,2025-04-18,intervencion,Control,5
591,2025-04-21,intervencion,Control,4
591,2025-04-22,intervencion,Control,4
591,2025-04-23,intervencion,Control,4
591,2025-04-24,intervencion,Control,5
591,2025-04-25,intervencion,Control,4
592,2025-03-03,baseline,Control,4
592,2025-03-04,baseline,Control,3
592,2025-03-05,baseline,Control,5
592,2025-03-06,baseline,Control,5
592,2025-03-07,baseline,Control,4
592,2025-03-10,baseline,Control,6
592,2025-03-11,baseline,Control,5
592,2025-03-12,baseline,Control,4
592,2025-03-13,baseline,Control,5
592,2025-03-14,baseline,Control,7
592,2025-03-17,baseline,Control,5
592,2025-03-18,baseline,Control,3
592,2025-03-19,baseline,Control,5
592,2025-03-20,baseline,Control,4
592,2025-03-21,baseline,Control,3
592,2025-03-24,baseline,Control,6
592,2025-03-25,baseline,Control,6
592,2025-03-26,baseline,Control,4
592,2025-03-27,baseline,Control,4
592,2025-03-28,baseline,Control,5
592,2025-03-31,intervencion,Control,4
592,2025-04-01,intervencion,Control,4
592,2025-04-02,intervencion,Control,4
592,2025-04-03,intervencion,Control,4
592,2025-04-04,intervencion,Control,3
592,2025-04-07,intervencion,Control,5
592,2025-04-08,intervencion,Control,6
592,2025-04-09,intervencion,Control,5
592,2025-04-10,intervencion,Control,5
592,2025-04-11,intervencion,Control,5
592,2025-04-14,intervencion,Control,5
592,2025-04-15,intervencion,Control,6
592,2025-04-16,intervencion,Control,3
592,2025-04-17,intervencion,Control,5
592,2025-04-18,intervencion,Control,4
592,2025-04-21,intervencion,Control,4
592,2025-04-22,intervencion,Control,7
592,2025-04-23,intervencion,Control,7
592,2025-04-24,intervencion,Control,4
592,2025-04-25,intervencion,Control,5
593,2025-03-03,baseline,Control,4
593,2025-03-04,baseline,Control,4
593,2025-03-05,baseline,Control,4
593,2025-03-06,baseline,Control,3
593,2025-03-07,baseline,Control,6
593,2025-03-10,baseline,Control,5
593,2025-03-11,baseline,Control,5
593,2025-03-12,baseline,Control,4
593,2025-03-13,baseline,Control,5
593,2025-03-14,baseline,Control,3
593,2025-03-17,baseline,Control,4
593,2025-03-18,baseline,Control,4
593,2025-03-19,baseline,Control,6
593,2025-03-20,baseline,Control,3
593,2025-03-21,baseline,Control,4
593,2025-03-24,baseline,Control,3
593,2025-03-25,baseline,Control,4
593,2025-03-26,baseline,Control,4
593,2025-03-27,baseline,Control,5
593,2025-03-28,baseline,Control,4
593,2025-03-31,intervencion,Control,4
593,2025-04-01,intervencion,Control,5
593,2025-04-02,intervencion,Control,4
593,2025-04-03,intervencion,Control,7
593,2025-04-04,intervencion,Control,4
593,2025-04-07,intervencion,Control,5
593,2025-04-08,intervencion,Control,5
593,2025-04-09,intervencion,Control,4
593,2025-04-10,intervencion,Control,5
593,2025-04-11,intervencion,Control,4
593,2025-04-14,intervencion,Control,5
593,2025-04-15,intervencion,Control,5
593,2025-04-16,intervencion,Control,4
593,2025-04-17,intervencion,Control,4
593,2025-04-18,intervencion,Control,6
593,2025-04-21,intervencion,Control,5
593,2025-04-22,intervencion,Control,3
593,2025-04-23,intervencion,Control,4
593,2025-04-24,intervencion,Control,3
593,2025-04-25,intervencion,Control,5
594,2025-03-03,baseline,Control,5
594,2025-03-04,baseline,Control,5
594,2025-03-05,baseline,Control,4
594,2025-03-06,baseline,Control,4
594,2025-03-07,baseline,Control,5
594,2025-03-10,baseline,Control,6
594,2025-03-11,baseline,Control,5
594,2025-03-12,baseline,Control,3
594,2025-03-13,baseline,Control,4
594,2025-03-14,baseline,Control,5
594,2025-03-17,baseline,Control,4
594,2025-03-18,baseline,Control,3
594,2025-03-19,baseline,Control,3
594,2025-03-20,baseline,Control,6
594,2025-03-21,baseline,Control,4
594,2025-03-24,baseline,Control,5
594,2025-03-25,baseline,Control,4
594,2025-03-26,baseline,Control,4
594,2025-03-27,baseline,Control,4
594,2025-03-28,baseline,Control,5
594,2025-03-31,intervencion,Control,5
594,2025-04-01,intervencion,Control,4
594,2025-04-02,intervencion,Control,5
594,2025-04-03,intervencion,Control,3
594,2025-04-04,intervencion,Control,5
594,2025-04-07,intervencion,Control,4
594,2025-04-08,intervencion,Control,4
594,2025-04-09,intervencion,Control,5
594,2025-04-10,intervencion,Control,4
594,2025-04-11,intervencion,Control,4
594,2025-04-14,intervencion,Control,6
594,2025-04-15,intervencion,Control,4
594,2025-04-16,intervencion,Control,5
594,2025-04-17,intervencion,Control,5
594,2025-04-18,intervencion,Control,6
594,2025-04-21,intervencion,Control,7
594,2025-04-22,intervencion,Control,4
594,2025-04-23,intervencion,Control,4
594,2025-04-24,intervencion,Control,5
594,2025-04-25,intervencion,Control,5
595,2025-03-03,baseline,Control,4
595,2025-03-04,baseline,Control,5
595,2025-03-05,baseline,Control,7
595,2025-03-06,baseline,Control,5
595,2025-03-07,baseline,Control,5
595,2025-03-10,baseline,Control,6
595,2025-03-11,baseline,Control,7
595,2025-03-12,baseline,Control,5
595,2025-03-13,baseline,Control,6
595,2025-03-14,baseline,Control,4
595,2025-03-17,baseline,Control,5
595,2025-03-18,baseline,Control,4
595,2025-03-19,baseline,Control,3
595,2025-03-20,baseline,Control,3
595,2025-03-21,baseline,Control,5
595,2025-03-24,baseline,Control,5
595,2025-03-25,baseline,Control,4
595,2025-03-26,baseline,Control,6
595,2025-03-27,baseline,Control,4
595,2025-03-28,baseline,Control,5
595,2025-03-31,intervencion,Control,4
595,2025-04-01,intervencion,Control,5
595,2025-04-02,intervencion,Control,5
595,2025-04-03,intervencion,Control,5
595,2025-04-04,intervencion,Control,5
595,2025-04-07,intervencion,Control,5
595,2025-04-08,intervencion,Control,3
595,2025-04-09,intervencion,Control,6
595,2025-04-10,intervencion,Control,4
595,2025-04-11,intervencion,Control,5
595,2025-04-14,intervencion,Control,4
595,2025-04-15,intervencion,Control,5
595,2025-04-16,intervencion,Control,4
595,2025-04-17,intervencion,Control,4
595,2025-04-18,intervencion,Control,6
595,2025-04-21,intervencion,Control,3
595,2025-04-22,intervencion,Control,5
595,2025-04-23,intervencion,Control,4
595,2025-04-24,intervencion,Control,5
595,2025-04-25,intervencion,Control,4
596,2025-03-03,baseline,Control,5
596,2025-03-04,baseline,Control,3
596,2025-03-05,baseline,Control,6
596,2025-03-06,baseline,Control,5
596,2025-03-07,baseline,Control,5
596,2025-03-10,baseline,Control,5
596,2025-03-11,baseline,Control,3
596,2025-03-12,baseline,Control,4
596,2025-03-13,baseline,Control,5
596,2025-03-14,baseline,Control,3
596,2025-03-17,baseline,Control,3
596,2025-03-18,baseline,Control,4
596,2025-03-19,baseline,Control,4
596,2025-03-20,baseline,Control,4
596,2025-03-21,baseline,Control,5
596,2025-03-24,baseline,Control,5
596,2025-03-25,baseline,Control,6
596,2025-03-26,baseline,Control,5
596,2025-03-27,baseline,Control,5
596,2025-03-28,baseline,Control,5
596,2025-03-31,intervencion,Control,5
596,2025-04-01,intervencion,Control,5
596,2025-04-02,intervencion,Control,5
596,2025-04-03,intervencion,Control,5
596,2025-04-04,intervencion,Control,5
596,2025-04-07,intervencion,Control,6
596,2025-04-08,intervencion,Control,5
596,2025-04-09,intervencion,Control,4
596,2025-04-10,intervencion,Control,4
596,2025-04-11,intervencion,Control,5
596,2025-04-14,intervencion,Control,4
596,2025-04-15,intervencion,Control,4
596,2025-04-16,intervencion,Control,4
596,2025-04-17,intervencion,Control,5
596,2025-04-18,intervencion,Control,5
596,2025-04-21,intervencion,Control,3
596,2025-04-22,intervencion,Control,4
596,2025-04-23,intervencion,Control,6
596,2025-04-24,intervencion,Control,5
596,2025-04-25,intervencion,Control,5
597,2025-03-03,baseline,Tratamiento,4
597,2025-03-04,baseline,Tratamiento,5
597,2025-03-05,baseline,Tratamiento,5
597,2025-03-06,baseline,Tratamiento,4
597,2025-03-07,baseline,Tratamiento,4
597,2025-03-10,baseline,Tratamiento,4
597,2025-03-11,baseline,Tratamiento,3
597,2025-03-12,baseline,Tratamiento,3
597,2025-03-13,baseline,Tratamiento,4
597,2025-03-14,baseline,Tratamiento,4
597,2025-03-17,baseline,Tratamiento,4
597,2025-03-18,baseline,Tratamiento,3
597,2025-03-19,baseline,Tratamiento,5
597,2025-03-20,baseline,Tratamiento,6
597,2025-03-21,baseline,Tratamiento,6
597,2025-03-24,baseline,Tratamiento,6
597,2025-03-25,baseline,Tratamiento,5
597,2025-03-26,baseline,Tratamiento,5
597,2025-03-27,baseline,Tratamiento,5
597,2025-03-28,baseline,Tratamiento,4
597,2025-03-31,intervencion,Tratamiento,6
597,2025-04-01,intervencion,Tratamiento,6
597,2025-04-02,intervencion,Tratamiento,5
597,2025-04-03,intervencion,Tratamiento,5
597,2025-04-04,intervencion,Tratamiento,4
597,2025-04-07,intervencion,Tratamiento,4
597,2025-04-08,intervencion,Tratamiento,6
597,2025-04-09,intervencion,Tratamiento,5
597,2025-04-10,intervencion,Tratamiento,5
597,2025-04-11,intervencion,Tratamiento,5
597,2025-04-14,intervencion,Tratamiento,5
597,2025-04-15,intervencion,Tratamiento,3
597,2025-04-16,intervencion,Tratamiento,4
597,2025-04-17,intervencion,Tratamiento,4
597,2025-04-18,intervencion,Tratamiento,5
597,2025-04-21,intervencion,Tratamiento,6
597,2025-04-22,intervencion,Tratamiento,5
597,2025-04-23,intervencion,Tratamiento,4
597,2025-04-24,intervencion,Tratamiento,4
597,2025-04-25,intervencion,Tratamiento,4
598,2025-03-03,baseline,Control,6
598,2025-03-04,baseline,Control,5
598,2025-03-05,baseline,Control,5
598,2025-03-06,baseline,Control,3
598,2025-03-07,baseline,Control,4
598,2025-03-10,baseline,Control,5
598,2025-03-11,baseline,Control,4
598,2025-03-12,baseline,Control,5
598,2025-03-13,baseline,Control,5
598,2025-03-14,baseline,Control,5
598,2025-03-17,baseline,Control,3
598,2025-03-18,baseline,Control,4
598,2025-03-19,baseline,Control,5
598,2025-03-20,baseline,Control,4
598,2025-03-21,baseline,Control,4
598,2025-03-24,baseline,Control,5
598,2025-03-25,baseline,Control,4
598,2025-03-26,baseline,Control,5
598,2025-03-27,baseline,Control,5
598,2025-03-28,baseline,Control,5
598,2025-03-31,intervencion,Control,5
598,2025-04-01,intervencion,Control,3
598,2025-04-02,intervencion,Control,4
598,2025-04-03,intervencion,Control,5
598,2025-04-04,intervencion,Control,4
598,2025-04-07,intervencion,Control,4
598,2025-04-08,intervencion,Control,4
598,2025-04-09,intervencion,Control,5
598,2025-04-10,intervencion,Control,4
598,2025-04-11,intervencion,Control,6
598,2025-04-14,intervencion,Control,5
598,2025-04-15,intervencion,Control,4
598,2025-04-16,intervencion,Control,3
598,2025-04-17,intervencion,Control,5
598,2025-04-18,intervencion,Control,4
598,2025-04-21,intervencion,Control,7
598,2025-04-22,intervencion,Control,5
598,2025-04-23,intervencion,Control,5
598,2025-04-24,intervencion,Control,5
598,2025-04-25,intervencion,Control,6
599,2025-03-03,baseline,Tratamiento,2
599,2025-03-04,baseline,Tratamiento,4
599,2025-03-05,baseline,Tratamiento,6
599,2025-03-06,baseline,Tratamiento,6
599,2025-03-07,baseline,Tratamiento,3
599,2025-03-10,baseline,Tratamiento,3
599,2025-03-11,baseline,Tratamiento,5
599,2025-03-12,baseline,Tratamiento,5
599,2025-03-13,baseline,Tratamiento,5
599,2025-03-14,baseline,Tratamiento,5
599,2025-03-17,baseline,Tratamiento,3
599,2025-03-18,baseline,Tratamiento,4
599,2025-03-19,baseline,Tratamiento,4
599,2025-03-20,baseline,Tratamiento,4
599,2025-03-21,baseline,Tratamiento,3
599,2025-03-24,baseline,Tratamiento,5
599,2025-03-25,baseline,Tratamiento,5
599,2025-03-26,baseline,Tratamiento,4
599,2025-03-27,baseline,Tratamiento,4
599,2025-03-28,baseline,Tratamiento,4
599,2025-03-31,intervencion,Tratamiento,5
599,2025-04-01,intervencion,Tratamiento,5
599,2025-04-02,intervencion,Tratamiento,5
599,2025-04-03,intervencion,Tratamiento,6
599,2025-04-04,intervencion,Tratamiento,6
599,2025-04-07,intervencion,Tratamiento,5
599,2025-04-08,intervencion,Tratamiento,7
599,2025-04-09,intervencion,Tratamiento,6
599,2025-04-10,intervencion,Tratamiento,4
599,2025-04-11,intervencion,Tratamiento,5
599,2025-04-14,intervencion,Tratamiento,3
599,2025-04-15,intervencion,Tratamiento,5
599,2025-04-16,intervencion,Tratamiento,6
599,2025-04-17,intervencion,Tratamiento,7
599,2025-04-18,intervencion,Tratamiento,5
599,2025-04-21,intervencion,Tratamiento,5
599,2025-04-22,intervencion,Tratamiento,5
599,2025-04-23,intervencion,Tratamiento,7
599,2025-04-24,intervencion,Tratamiento,4
599,2025-04-25,intervencion,Tratamiento,7
600,2025-03-03,baseline,Tratamiento,4
600,2025-03-04,baseline,Tratamiento,4
600,2025-03-05,baseline,Tratamiento,4
600,2025-03-06,baseline,Tratamiento,4
600,2025-03-07,baseline,Tratamiento,5
600,2025-03-10,baseline,Tratamiento,3
600,2025-03-11,baseline,Tratamiento,5
600,2025-03-12,baseline,Tratamiento,5
600,2025-03-13,baseline,Tratamiento,6
600,2025-03-14,baseline,Tratamiento,5
600,2025-03-17,baseline,Tratamiento,6
600,2025-03-18,baseline,Tratamiento,4
600,2025-03-19,baseline,Tratamiento,5
600,2025-03-20,baseline,Tratamiento,3
600,2025-03-21,baseline,Tratamiento,4
600,2025-03-24,baseline,Tratamiento,5
600,2025-03-25,baseline,Tratamiento,5
600,2025-03-26,baseline,Tratamiento,3
600,2025-03-27,baseline,Tratamiento,4
600,2025-03-28,baseline,Tratamiento,4
600,2025-03-31,intervencion,Tratamiento,5
600,2025-04-01,intervencion,Tratamiento,6
600,2025-04-02,intervencion,Tratamiento,5
600,2025-04-03,intervencion,Tratamiento,5
600,2025-04-04,intervencion,Tratamiento,5
600,2025-04-07,intervencion,Tratamiento,6
600,2025-04-08,intervencion,Tratamiento,6
600,2025-04-09,intervencion,Tratamiento,5
600,2025-04-10,intervencion,Tratamiento,7
600,2025-04-11,intervencion,Tratamiento,4
600,2025-04-14,intervencion,Tratamiento,6
600,2025-04-15,intervencion,Tratamiento,4
600,2025-04-16,intervencion,Tratamiento,6
600,2025-04-17,intervencion,Tratamiento,6
600,2025-04-18,intervencion,Tratamiento,4
600,2025-04-21,intervencion,Tratamiento,5
600,2025-04-22,intervencion,Tratamiento,7
600,2025-04-23,intervencion,Tratamiento,4
600,2025-04-24,intervencion,Tratamiento,5
600,2025-04-25,intervencion,Tratamiento,5
